[19ago2025 19:07:34.120] [main/INFO] [cpw.mods.modlauncher.Launcher/MODLAUNCHER]: ModLauncher running: args [--launchTarget, forgeserver, --fml.forgeVersion, 47.4.0, --fml.mcVersion, 1.20.1, --fml.forgeGroup, net.minecraftforge, --fml.mcpVersion, 20230612.114412]
[19ago2025 19:07:34.130] [main/INFO] [cpw.mods.modlauncher.Launcher/MODLAUNCHER]: ModLauncher 10.0.9+10.0.9+main.dcd20f30 starting: java version 21.0.7 by Oracle Corporation; OS Windows 11 arch amd64 version 10.0
[19ago2025 19:07:36.220] [main/INFO] [net.minecraftforge.fml.loading.ImmediateWindowHandler/]: ImmediateWindowProvider not loading because launch target is forgeserver
[19ago2025 19:07:36.227] [main/INFO] [mixin-transmog/]: Mixin Transmogrifier is definitely up to no good...
[19ago2025 19:07:36.243] [main/INFO] [mixin-transmog/]: crimes against java were committed
[19ago2025 19:07:36.257] [main/INFO] [mixin-transmog/]: Original mixin transformation service successfully crobbed by mixin-transmogrifier!
[19ago2025 19:07:36.290] [main/INFO] [mixin/]: SpongePowered MIXIN Subsystem Version=0.8.5 Source=union:/C:/Users/LucaS/OneDrive/Desktop/Server-Modpack-1.20.1/mods/Connector-1.0.0-beta.46+1.20.1.jar%23334%23337!/ Service=ModLauncher Env=SERVER
[19ago2025 19:07:36.372] [main/INFO] [AutoModpack/]: Prelaunching AutoModpack...
[19ago2025 19:07:36.425] [main/INFO] [AutoModpack/]: Loaded config! took 47ms
[19ago2025 19:07:36.428] [main/INFO] [AutoModpack/]: AutoModpack self-updater is disabled in server config.
[19ago2025 19:07:36.429] [main/INFO] [AutoModpack/]: AutoModpack prelaunched! took 57ms
[19ago2025 19:07:37.174] [main/WARN] [net.minecraftforge.fml.loading.moddiscovery.ModDiscoverer/SCAN]: Locator {mods folder locator at C:\Users\LucaS\OneDrive\Desktop\Server-Modpack-1.20.1\mods} returned 3 files which are client-side-only mods, but we're on a dedicated server. They will be skipped!
[19ago2025 19:07:37.254] [main/WARN] [net.minecraftforge.fml.loading.moddiscovery.ModFileParser/LOADING]: Mod file C:\Users\LucaS\OneDrive\Desktop\Server-Modpack-1.20.1\libraries\net\minecraftforge\fmlcore\1.20.1-47.4.0\fmlcore-1.20.1-47.4.0.jar is missing mods.toml file
[19ago2025 19:07:37.257] [main/WARN] [net.minecraftforge.fml.loading.moddiscovery.ModFileParser/LOADING]: Mod file C:\Users\LucaS\OneDrive\Desktop\Server-Modpack-1.20.1\libraries\net\minecraftforge\javafmllanguage\1.20.1-47.4.0\javafmllanguage-1.20.1-47.4.0.jar is missing mods.toml file
[19ago2025 19:07:37.261] [main/WARN] [net.minecraftforge.fml.loading.moddiscovery.ModFileParser/LOADING]: Mod file C:\Users\LucaS\OneDrive\Desktop\Server-Modpack-1.20.1\libraries\net\minecraftforge\lowcodelanguage\1.20.1-47.4.0\lowcodelanguage-1.20.1-47.4.0.jar is missing mods.toml file
[19ago2025 19:07:37.264] [main/WARN] [net.minecraftforge.fml.loading.moddiscovery.ModFileParser/LOADING]: Mod file C:\Users\LucaS\OneDrive\Desktop\Server-Modpack-1.20.1\libraries\net\minecraftforge\mclanguage\1.20.1-47.4.0\mclanguage-1.20.1-47.4.0.jar is missing mods.toml file
[19ago2025 19:07:37.808] [main/WARN] [net.minecraftforge.jarjar.selection.JarSelector/]: Attempted to select two dependency jars from JarJar which have the same identification: Mod File:  and Mod File: . Using Mod File: 
[19ago2025 19:07:37.809] [main/WARN] [net.minecraftforge.jarjar.selection.JarSelector/]: Attempted to select a dependency jar for JarJar which was passed in as source: fabric_api. Using Mod File: C:\Users\LucaS\OneDrive\Desktop\Server-Modpack-1.20.1\mods\fabric-api-0.92.2+1.11.12+1.20.1.jar
[19ago2025 19:07:37.811] [main/INFO] [net.minecraftforge.fml.loading.moddiscovery.JarInJarDependencyLocator/]: Found 77 dependencies adding them to mods collection
[19ago2025 19:07:39.315] [main/INFO] [org.sinytra.connector.locator.DependencyResolver/]: Dependency resolution found 8 candidates to load
[19ago2025 19:07:40.680] [main/INFO] [Configured Defaults/]: Applying default files...
[19ago2025 19:07:41.103] [main/INFO] [org.sinytra.connector.service.hacks.ModuleLayerMigrator/]: Successfully made module authlib transformable
[19ago2025 19:07:43.313] [main/INFO] [mixin/]: Compatibility level set to JAVA_17
[19ago2025 19:07:43.699] [main/INFO] [mixin/]: Successfully loaded Mixin Connector [com.sonicether.soundphysics.MixinConnector]
[19ago2025 19:07:43.717] [main/INFO] [cpw.mods.modlauncher.LaunchServiceHandler/MODLAUNCHER]: Launching target 'forgeserver' with arguments []
[19ago2025 19:07:43.740] [main/INFO] [Xenon/]: Loaded configuration file for Xenon: 350 options available, 0 override(s) found
[19ago2025 19:07:43.746] [main/WARN] [mixin/]: Reference map 'ad_astra_rocketed-forge-1.20.1-forge-refmap.json' for ad_astra_rocketed.mixins.json could not be read. If this is a development environment you can ignore this message
[19ago2025 19:07:43.748] [main/WARN] [mixin/]: Reference map 'otherworldapoth.refmap.json' for bmcpalegardenpatcher.mixins.json could not be read. If this is a development environment you can ignore this message
[19ago2025 19:07:43.814] [main/INFO] [ModernFix/]: Loaded configuration file for ModernFix 5.24.3+mc1.20.1: 96 options available, 0 override(s) found
[19ago2025 19:07:43.815] [main/INFO] [ModernFix/]: Applying Nashorn fix
[19ago2025 19:07:43.841] [main/INFO] [ModernFix/]: Applied Forge config corruption patch
[19ago2025 19:07:43.891] [main/WARN] [mixin/]: Reference map 'lmft-common-refmap.json' for lmft-common.mixins.json could not be read. If this is a development environment you can ignore this message
[19ago2025 19:07:43.894] [main/WARN] [mixin/]: Reference map 'handcrafted-forge-1.20.1-forge-refmap.json' for handcrafted.mixins.json could not be read. If this is a development environment you can ignore this message
[19ago2025 19:07:43.947] [main/INFO] [Radium Config/]: Loaded configuration file for Radium: 125 options available, 1 override(s) found
[19ago2025 19:07:43.965] [main/WARN] [mixin/]: Reference map 'aaa_particles-fabric-refmap.json' for aaa_particles.mixins.json could not be read. If this is a development environment you can ignore this message
[19ago2025 19:07:43.972] [main/WARN] [mixin/]: Reference map 'puzzlesaccessapi.common.refmap.json' for puzzlesaccessapi.common.mixins.json could not be read. If this is a development environment you can ignore this message
[19ago2025 19:07:43.979] [main/WARN] [mixin/]: Reference map 'LongerChatHistory-forge-refmap.json' for longerchathistory.mixins.json could not be read. If this is a development environment you can ignore this message
[19ago2025 19:07:43.997] [main/WARN] [mixin/]: Reference map 'fastpaintings-forge-refmap.json' for fastpaintings-forge.mixins.json could not be read. If this is a development environment you can ignore this message
[19ago2025 19:07:44.049] [main/INFO] [Puzzles Lib/]: Loading 294 mods:
	- aaa_particles 1.20.1-1.4.5
	- abridged 2.0.0
	- ad_astra 1.15.20
	- ad_astra_giselle_addon 6.18
	- ad_astra_rocketed 1.0.5
	- adastraextra 1.2.3
	- alexsmobs 1.22.9
	- alltheleaks 0.1.4-beta+1.20.1-forge
		\-- mixinsquared 0.2.0
	- alternate_current 1.7.0
	- amendments 1.20-1.2.19
	- another_furniture 1.20.1-3.0.2
	- architectury 9.2.14
	- ash_api 3.0.2+1.20.1
	- athena 3.1.2
	- autochefsdelight 1.0.7+forge
	- automodpack 4.0.0-beta38
	- azurelib 3.0.9
	- backpacked 3.0.0-beta.9
	- balm 7.3.33
		\-- kuma_api 20.1.10
	- barteringstation 8.0.0
	- bclib 3.0.14
	- betterdungeons 1.20-Forge-4.0.4
	- betterend 4.0.11
	- betterend_crashed_ships 1.0.0
	- betterendisland 1.20-Forge-2.0.6
	- betterfortresses 1.20-Forge-2.0.6
	- betterjungletemples 1.20-Forge-2.0.5
	- bettermineshafts 1.20-Forge-4.0.4
	- betternether 9.0.10
	- betteroceanmonuments 1.20-Forge-3.0.4
	- betterstrongholds 1.20-Forge-4.0.3
	- betterwitchhuts 1.20-Forge-3.0.3
	- biomemusic 1.20.1-3.5
	- biomesoplenty 19.0.0.96
	- blueprint 7.1.3
	- bmcpalegardenpatcher 0.1.0
	- boatload 5.0.1
	- botarium 2.3.4
	- caelus 3.2.0+1.20.1
	- carryon 2.1.2.7
		\-- mixinextras 0.2.0-beta.6
	- cataclysm 3.08
	- cerulean 1.0.0
	- chat_heads 0.13.18
	- chefsdelight 1.0.3-forge-1.20.1
	- chipped 3.0.7
	- chunkactivitytracker 1.0.1
	- chunksending 1.20.1-2.8
	- citadel 2.6.2
	- clientcrafting 1.20.1-1.8
	- clientsort 2.0.0-beta.9+1.20.1
	- climaterivers 20.1.0
	- cloth_config 11.1.136
	- clumps 12.0.0.4
	- comforts 6.4.0+1.20.1
	- conjurer_illager 1.1.6
	- connectivity 1.20.1-7.1
	- connectorextras 1.11.2+1.20.1
		|-- amecsapi 1.5.3+mc1.20-pre1
		|-- connectorextras_architectury_bridge 1.11.2+1.20.1
		|-- connectorextras_emi_bridge 1.11.2+1.20.1
		|-- connectorextras_energy_bridge 1.11.2+1.20.1
		|-- connectorextras_geckolib_fabric_compat 1.11.2+1.20.1
		|-- connectorextras_jei_bridge 1.11.2+1.20.1
		|-- connectorextras_kubejs_bridge 1.11.2+1.20.1
		|-- connectorextras_modmenu_bridge 1.11.2+1.20.1
			\-- modmenu 7.2.2
		|-- connectorextras_pehkui_bridge 1.11.2+1.20.1
		|-- connectorextras_rei_bridge 1.11.2+1.20.1
		|-- connectorextras_terrablender_bridge 1.11.2+1.20.1
		|-- forgeconfigapiport 8.0.0
		\-- reach_entity_attributes 2.4.0
	- connectormod 1.0.0-beta.46+1.20.1
	- coroutil 1.20.1-1.3.7
	- corpse 1.20.1-1.0.21
	- crabbersdelight 1.1.7e
	- crawlondemand 1.20.x-1.0.0
	- cristellib 1.1.6
	- cupboard 1.20.1-2.7
	- curios 5.14.1+1.20.1
	- decorative_blocks 4.1.3
	- deeperdarker 1.3.3
	- delightful 3.7.3
	- despawntweaks 1.0.0
	- diagonalfences 8.1.5
	- diagonalwalls 8.0.4
		\-- diagonalblocks 8.0.6
	- distraction_free_recipes 1.2.1
	- does_it_tick 1.1.4
	- dragon_mounts_patches 1.0.0
	- dragonmounts 1.2.3-beta
	- easyanvils 8.0.2
	- easymagic 8.0.1
	- eldritch_end 0.3.4
	- elevatorid 1.20.1-1.9.1-forge
	- elytraslot 6.4.4+1.20.1
	- endersdelight 1.1.3
	- entity_model_features 2.4.1
	- entity_texture_features 6.2.9
	- everycomp 1.20-2.8.13
	- explorations 1.20.1-1.6.1
	- extra_compat 1.5.25
	- fabric_api 0.92.2+1.11.12+1.20.1
		|-- fabric_api_lookup_api_v1 1.6.36+67f9824077
		|-- fabric_biome_api_v1 13.0.13+dc36698e77
		|-- fabric_block_api_v1 1.0.11+0e6cb7f777
		|-- fabric_block_view_api_v2 1.0.1+0767707077
		|-- fabric_blockrenderlayer_v1 1.1.41+1d0da21e77
		|-- fabric_client_tags_api_v1 1.1.2+5d6761b877
		|-- fabric_command_api_v1 1.2.34+f71b366f77
		|-- fabric_command_api_v2 2.2.13+561530ec77
		|-- fabric_content_registries_v0 4.0.11+a670df1e77
		|-- fabric_convention_tags_v1 1.5.5+fa3d1c0177
		|-- fabric_data_attachment_api_v1 1.0.0+30ef839e77
		|-- fabric_data_generation_api_v1 12.3.4+369cb3a477
		|-- fabric_dimensions_v1 2.1.54+8005d10d77
		|-- fabric_entity_events_v1 1.6.0+4ca7515277
		|-- fabric_events_interaction_v0 0.6.2+0d0bd5a777
		|-- fabric_game_rule_api_v1 1.0.40+683d4da877
		|-- fabric_item_api_v1 2.1.28+4d0bbcfa77
		|-- fabric_item_group_api_v1 4.0.12+c9161c2d77
		|-- fabric_key_binding_api_v1 1.0.37+561530ec77
		|-- fabric_lifecycle_events_v1 2.2.22+afab492177
		|-- fabric_loot_api_v2 1.2.1+eb28f93e77
		|-- fabric_message_api_v1 5.1.9+52cc178c77
		|-- fabric_mining_level_api_v1 2.1.50+561530ec77
		|-- fabric_model_loading_api_v1 1.0.3+6274ab9d77
		|-- fabric_models_v0 0.4.2+7c3892a477
		|-- fabric_networking_api_v1 1.3.11+503a202477
		|-- fabric_object_builder_api_v1 11.1.3+4bd998fa77
		|-- fabric_particles_v1 1.1.2+78e1ecb877
		|-- fabric_recipe_api_v1 1.0.21+514a076577
		|-- fabric_registry_sync_v0 2.3.3+1c0ea72177
		|-- fabric_renderer_api_v1 3.2.1+cf68abbe77
		|-- fabric_rendering_data_attachment_v1 0.3.37+a6081afc77
		|-- fabric_rendering_fluids_v1 3.0.28+4ac5e37a77
		|-- fabric_rendering_v1 3.0.8+66e9a48f77
		|-- fabric_resource_conditions_api_v1 2.3.8+9e342fc177
		|-- fabric_resource_loader_v0 0.11.10+bcd08ed377
		|-- fabric_screen_api_v1 2.0.8+45a670a577
		|-- fabric_screen_handler_api_v1 1.3.30+561530ec77
		|-- fabric_sound_api_v1 1.0.13+4f23bd8477
		|-- fabric_transfer_api_v1 3.3.5+631c9cd677
		\-- fabric_transitive_access_wideners_v1 4.3.1+1880499877
	- fabrication 3.6.2+1.20
	- fallingtree 4.3.4
	- farmersdelight 1.20.1-1.2.8
	- fastasyncworldsave 1.20.1-2.4
	- faster_random 5.1.0
	- fastitemframes 20.1.3
	- fastpaintings 1.20-1.2.7
	- featurerecycler 1.0.1
	- ferritecore 6.0.1
	- flib 0.0.15
	- forge 47.4.0
	- formations 1.0.4
	- formationsnether 1.0.5
	- formationsoverworld 1.0.4
	- framework 0.7.15
	- friendsandfoes 3.0.9
	- ftblibrary 2001.2.9
	- ftbteams 2001.3.1
	- gallery 1.0.3
	- galosphere 1.20.1-1.4.1
	- geckolib 4.7.3
	- glitchcore 0.0.1.1
	- goblintraders 1.9.3
	- gpumemleakfix 1.20.1-1.8
	- grassoverhaul 23.10.10
	- handcrafted 3.0.6
	- hearth_and_home 1.20.1-2.0.3
	- hearths 1.0.4
	- highlighter 1.1.9
	- iceberg 1.1.25
	- illagerinvasion 8.0.7
	- immediatelyfast 1.5.1+1.20.4
	- immersivearmorhud 1.0.1
	- immersivelanterns 1.0.6
	- incubation 4.0.4
	- jade 11.13.1+forge
	- jei 15.20.0.112
	- jeresources 1.4.0.247
	- justzoom 2.1.1
	- kiwi 11.8.31+forge
	- konkrete 1.8.0
	- krypton 0.2.3
	- kubejs 2001.6.5-build.16
	- leavesbegone 8.0.0
	- lionfishapi 2.4-Fix
	- lithostitched 1.4.11
	- lmft 1.0.4+1.20.1
	- longerchathistory 1.3
	- lootintegrations 1.20.1-4.7
	- lootintegrations_yungs 1
	- magnumtorch 8.0.2
	- mekanism 10.4.16
	- mekanismaaa 1.1.0
	- mekanismgenerators 10.4.16
	- mes 1.3.4-1.20-forge
	- minecraft 1.20.1
	- misctweaks 1.1.2
	- mns 1.0.3-1.20-forge
	- modernfix 5.24.3+mc1.20.1
	- moonlight 1.20-2.14.13
	- mousetweaks 2.25.1
	- mr_blossom_blade 1.2
	- mr_dungeons_andtavernsancientcityoverhaul 1
	- mynethersdelight 1.20.1-1.7.5
	- necronomicon 1.6.0
	- netherchested 8.0.4
		\-- puzzlesapi 8.1.7
	- netherportalfix 13.0.1
	- nochatreports 1.20.1-v2.2.2
	- noisium 2.3.0+mc1.20-1.20.1
	- oceansdelight 1.0.2-1.20
	- overflowingbars 8.0.1
	- packetfixer 3.1.4
	- palegarden 1.0.7
	- patchouli 1.20.1-84.1-FORGE
	- pet_cemetery 2.0.0
	- pingwheel 1.10.3
	- polymorph 0.49.10+1.20.1
		\-- spectrelib 0.13.17+1.20.1
	- puzzleslib 8.1.32
		\-- puzzlesaccessapi 20.1.1
	- quark 4.0-462
	- radium 0.12.4+git.26c9d8e
	- raided 0.1.4
	- recipeessentials 1.20.1-4.0
	- redirected 1.0.0
	- repurposed_structures 7.1.17+1.20.1-forge
	- resourcefulconfig 2.1.3
	- resourcefullib 2.1.29
	- resourcepackoverrides 8.0.3
	- revampedwolf 1.20.1-6.1.0
	- rhino 2001.2.3-build.10
	- sawmill 1.20-1.4.7
	- searchables 1.0.3
	- sereneseasons 9.1.0.2
	- shieldexp 1.2.2
	- simple_snowy_fix 2.1.4
	- skeletonaifix 20.1.1
	- skinrestorer 2.4.2+1.20-forge
	- smarterfarmers 1.20-2.1.2
	- smoothchunk 1.20.1-4.1
	- snowrealmagic 10.6.4
		|-- fabric_api_base 0.4.31+ef105b4977
		\-- fabric_renderer_indigo 1.5.2+b5b2da4177
	- snowundertrees 1.4.12
	- sodiumdynamiclights 1.0.9
	- sodiumoptionsapi 1.0.10
	- sodiumoptionsmodcompat 1.0.0
	- sound_physics_remastered 1.20.1-1.4.10
	- spark 1.10.53
	- sparsestructuresreforged 1.20.1-0.0.1
	- stalwart_dungeons 1.2.8
	- stoneworks 8.0.0
	- storagenetwork 1.12.2
	- structory 1.3.5
	- structory_towers 1.0.7
	- structure_gel 2.16.2
	- structure_layout_optimizer 1.0.10
	- structureessentials 1.20.1-4.8
	- stylisheffects 8.0.2
	- supplementaries 1.20-3.1.36
	- suppsquared 1.20-1.1.21
	- t_and_t 0.0NONE
	- temporalapi 1.6.7
	- terrablender 3.0.1.10
	- thinair 8.1.7
	- thinairastra 0.0.2
	- toughasnails 9.2.0.171
	- tradingpost 8.0.2
	- transparent 8.0.1+1.20.1
	- twigs 1.20.1-3.1.1
	- txnilib 1.0.24
	- underlay 0.9.4
	- v_slab_compat 1.20-2.5
	- villagersplus 3.1
	- villagesandpillages 1.0.2
	- visuality 2.0.2
	- visualworkbench 8.0.0
	- watut 1.20.1-1.2.3
	- waystones 14.1.15
	- whatareyouvotingfor 1.2.5
	- wunderlib 1.1.5
	- xaerominimap 25.2.10
	- xaeroplus 2.27.6
	- xaeroworldmap 1.39.12
	- xenon 0.3.31
		|-- embeddium 0.3.31
		\-- rubidium 0.7.1
	- yungsapi 1.20-Forge-4.0.6
	- yungscavebiomes 1.20.1-Forge-2.0.5
	- zeta 1.0-30
[19ago2025 19:07:44.096] [main/WARN] [mixin/]: Reference map 'mns-forge-refmap.json' for mns-forge.mixins.json could not be read. If this is a development environment you can ignore this message
[19ago2025 19:07:44.104] [main/WARN] [mixin/]: Reference map 'cristellib-forge-refmap.json' for cristellib.mixins.json could not be read. If this is a development environment you can ignore this message
[19ago2025 19:07:44.112] [main/WARN] [mixin/]: Reference map 'v_slab_compat-common-refmap.json' for v_slab_compat-common.mixins.json could not be read. If this is a development environment you can ignore this message
[19ago2025 19:07:44.128] [main/WARN] [mixin/]: Reference map 'fastitemframes.forge.refmap.json' for fastitemframes.forge.mixins.json could not be read. If this is a development environment you can ignore this message
[19ago2025 19:07:44.180] [main/INFO] [Forgery/]: Reloading configs...
[19ago2025 19:07:44.196] [main/INFO] [Forgery/]: Loading of features.ini done in 11.60 ms with 0 warnings
[19ago2025 19:07:44.264] [main/WARN] [mixin/]: Reference map 'skeletonaifix.common.refmap.json' for skeletonaifix.common.mixins.json could not be read. If this is a development environment you can ignore this message
[19ago2025 19:07:44.269] [main/WARN] [mixin/]: Reference map 'incubation.refmap.json' for incubation.mixins.json could not be read. If this is a development environment you can ignore this message
[19ago2025 19:07:44.310] [main/WARN] [mixin/]: Reference map 'mes-forge-refmap.json' for mes-forge.mixins.json could not be read. If this is a development environment you can ignore this message
[19ago2025 19:07:44.313] [main/WARN] [mixin/]: Reference map 'coroutil.refmap.json' for coroutil.mixins.json could not be read. If this is a development environment you can ignore this message
[19ago2025 19:07:44.349] [main/INFO] [dev.tonimatas.packetfixer.mixins.v1_19_4_forge.MixinPlugin/]: Packet Fixer forge 1.19.4-1.20.1 has been applied successfully.
[19ago2025 19:07:44.363] [main/WARN] [mixin/]: Reference map '' for adapter.init.mixins.json could not be read. If this is a development environment you can ignore this message
[19ago2025 19:07:44.958] [main/ERROR] [net.minecraftforge.fml.loading.RuntimeDistCleaner/DISTXFORM]: Attempted to load class net/minecraft/client/MouseHandler for invalid dist DEDICATED_SERVER
[19ago2025 19:07:44.958] [main/WARN] [mixin/]: Error loading class: net/minecraft/client/MouseHandler (java.lang.RuntimeException: Attempted to load class net/minecraft/client/MouseHandler for invalid dist DEDICATED_SERVER)
[19ago2025 19:07:44.959] [main/WARN] [mixin/]: @Mixin target net.minecraft.client.MouseHandler was not found fabric-screen-api-v1.mixins.json:MouseMixin from mod fabric_screen_api_v1
[19ago2025 19:07:44.960] [main/ERROR] [net.minecraftforge.fml.loading.RuntimeDistCleaner/DISTXFORM]: Attempted to load class net/minecraft/client/gui/screens/Screen for invalid dist DEDICATED_SERVER
[19ago2025 19:07:44.960] [main/WARN] [mixin/]: Error loading class: net/minecraft/client/gui/screens/Screen (java.lang.RuntimeException: Attempted to load class net/minecraft/client/gui/screens/Screen for invalid dist DEDICATED_SERVER)
[19ago2025 19:07:44.960] [main/WARN] [mixin/]: @Mixin target net.minecraft.client.gui.screens.Screen was not found fabric-screen-api-v1.mixins.json:ScreenAccessor from mod fabric_screen_api_v1
[19ago2025 19:07:45.044] [main/WARN] [mixin/]: Error loading class: dynamic_fps/impl/DynamicFPSMod (java.lang.ClassNotFoundException: dynamic_fps.impl.DynamicFPSMod)
[19ago2025 19:07:45.044] [main/WARN] [mixin/]: @Mixin target dynamic_fps.impl.DynamicFPSMod was not found mixins.sodiumoptionsmodcompat.json:DynamicFPSConfigAccessor from mod sodiumoptionsmodcompat
[19ago2025 19:07:45.068] [main/WARN] [Radium Config/]: Force-disabling mixin 'alloc.blockstate.StateMixin' as option 'mixin.alloc.blockstate' (added by mods [ferritecore]) disables it and children
[19ago2025 19:07:45.225] [main/WARN] [mixin/]: Error loading class: mezz/jei/library/plugins/vanilla/InventoryEffectRendererGuiHandler (java.lang.ClassNotFoundException: mezz.jei.library.plugins.vanilla.InventoryEffectRendererGuiHandler)
[19ago2025 19:07:45.225] [main/WARN] [mixin/]: @Mixin target mezz.jei.library.plugins.vanilla.InventoryEffectRendererGuiHandler was not found stylisheffects.common.mixins.json:integration.jei.InventoryEffectRendererGuiHandlerMixin from mod stylisheffects
[19ago2025 19:07:45.262] [main/WARN] [mixin/]: Error loading class: dev/ftb/mods/ftbchunks/data/ClaimedChunkManagerImpl (java.lang.ClassNotFoundException: dev.ftb.mods.ftbchunks.data.ClaimedChunkManagerImpl)
[19ago2025 19:07:45.262] [main/WARN] [mixin/]: @Mixin target dev.ftb.mods.ftbchunks.data.ClaimedChunkManagerImpl was not found mixins.does_it_tick.json:ClaimedChunkManagerAccessor from mod does_it_tick
[19ago2025 19:07:45.286] [main/INFO] [dev.uncandango.alltheleaks.AllTheLeaks/]: Skipping issue ItemStackCreationStatistics from mod jei as it's dev only!
[19ago2025 19:07:45.286] [main/INFO] [dev.uncandango.alltheleaks.AllTheLeaks/]: Class dev.uncandango.alltheleaks.leaks.common.mods.travelersbackpack.UntrackedIssue002 will NOT be loaded as mod travelersbackpack is not present
[19ago2025 19:07:45.287] [main/INFO] [dev.uncandango.alltheleaks.AllTheLeaks/]: Class dev.uncandango.alltheleaks.leaks.common.mods.travelersbackpack.UntrackedIssue001 will NOT be loaded as mod travelersbackpack is not present
[19ago2025 19:07:45.287] [main/INFO] [dev.uncandango.alltheleaks.AllTheLeaks/]: Class dev.uncandango.alltheleaks.leaks.common.mods.toolbelt.UntrackedIssue001 will NOT be loaded as mod toolbelt is not present
[19ago2025 19:07:45.287] [main/INFO] [dev.uncandango.alltheleaks.AllTheLeaks/]: Class dev.uncandango.alltheleaks.leaks.common.mods.tfcthermaldeposits.UntrackedIssue001 will NOT be loaded as mod tfcthermaldeposits is not present
[19ago2025 19:07:45.287] [main/INFO] [dev.uncandango.alltheleaks.AllTheLeaks/]: Class dev.uncandango.alltheleaks.leaks.common.mods.smallships.UntrackedIssue001 will NOT be loaded as mod smallships is not present
[19ago2025 19:07:45.287] [main/INFO] [dev.uncandango.alltheleaks.AllTheLeaks/]: Class dev.uncandango.alltheleaks.leaks.common.mods.sereneseasons.UntrackedIssue001 will be loaded as it matches versions: 9.1.0.2 in [9.1.0.0,)
[19ago2025 19:07:45.287] [main/INFO] [dev.uncandango.alltheleaks.AllTheLeaks/]: Class dev.uncandango.alltheleaks.leaks.common.mods.railcraft.UntrackedIssue001 will NOT be loaded as mod railcraft is not present
[19ago2025 19:07:45.288] [main/INFO] [dev.uncandango.alltheleaks.AllTheLeaks/]: Class dev.uncandango.alltheleaks.leaks.common.mods.pneumaticcraft.UntrackedIssue001 will NOT be loaded as mod pneumaticcraft is not present
[19ago2025 19:07:45.288] [main/INFO] [dev.uncandango.alltheleaks.AllTheLeaks/]: Class dev.uncandango.alltheleaks.leaks.common.mods.phosphophyllite.UntrackedIssue001 will NOT be loaded as mod phosphophyllite is not present
[19ago2025 19:07:45.288] [main/INFO] [dev.uncandango.alltheleaks.AllTheLeaks/]: Class dev.uncandango.alltheleaks.leaks.common.mods.occultism.UntrackedIssue001 will NOT be loaded as mod occultism is not present
[19ago2025 19:07:45.288] [main/INFO] [dev.uncandango.alltheleaks.AllTheLeaks/]: Class dev.uncandango.alltheleaks.leaks.common.mods.moonlight.UntrackedIssue001 will be loaded as it matches versions: 1.20-2.14.13 in [1.20-2.13.32,)
[19ago2025 19:07:45.288] [main/INFO] [dev.uncandango.alltheleaks.AllTheLeaks/]: Mixins added to allowed list: [main.FakeLevelManagerMixin]
[19ago2025 19:07:45.288] [main/INFO] [dev.uncandango.alltheleaks.AllTheLeaks/]: Class dev.uncandango.alltheleaks.leaks.common.mods.minecraft.UntrackedIssue002 will be loaded as it matches versions: 1.20.1 in 1.20.1
[19ago2025 19:07:45.288] [main/INFO] [dev.uncandango.alltheleaks.AllTheLeaks/]: Mixins added to allowed list: [main.EntityTickListMixin]
[19ago2025 19:07:45.288] [main/INFO] [dev.uncandango.alltheleaks.AllTheLeaks/]: Class dev.uncandango.alltheleaks.leaks.common.mods.minecraft.UntrackedIssue001 will be loaded as it matches versions: 1.20.1 in 1.20.1
[19ago2025 19:07:45.288] [main/INFO] [dev.uncandango.alltheleaks.AllTheLeaks/]: Class dev.uncandango.alltheleaks.leaks.common.mods.irons_spellbooks.UntrackedIssue001 will NOT be loaded as mod irons_spellbooks is not present
[19ago2025 19:07:45.288] [main/INFO] [dev.uncandango.alltheleaks.AllTheLeaks/]: Class dev.uncandango.alltheleaks.leaks.common.mods.forge.UntrackedIssue003 will be loaded as it matches versions: 47.4.0 in [47.2,)
[19ago2025 19:07:45.289] [main/INFO] [dev.uncandango.alltheleaks.AllTheLeaks/]: Class dev.uncandango.alltheleaks.leaks.common.mods.forge.UntrackedIssue002 will be loaded as it matches versions: 47.4.0 in [47.2,)
[19ago2025 19:07:45.289] [main/INFO] [dev.uncandango.alltheleaks.AllTheLeaks/]: Mixins added to allowed list: [accessor.FakePlayerNetHandlerAccessor, accessor.ConnectionAccessor]
[19ago2025 19:07:45.289] [main/INFO] [dev.uncandango.alltheleaks.AllTheLeaks/]: Class dev.uncandango.alltheleaks.leaks.common.mods.forge.UntrackedIssue001 will be loaded as it matches versions: 47.4.0 in [47.2,)
[19ago2025 19:07:45.289] [main/INFO] [dev.uncandango.alltheleaks.AllTheLeaks/]: Mixins added to allowed list: [main.ServerPlayerMixin, main.PlayerListMixin]
[19ago2025 19:07:45.289] [main/INFO] [dev.uncandango.alltheleaks.AllTheLeaks/]: Class dev.uncandango.alltheleaks.leaks.common.mods.forbidden_arcanus.UntrackedIssue001 will NOT be loaded as mod forbidden_arcanus is not present
[19ago2025 19:07:45.289] [main/INFO] [dev.uncandango.alltheleaks.AllTheLeaks/]: Class dev.uncandango.alltheleaks.leaks.common.mods.domesticationinnovation.UntrackedIssue001 will NOT be loaded as mod domesticationinnovation is not present
[19ago2025 19:07:45.289] [main/INFO] [dev.uncandango.alltheleaks.AllTheLeaks/]: Class dev.uncandango.alltheleaks.leaks.common.mods.curios.UntrackedIssue001 will be loaded as it matches versions: 5.14.1+1.20.1 in [5.9.1,)
[19ago2025 19:07:45.289] [main/INFO] [dev.uncandango.alltheleaks.AllTheLeaks/]: Mixins added to allowed list: [main.CuriosEventHandlerMixin]
[19ago2025 19:07:45.289] [main/INFO] [dev.uncandango.alltheleaks.AllTheLeaks/]: Class dev.uncandango.alltheleaks.leaks.common.mods.createaddition.UntrackedIssue001 will NOT be loaded as mod createaddition is not present
[19ago2025 19:07:45.290] [main/INFO] [dev.uncandango.alltheleaks.AllTheLeaks/]: Class dev.uncandango.alltheleaks.leaks.common.mods.create.UntrackedIssue001 will NOT be loaded as mod create is not present
[19ago2025 19:07:45.290] [main/INFO] [dev.uncandango.alltheleaks.AllTheLeaks/]: Class dev.uncandango.alltheleaks.leaks.common.mods.citadel.UntrackedIssue001 will be loaded as it matches versions: 2.6.2 in [2.5.4,)
[19ago2025 19:07:45.290] [main/INFO] [dev.uncandango.alltheleaks.AllTheLeaks/]: Class dev.uncandango.alltheleaks.leaks.common.mods.betterf3.UntrackedIssue001 will NOT be loaded as mod betterf3 is not present
[19ago2025 19:07:45.290] [main/INFO] [dev.uncandango.alltheleaks.AllTheLeaks/]: Class dev.uncandango.alltheleaks.leaks.common.mods.badpackets.UntrackedIssue001 will NOT be loaded as mod badpackets is not present
[19ago2025 19:07:45.290] [main/INFO] [dev.uncandango.alltheleaks.AllTheLeaks/]: Class dev.uncandango.alltheleaks.leaks.common.mods.ars_nouveau.UntrackedIssue002 will NOT be loaded as mod ars_nouveau is not present
[19ago2025 19:07:45.290] [main/INFO] [dev.uncandango.alltheleaks.AllTheLeaks/]: Class dev.uncandango.alltheleaks.leaks.common.mods.ars_nouveau.UntrackedIssue001 will NOT be loaded as mod ars_nouveau is not present
[19ago2025 19:07:45.290] [main/INFO] [dev.uncandango.alltheleaks.AllTheLeaks/]: Class dev.uncandango.alltheleaks.leaks.common.mods.architectury.UntrackedIssue001 will be loaded as it matches versions: 9.2.14 in [9.0.8,)
[19ago2025 19:07:45.290] [main/INFO] [dev.uncandango.alltheleaks.AllTheLeaks/]: Class dev.uncandango.alltheleaks.leaks.common.mods.alexsmobs.Issue2165 will be loaded as it matches versions: 1.22.9 in [1.22.5,)
[19ago2025 19:07:45.290] [main/INFO] [dev.uncandango.alltheleaks.AllTheLeaks/]: Class dev.uncandango.alltheleaks.leaks.common.mods.aether.UntrackedIssue001 will NOT be loaded as mod aether is not present
[19ago2025 19:07:45.290] [main/INFO] [dev.uncandango.alltheleaks.AllTheLeaks/]: Class dev.uncandango.alltheleaks.leaks.common.mods.ae2wtlib.UntrackedIssue001 will NOT be loaded as mod ae2wtlib is not present
[19ago2025 19:07:45.292] [main/INFO] [dev.uncandango.alltheleaks.AllTheLeaks/]: Skipping issue [untracked] from mod twilightforest as it is client side only!
[19ago2025 19:07:45.292] [main/INFO] [dev.uncandango.alltheleaks.AllTheLeaks/]: Skipping issue [untracked] from mod travelersbackpack as it is client side only!
[19ago2025 19:07:45.292] [main/INFO] [dev.uncandango.alltheleaks.AllTheLeaks/]: Skipping issue [untracked] from mod tombstone as it is client side only!
[19ago2025 19:07:45.292] [main/INFO] [dev.uncandango.alltheleaks.AllTheLeaks/]: Skipping issue [untracked] from mod sereneseasons as it is client side only!
[19ago2025 19:07:45.292] [main/INFO] [dev.uncandango.alltheleaks.AllTheLeaks/]: Skipping issue [untracked] from mod pneumaticcraft as it is client side only!
[19ago2025 19:07:45.292] [main/INFO] [dev.uncandango.alltheleaks.AllTheLeaks/]: Skipping issue [untracked] from mod nuclearcraft as it is client side only!
[19ago2025 19:07:45.292] [main/INFO] [dev.uncandango.alltheleaks.AllTheLeaks/]: Skipping issue [untracked] from mod mowziesmobs as it is client side only!
[19ago2025 19:07:45.292] [main/INFO] [dev.uncandango.alltheleaks.AllTheLeaks/]: Skipping issue [untracked] from mod mowziesmobs as it is client side only!
[19ago2025 19:07:45.293] [main/INFO] [dev.uncandango.alltheleaks.AllTheLeaks/]: Skipping issue [untracked] from mod mousetweaks as it is client side only!
[19ago2025 19:07:45.293] [main/INFO] [dev.uncandango.alltheleaks.AllTheLeaks/]: Skipping issue [untracked] from mod mna as it is client side only!
[19ago2025 19:07:45.293] [main/INFO] [dev.uncandango.alltheleaks.AllTheLeaks/]: Skipping issue [untracked] from mod minecraft as it is client side only!
[19ago2025 19:07:45.293] [main/INFO] [dev.uncandango.alltheleaks.AllTheLeaks/]: Skipping issue [untracked] from mod minecraft as mod modernfix is present!
[19ago2025 19:07:45.293] [main/INFO] [dev.uncandango.alltheleaks.AllTheLeaks/]: Skipping issue [untracked] from mod minecolonies as it is client side only!
[19ago2025 19:07:45.293] [main/INFO] [dev.uncandango.alltheleaks.AllTheLeaks/]: Skipping issue [untracked] from mod minecolonies as it is client side only!
[19ago2025 19:07:45.293] [main/INFO] [dev.uncandango.alltheleaks.AllTheLeaks/]: Skipping issue [untracked] from mod ldlib as it is client side only!
[19ago2025 19:07:45.293] [main/INFO] [dev.uncandango.alltheleaks.AllTheLeaks/]: Skipping issue [untracked] from mod journeymap as it is client side only!
[19ago2025 19:07:45.293] [main/INFO] [dev.uncandango.alltheleaks.AllTheLeaks/]: Skipping issue [untracked] from mod jeresources as it is client side only!
[19ago2025 19:07:45.293] [main/INFO] [dev.uncandango.alltheleaks.AllTheLeaks/]: Skipping issue [untracked] from mod jei as it is client side only!
[19ago2025 19:07:45.293] [main/INFO] [dev.uncandango.alltheleaks.AllTheLeaks/]: Skipping issue [untracked] from mod jei as it is client side only!
[19ago2025 19:07:45.293] [main/INFO] [dev.uncandango.alltheleaks.AllTheLeaks/]: Skipping issue [untracked] from mod irons_spellbooks as it is client side only!
[19ago2025 19:07:45.294] [main/INFO] [dev.uncandango.alltheleaks.AllTheLeaks/]: Skipping issue [untracked] from mod irons_spellbooks as it is client side only!
[19ago2025 19:07:45.294] [main/INFO] [dev.uncandango.alltheleaks.AllTheLeaks/]: Skipping issue [untracked] from mod iceberg as it is client side only!
[19ago2025 19:07:45.294] [main/INFO] [dev.uncandango.alltheleaks.AllTheLeaks/]: Skipping issue [untracked] from mod iceberg as it is client side only!
[19ago2025 19:07:45.294] [main/INFO] [dev.uncandango.alltheleaks.AllTheLeaks/]: Skipping issue [untracked] from mod iceberg as it is client side only!
[19ago2025 19:07:45.294] [main/INFO] [dev.uncandango.alltheleaks.AllTheLeaks/]: Skipping issue [untracked] from mod geckolib as it is client side only!
[19ago2025 19:07:45.294] [main/INFO] [dev.uncandango.alltheleaks.AllTheLeaks/]: Skipping issue [untracked] from mod ftblibrary as it is client side only!
[19ago2025 19:07:45.294] [main/INFO] [dev.uncandango.alltheleaks.AllTheLeaks/]: Skipping issue [untracked] from mod flywheel as it is client side only!
[19ago2025 19:07:45.294] [main/INFO] [dev.uncandango.alltheleaks.AllTheLeaks/]: Skipping issue [untracked] from mod findme as it is client side only!
[19ago2025 19:07:45.294] [main/INFO] [dev.uncandango.alltheleaks.AllTheLeaks/]: Skipping issue [untracked] from mod entity_texture_features as it is client side only!
[19ago2025 19:07:45.294] [main/INFO] [dev.uncandango.alltheleaks.AllTheLeaks/]: Skipping issue [untracked] from mod entity_model_features as it is client side only!
[19ago2025 19:07:45.294] [main/INFO] [dev.uncandango.alltheleaks.AllTheLeaks/]: Skipping issue [untracked] from mod emi_loot as it is client side only!
[19ago2025 19:07:45.294] [main/INFO] [dev.uncandango.alltheleaks.AllTheLeaks/]: Skipping issue [untracked] from mod emi as it is client side only!
[19ago2025 19:07:45.295] [main/INFO] [dev.uncandango.alltheleaks.AllTheLeaks/]: Skipping issue [untracked] from mod easy_villagers as it is client side only!
[19ago2025 19:07:45.295] [main/INFO] [dev.uncandango.alltheleaks.AllTheLeaks/]: Skipping issue [untracked] from mod difficultylock as it is client side only!
[19ago2025 19:07:45.295] [main/INFO] [dev.uncandango.alltheleaks.AllTheLeaks/]: Skipping issue [untracked] from mod cyclopscore as it is client side only!
[19ago2025 19:07:45.295] [main/INFO] [dev.uncandango.alltheleaks.AllTheLeaks/]: Skipping issue [untracked] from mod corpse as it is client side only!
[19ago2025 19:07:45.295] [main/INFO] [dev.uncandango.alltheleaks.AllTheLeaks/]: Skipping issue [untracked] from mod citadel as it is client side only!
[19ago2025 19:07:45.295] [main/INFO] [dev.uncandango.alltheleaks.AllTheLeaks/]: Skipping issue [untracked] from mod blue_skies as it is client side only!
[19ago2025 19:07:45.295] [main/INFO] [dev.uncandango.alltheleaks.AllTheLeaks/]: Skipping issue [untracked] from mod beansbackpacks as it is client side only!
[19ago2025 19:07:45.295] [main/INFO] [dev.uncandango.alltheleaks.AllTheLeaks/]: Skipping issue [untracked] from mod badpackets as it is client side only!
[19ago2025 19:07:45.295] [main/INFO] [dev.uncandango.alltheleaks.AllTheLeaks/]: Skipping issue [untracked] from mod ae2wtlib as it is client side only!
[19ago2025 19:07:45.295] [main/INFO] [dev.uncandango.alltheleaks.AllTheLeaks/]: Skipping issue [untracked] from mod ae2wtlib as it is client side only!
[19ago2025 19:07:45.296] [main/INFO] [dev.uncandango.alltheleaks.AllTheLeaks/]: Class dev.uncandango.alltheleaks.fix.common.mods.modernfix.CancelRLMixin will be loaded as it matches versions: 5.24.3+mc1.20.1 in [5.0.0,)
[19ago2025 19:07:45.296] [main/INFO] [dev.uncandango.alltheleaks.AllTheLeaks/]: Mixins added to cancel list: [org.embeddedt.modernfix.common.mixin.perf.deduplicate_location.MixinResourceLocation]
[19ago2025 19:07:45.300] [main/INFO] [dev.uncandango.alltheleaks.AllTheLeaks/]: Skipping feature ResourceLocation Deduplication from mod minecraft as it's feature flag is not activated!
[19ago2025 19:07:45.301] [main/INFO] [dev.uncandango.alltheleaks.AllTheLeaks/]: Skipping feature Ingredient Deduplication from mod minecraft as it's feature flag is not activated!
[19ago2025 19:07:45.301] [main/INFO] [dev.uncandango.alltheleaks.AllTheLeaks/]: Skipping feature Prevent Search Ignored Items from mod jei as it's feature flag is not activated!
[19ago2025 19:07:45.355] [main/INFO] [faster-random/]: Loading Faster Random.
[19ago2025 19:07:45.389] [main/WARN] [mixin/]: Error loading class: me/desht/pneumaticcraft/common/upgrades/PNCUpgradeImpl (java.lang.ClassNotFoundException: me.desht.pneumaticcraft.common.upgrades.PNCUpgradeImpl)
[19ago2025 19:07:45.389] [main/WARN] [mixin/]: @Mixin target me.desht.pneumaticcraft.common.upgrades.PNCUpgradeImpl was not found ad_astra_giselle_addon.mixin.forge.common.json:pneumaticcraft.PNCUpgradeImplInject from mod ad_astra_giselle_addon
[19ago2025 19:07:45.399] [main/INFO] [com.cupboard.Cupboard/]: Loaded config for: recipeessentials.json
[19ago2025 19:07:45.438] [main/INFO] [com.cupboard.Cupboard/]: Loaded config for: structureessentials.json
[19ago2025 19:07:45.633] [main/WARN] [mixin/]: Error loading class: net/minecraft/client/renderer/entity/PhantomRenderer (java.lang.ClassNotFoundException: net.minecraft.client.renderer.entity.PhantomRenderer)
[19ago2025 19:07:45.633] [main/WARN] [mixin/]: @Mixin target net.minecraft.client.renderer.entity.PhantomRenderer was not found mixins.deeperdarker.json:PhantomRendererMixin from mod deeperdarker
[19ago2025 19:07:45.810] [main/WARN] [mixin/]: Error loading class: noobanidus/mods/lootr/config/ConfigManager (java.lang.ClassNotFoundException: noobanidus.mods.lootr.config.ConfigManager)
[19ago2025 19:07:45.810] [main/WARN] [mixin/]: @Mixin target noobanidus.mods.lootr.config.ConfigManager was not found quark_integrations.mixins.json:lootr.ConfigManagerMixin from mod quark
[19ago2025 19:07:46.220] [main/WARN] [mixin/]: Error loading class: com/mojang/blaze3d/platform/InputConstants$Key (java.lang.ClassNotFoundException: com.mojang.blaze3d.platform.InputConstants$Key)
[19ago2025 19:07:46.262] [main/INFO] [MixinExtras|Service/]: Initializing MixinExtras via com.llamalad7.mixinextras.service.MixinExtrasServiceImpl(version=0.4.1).
[19ago2025 19:07:46.597] [main/INFO] [mixin/]: Mixing server.MixinDedicatedServer from mixins/common/nochatreports.mixins.json into net.minecraft.server.dedicated.DedicatedServer
[19ago2025 19:07:46.678] [main/WARN] [mixin/]: Static binding violation: PRIVATE @Overwrite method m_216202_ in modernfix-forge.mixins.json:perf.tag_id_caching.TagOrElementLocationMixin from mod modernfix cannot reduce visibiliy of PUBLIC target method, visibility will be upgraded.
[19ago2025 19:07:47.522] [main/INFO] [net.minecraft.server.Bootstrap/]: ModernFix reached bootstrap stage (15.35 s after launch)
[19ago2025 19:07:47.642] [main/INFO] [mixin/]: Mixing common.MixinFriendlyByteBuf from mixins/common/nochatreports.mixins.json into net.minecraft.network.FriendlyByteBuf
[19ago2025 19:07:47.643] [main/INFO] [mixin/]: Renaming synthetic method lambda$onWriteJsonWithCodec$1(Ljava/lang/Object;Ljava/lang/String;)Lio/netty/handler/codec/EncoderException; to mddcda65$nochatreports$lambda$onWriteJsonWithCodec$1$0 in mixins/common/nochatreports.mixins.json:common.MixinFriendlyByteBuf from mod nochatreports
[19ago2025 19:07:47.643] [main/INFO] [mixin/]: Renaming synthetic method lambda$onReadJsonWithCodec$0(Ljava/lang/String;)Lio/netty/handler/codec/DecoderException; to mddcda65$nochatreports$lambda$onReadJsonWithCodec$0$1 in mixins/common/nochatreports.mixins.json:common.MixinFriendlyByteBuf from mod nochatreports
[19ago2025 19:07:47.679] [main/WARN] [mixin/]: @Final field delegatesByName:Ljava/util/Map; in modernfix-forge.mixins.json:perf.forge_registry_alloc.ForgeRegistryMixin from mod modernfix should be final
[19ago2025 19:07:47.679] [main/WARN] [mixin/]: @Final field delegatesByValue:Ljava/util/Map; in modernfix-forge.mixins.json:perf.forge_registry_alloc.ForgeRegistryMixin from mod modernfix should be final
[19ago2025 19:07:47.990] [main/INFO] [ModernFix/]: Injecting BlockStateBase cache population hook into getNeighborPathNodeType from me.jellysquid.mods.lithium.mixin.ai.pathing.AbstractBlockStateMixin
[19ago2025 19:07:47.991] [main/INFO] [ModernFix/]: Injecting BlockStateBase cache population hook into getPathNodeType from me.jellysquid.mods.lithium.mixin.ai.pathing.AbstractBlockStateMixin
[19ago2025 19:07:47.991] [main/INFO] [ModernFix/]: Injecting BlockStateBase cache population hook into getAllFlags from me.jellysquid.mods.lithium.mixin.util.block_tracking.AbstractBlockStateMixin
[19ago2025 19:07:48.109] [main/WARN] [Forgery/]: Mixin com.unascribed.fabrication.mixin.g_weird_tweaks.entities_sink_in_falling_fluids.MixinEntity failed to postApply! Force-disabling *.entities_sink_in_falling_fluids
[19ago2025 19:07:48.115] [main/WARN] [Forgery/]: FabInjector failed to find injection point for net/minecraft/world/entity/Entity;m_204031_(Lnet/minecraft/tags/TagKey;D)Z	Lnet/minecraft/world/level/Level;m_6425_(Lnet/minecraft/core/BlockPos;)Lnet/minecraft/world/level/material/FluidState;
 located in com.unascribed.fabrication.mixin.g_weird_tweaks.entities_sink_in_falling_fluids.MixinEntity
[19ago2025 19:07:48.115] [main/WARN] [Forgery/]: ! Force-disabling *.entities_sink_in_falling_fluids
[19ago2025 19:07:48.979] [main/WARN] [mixin/]: @Redirect conflict. Skipping mixins.redirected_forge_1.20.1.json:net.minecraft.world.level.block.piston.PistonBaseBlockMixin from mod redirected->@Redirect::redirectDirections()[Lnet/minecraft/core/Direction; with priority 10, already redirected by lithium.mixins.json:alloc.enum_values.piston_block.PistonBlockMixin from mod radium->@Redirect::removeAllocation()[Lnet/minecraft/core/Direction; with priority 1000
[19ago2025 19:07:48.979] [main/WARN] [mixin/]: @Redirect conflict. Skipping mixins.redirected_forge_1.20.1.json:net.minecraft.world.level.block.piston.PistonBaseBlockMixin from mod redirected->@Redirect::redirectDirections()[Lnet/minecraft/core/Direction; with priority 10, already redirected by lithium.mixins.json:alloc.enum_values.piston_block.PistonBlockMixin from mod radium->@Redirect::removeAllocation()[Lnet/minecraft/core/Direction; with priority 1000
[19ago2025 19:07:49.012] [main/WARN] [mixin/]: @Redirect conflict. Skipping mixins.redirected_forge_1.20.1.json:net.minecraft.world.level.block.RedStoneWireBlockMixin from mod redirected->@Redirect::redirectDirections()[Lnet/minecraft/core/Direction; with priority 10, already redirected by lithium.mixins.json:alloc.enum_values.redstone_wire.RedstoneWireBlockMixin from mod radium->@Redirect::removeAllocation1()[Lnet/minecraft/core/Direction; with priority 1000
[19ago2025 19:07:49.012] [main/WARN] [mixin/]: @Redirect conflict. Skipping mixins.redirected_forge_1.20.1.json:net.minecraft.world.level.block.RedStoneWireBlockMixin from mod redirected->@Redirect::redirectDirections()[Lnet/minecraft/core/Direction; with priority 10, already redirected by lithium.mixins.json:alloc.enum_values.redstone_wire.RedstoneWireBlockMixin from mod radium->@Redirect::removeAllocation2()[Lnet/minecraft/core/Direction; with priority 1000
[19ago2025 19:07:49.459] [main/INFO] [net.minecraft.server.Bootstrap/]: Vanilla bootstrap took 1935 milliseconds
[19ago2025 19:07:49.507] [main/WARN] [mixin/]: @ModifyConstant conflict. Skipping connectivity.mixins.json:ClientBoundCustomPayloadPacketLMixin from mod connectivity->@ModifyConstant::modifyLimit(I)I with priority 1, already redirected by packetfixer.v1_19_4.forge.mixins.json:v1_19_4_forge.ClientboundCustomPayloadPacketMixin from mod packetfixer->@ModifyConstant::packetfixer$newSize(I)I with priority 1000
[19ago2025 19:07:49.507] [main/WARN] [mixin/]: @ModifyConstant conflict. Skipping connectivity.mixins.json:ClientBoundCustomPayloadPacketLMixin from mod connectivity->@ModifyConstant::modifyLimit(I)I with priority 1, already redirected by packetfixer.v1_19_4.forge.mixins.json:v1_19_4_forge.ClientboundCustomPayloadPacketMixin from mod packetfixer->@ModifyConstant::packetfixer$newSize(I)I with priority 1000
[19ago2025 19:07:49.607] [main/WARN] [mixin/]: @Redirect conflict. Skipping mixins.redirected_forge_1.20.1.json:net.minecraft.world.level.block.piston.PistonStructureResolverMixin from mod redirected->@Redirect::redirectDirections()[Lnet/minecraft/core/Direction; with priority 10, already redirected by lithium.mixins.json:alloc.enum_values.piston_handler.PistonHandlerMixin from mod radium->@Redirect::removeAllocation()[Lnet/minecraft/core/Direction; with priority 1000
[19ago2025 19:07:51.336] [main/INFO] [mixin/]: Mixing server.MixinServerGamePacketListenerImpl from mixins/common/nochatreports.mixins.json into net.minecraft.server.network.ServerGamePacketListenerImpl
[19ago2025 19:07:51.994] [main/WARN] [mixin/]: Static binding violation: PRIVATE @Overwrite method m_47505_ in modernfix-common.mixins.json:perf.remove_biome_temperature_cache.BiomeMixin from mod modernfix cannot reduce visibiliy of PUBLIC target method, visibility will be upgraded.
[19ago2025 19:07:51.995] [main/WARN] [mixin/]: Method overwrite conflict for m_47505_ in lithium.mixins.json:world.temperature_cache.BiomeMixin from mod radium, previously written by org.embeddedt.modernfix.common.mixin.perf.remove_biome_temperature_cache.BiomeMixin. Skipping method.
[19ago2025 19:07:52.186] [main/INFO] [KubeJS/]: Found plugin source aaa_particles
[19ago2025 19:07:52.216] [main/INFO] [org.betterx.worlds.together.util.Logger/]: [betternether] =^..^=    BetterNether for 1.20    =^..^=
[19ago2025 19:07:52.224] [main/INFO] [org.betterx.worlds.together.util.Logger/]: [bclib] Added Config betternether.main to auto sync (file hash)
[19ago2025 19:07:52.226] [main/INFO] [org.betterx.worlds.together.util.Logger/]: [bclib] Added Config betternether.generator to auto sync (file hash)
[19ago2025 19:07:52.227] [main/INFO] [org.betterx.worlds.together.util.Logger/]: [bclib] Added Config betternether.blocks to auto sync (file hash)
[19ago2025 19:07:52.227] [main/INFO] [org.betterx.worlds.together.util.Logger/]: [bclib] Added Config betternether.items to auto sync (file hash)
[19ago2025 19:07:52.228] [main/INFO] [org.betterx.worlds.together.util.Logger/]: [bclib] Added Config betternether.biomes to auto sync (file hash)
[19ago2025 19:07:52.229] [main/INFO] [org.betterx.worlds.together.util.Logger/]: [bclib] Added Config betternether.mobs to auto sync (file hash)
[19ago2025 19:07:52.229] [main/INFO] [org.betterx.worlds.together.util.Logger/]: [bclib] Added Config betternether.recipes to auto sync (file hash)
[19ago2025 19:07:52.301] [main/WARN] [mixin/]: Static binding violation: PRIVATE @Overwrite method m_215924_ in modernfix-forge.mixins.json:perf.tag_id_caching.TagEntryMixin from mod modernfix cannot reduce visibiliy of PUBLIC target method, visibility will be upgraded.
[19ago2025 19:07:52.396] [main/ERROR] [net.minecraftforge.fml.loading.RuntimeDistCleaner/DISTXFORM]: Attempted to load class net/minecraft/client/renderer/block/model/BlockModel for invalid dist DEDICATED_SERVER
[19ago2025 19:07:52.397] [main/WARN] [Radium Class Analysis/]: Radium Class Analysis Error: Class org.betterx.bclib.blocks.BaseBlock cannot be analysed, because getting declared methods crashes with RuntimeException: Attempted to load class net/minecraft/client/renderer/block/model/BlockModel for invalid dist DEDICATED_SERVER. This is usually caused by modded entities declaring methods that have a return type or parameter type that is annotated with @OnlyIn(Dist.CLIENT). Loading the type is not possible, because it only exists in the CLIENT environment. The recommended fix is to annotate the method with this argument or return type with the same annotation. Lithium handles this error by assuming the class cannot be included in some optimizations.
[19ago2025 19:07:52.397] [main/ERROR] [net.minecraftforge.fml.loading.RuntimeDistCleaner/DISTXFORM]: Attempted to load class net/minecraft/client/renderer/block/model/BlockModel for invalid dist DEDICATED_SERVER
[19ago2025 19:07:52.397] [main/WARN] [Radium Class Analysis/]: Radium Class Analysis Error: Class org.betterx.bclib.blocks.BaseBlock cannot be analysed, because getting declared methods crashes with RuntimeException: Attempted to load class net/minecraft/client/renderer/block/model/BlockModel for invalid dist DEDICATED_SERVER. This is usually caused by modded entities declaring methods that have a return type or parameter type that is annotated with @OnlyIn(Dist.CLIENT). Loading the type is not possible, because it only exists in the CLIENT environment. The recommended fix is to annotate the method with this argument or return type with the same annotation. Lithium handles this error by assuming the class cannot be included in some optimizations.
[19ago2025 19:07:52.398] [main/ERROR] [net.minecraftforge.fml.loading.RuntimeDistCleaner/DISTXFORM]: Attempted to load class net/minecraft/client/renderer/block/model/BlockModel for invalid dist DEDICATED_SERVER
[19ago2025 19:07:52.398] [main/WARN] [Radium Class Analysis/]: Radium Class Analysis Error: Class org.betterx.bclib.blocks.BaseBlock cannot be analysed, because getting declared methods crashes with RuntimeException: Attempted to load class net/minecraft/client/renderer/block/model/BlockModel for invalid dist DEDICATED_SERVER. This is usually caused by modded entities declaring methods that have a return type or parameter type that is annotated with @OnlyIn(Dist.CLIENT). Loading the type is not possible, because it only exists in the CLIENT environment. The recommended fix is to annotate the method with this argument or return type with the same annotation. Lithium handles this error by assuming the class cannot be included in some optimizations.
[19ago2025 19:07:52.399] [main/ERROR] [net.minecraftforge.fml.loading.RuntimeDistCleaner/DISTXFORM]: Attempted to load class net/minecraft/client/renderer/block/model/BlockModel for invalid dist DEDICATED_SERVER
[19ago2025 19:07:52.399] [main/WARN] [Radium Class Analysis/]: Radium Class Analysis Error: Class org.betterx.bclib.blocks.BaseBlock cannot be analysed, because getting declared methods crashes with RuntimeException: Attempted to load class net/minecraft/client/renderer/block/model/BlockModel for invalid dist DEDICATED_SERVER. This is usually caused by modded entities declaring methods that have a return type or parameter type that is annotated with @OnlyIn(Dist.CLIENT). Loading the type is not possible, because it only exists in the CLIENT environment. The recommended fix is to annotate the method with this argument or return type with the same annotation. Lithium handles this error by assuming the class cannot be included in some optimizations.
[19ago2025 19:07:52.399] [main/ERROR] [net.minecraftforge.fml.loading.RuntimeDistCleaner/DISTXFORM]: Attempted to load class net/minecraft/client/renderer/block/model/BlockModel for invalid dist DEDICATED_SERVER
[19ago2025 19:07:52.400] [main/WARN] [Radium Class Analysis/]: Radium Class Analysis Error: Class org.betterx.bclib.blocks.BaseBlock cannot be analysed, because getting declared methods crashes with RuntimeException: Attempted to load class net/minecraft/client/renderer/block/model/BlockModel for invalid dist DEDICATED_SERVER. This is usually caused by modded entities declaring methods that have a return type or parameter type that is annotated with @OnlyIn(Dist.CLIENT). Loading the type is not possible, because it only exists in the CLIENT environment. The recommended fix is to annotate the method with this argument or return type with the same annotation. Lithium handles this error by assuming the class cannot be included in some optimizations.
[19ago2025 19:07:52.400] [main/ERROR] [net.minecraftforge.fml.loading.RuntimeDistCleaner/DISTXFORM]: Attempted to load class net/minecraft/client/renderer/block/model/BlockModel for invalid dist DEDICATED_SERVER
[19ago2025 19:07:52.400] [main/WARN] [Radium Class Analysis/]: Radium Class Analysis Error: Class org.betterx.bclib.blocks.BaseBlock cannot be analysed, because getting declared methods crashes with RuntimeException: Attempted to load class net/minecraft/client/renderer/block/model/BlockModel for invalid dist DEDICATED_SERVER. This is usually caused by modded entities declaring methods that have a return type or parameter type that is annotated with @OnlyIn(Dist.CLIENT). Loading the type is not possible, because it only exists in the CLIENT environment. The recommended fix is to annotate the method with this argument or return type with the same annotation. Lithium handles this error by assuming the class cannot be included in some optimizations.
[19ago2025 19:07:52.402] [main/ERROR] [net.minecraftforge.fml.loading.RuntimeDistCleaner/DISTXFORM]: Attempted to load class net/minecraft/client/renderer/block/model/BlockModel for invalid dist DEDICATED_SERVER
[19ago2025 19:07:52.402] [main/WARN] [Radium Class Analysis/]: Radium Class Analysis Error: Class org.betterx.bclib.blocks.BaseBlock cannot be analysed, because getting declared methods crashes with RuntimeException: Attempted to load class net/minecraft/client/renderer/block/model/BlockModel for invalid dist DEDICATED_SERVER. This is usually caused by modded entities declaring methods that have a return type or parameter type that is annotated with @OnlyIn(Dist.CLIENT). Loading the type is not possible, because it only exists in the CLIENT environment. The recommended fix is to annotate the method with this argument or return type with the same annotation. Lithium handles this error by assuming the class cannot be included in some optimizations.
[19ago2025 19:07:52.402] [main/ERROR] [net.minecraftforge.fml.loading.RuntimeDistCleaner/DISTXFORM]: Attempted to load class net/minecraft/client/renderer/block/model/BlockModel for invalid dist DEDICATED_SERVER
[19ago2025 19:07:52.402] [main/WARN] [Radium Class Analysis/]: Radium Class Analysis Error: Class org.betterx.bclib.blocks.BaseBlock cannot be analysed, because getting declared methods crashes with RuntimeException: Attempted to load class net/minecraft/client/renderer/block/model/BlockModel for invalid dist DEDICATED_SERVER. This is usually caused by modded entities declaring methods that have a return type or parameter type that is annotated with @OnlyIn(Dist.CLIENT). Loading the type is not possible, because it only exists in the CLIENT environment. The recommended fix is to annotate the method with this argument or return type with the same annotation. Lithium handles this error by assuming the class cannot be included in some optimizations.
[19ago2025 19:07:52.403] [main/ERROR] [net.minecraftforge.fml.loading.RuntimeDistCleaner/DISTXFORM]: Attempted to load class net/minecraft/client/renderer/block/model/BlockModel for invalid dist DEDICATED_SERVER
[19ago2025 19:07:52.403] [main/WARN] [Radium Class Analysis/]: Radium Class Analysis Error: Class org.betterx.bclib.blocks.BaseBlock cannot be analysed, because getting declared methods crashes with RuntimeException: Attempted to load class net/minecraft/client/renderer/block/model/BlockModel for invalid dist DEDICATED_SERVER. This is usually caused by modded entities declaring methods that have a return type or parameter type that is annotated with @OnlyIn(Dist.CLIENT). Loading the type is not possible, because it only exists in the CLIENT environment. The recommended fix is to annotate the method with this argument or return type with the same annotation. Lithium handles this error by assuming the class cannot be included in some optimizations.
[19ago2025 19:07:52.404] [main/ERROR] [net.minecraftforge.fml.loading.RuntimeDistCleaner/DISTXFORM]: Attempted to load class net/minecraft/client/renderer/block/model/BlockModel for invalid dist DEDICATED_SERVER
[19ago2025 19:07:52.404] [main/WARN] [Radium Class Analysis/]: Radium Class Analysis Error: Class org.betterx.bclib.blocks.BaseBlock cannot be analysed, because getting declared methods crashes with RuntimeException: Attempted to load class net/minecraft/client/renderer/block/model/BlockModel for invalid dist DEDICATED_SERVER. This is usually caused by modded entities declaring methods that have a return type or parameter type that is annotated with @OnlyIn(Dist.CLIENT). Loading the type is not possible, because it only exists in the CLIENT environment. The recommended fix is to annotate the method with this argument or return type with the same annotation. Lithium handles this error by assuming the class cannot be included in some optimizations.
[19ago2025 19:07:52.412] [main/ERROR] [net.minecraftforge.fml.loading.RuntimeDistCleaner/DISTXFORM]: Attempted to load class net/minecraft/client/renderer/block/model/BlockModel for invalid dist DEDICATED_SERVER
[19ago2025 19:07:52.413] [main/WARN] [Radium Class Analysis/]: Radium Class Analysis Error: Class org.betterx.bclib.blocks.BaseBlock cannot be analysed, because getting declared methods crashes with RuntimeException: Attempted to load class net/minecraft/client/renderer/block/model/BlockModel for invalid dist DEDICATED_SERVER. This is usually caused by modded entities declaring methods that have a return type or parameter type that is annotated with @OnlyIn(Dist.CLIENT). Loading the type is not possible, because it only exists in the CLIENT environment. The recommended fix is to annotate the method with this argument or return type with the same annotation. Lithium handles this error by assuming the class cannot be included in some optimizations.
[19ago2025 19:07:52.413] [main/ERROR] [net.minecraftforge.fml.loading.RuntimeDistCleaner/DISTXFORM]: Attempted to load class net/minecraft/client/renderer/block/model/BlockModel for invalid dist DEDICATED_SERVER
[19ago2025 19:07:52.413] [main/WARN] [Radium Class Analysis/]: Radium Class Analysis Error: Class org.betterx.bclib.blocks.BaseBlock cannot be analysed, because getting declared methods crashes with RuntimeException: Attempted to load class net/minecraft/client/renderer/block/model/BlockModel for invalid dist DEDICATED_SERVER. This is usually caused by modded entities declaring methods that have a return type or parameter type that is annotated with @OnlyIn(Dist.CLIENT). Loading the type is not possible, because it only exists in the CLIENT environment. The recommended fix is to annotate the method with this argument or return type with the same annotation. Lithium handles this error by assuming the class cannot be included in some optimizations.
[19ago2025 19:07:52.415] [main/ERROR] [net.minecraftforge.fml.loading.RuntimeDistCleaner/DISTXFORM]: Attempted to load class net/minecraft/client/renderer/block/model/BlockModel for invalid dist DEDICATED_SERVER
[19ago2025 19:07:52.415] [main/WARN] [Radium Class Analysis/]: Radium Class Analysis Error: Class org.betterx.bclib.blocks.BaseBlock cannot be analysed, because getting declared methods crashes with RuntimeException: Attempted to load class net/minecraft/client/renderer/block/model/BlockModel for invalid dist DEDICATED_SERVER. This is usually caused by modded entities declaring methods that have a return type or parameter type that is annotated with @OnlyIn(Dist.CLIENT). Loading the type is not possible, because it only exists in the CLIENT environment. The recommended fix is to annotate the method with this argument or return type with the same annotation. Lithium handles this error by assuming the class cannot be included in some optimizations.
[19ago2025 19:07:52.416] [main/ERROR] [net.minecraftforge.fml.loading.RuntimeDistCleaner/DISTXFORM]: Attempted to load class net/minecraft/client/renderer/block/model/BlockModel for invalid dist DEDICATED_SERVER
[19ago2025 19:07:52.416] [main/WARN] [Radium Class Analysis/]: Radium Class Analysis Error: Class org.betterx.bclib.blocks.BaseBlock cannot be analysed, because getting declared methods crashes with RuntimeException: Attempted to load class net/minecraft/client/renderer/block/model/BlockModel for invalid dist DEDICATED_SERVER. This is usually caused by modded entities declaring methods that have a return type or parameter type that is annotated with @OnlyIn(Dist.CLIENT). Loading the type is not possible, because it only exists in the CLIENT environment. The recommended fix is to annotate the method with this argument or return type with the same annotation. Lithium handles this error by assuming the class cannot be included in some optimizations.
[19ago2025 19:07:52.433] [main/ERROR] [net.minecraftforge.fml.loading.RuntimeDistCleaner/DISTXFORM]: Attempted to load class net/minecraft/client/renderer/block/model/BlockModel for invalid dist DEDICATED_SERVER
[19ago2025 19:07:52.433] [main/WARN] [Radium Class Analysis/]: Radium Class Analysis Error: Class org.betterx.bclib.blocks.BaseLeavesBlock cannot be analysed, because getting declared methods crashes with RuntimeException: Attempted to load class net/minecraft/client/renderer/block/model/BlockModel for invalid dist DEDICATED_SERVER. This is usually caused by modded entities declaring methods that have a return type or parameter type that is annotated with @OnlyIn(Dist.CLIENT). Loading the type is not possible, because it only exists in the CLIENT environment. The recommended fix is to annotate the method with this argument or return type with the same annotation. Lithium handles this error by assuming the class cannot be included in some optimizations.
[19ago2025 19:07:52.434] [main/ERROR] [net.minecraftforge.fml.loading.RuntimeDistCleaner/DISTXFORM]: Attempted to load class net/minecraft/client/renderer/block/model/BlockModel for invalid dist DEDICATED_SERVER
[19ago2025 19:07:52.434] [main/WARN] [Radium Class Analysis/]: Radium Class Analysis Error: Class org.betterx.bclib.blocks.BaseLeavesBlock cannot be analysed, because getting declared methods crashes with RuntimeException: Attempted to load class net/minecraft/client/renderer/block/model/BlockModel for invalid dist DEDICATED_SERVER. This is usually caused by modded entities declaring methods that have a return type or parameter type that is annotated with @OnlyIn(Dist.CLIENT). Loading the type is not possible, because it only exists in the CLIENT environment. The recommended fix is to annotate the method with this argument or return type with the same annotation. Lithium handles this error by assuming the class cannot be included in some optimizations.
[19ago2025 19:07:52.439] [main/ERROR] [net.minecraftforge.fml.loading.RuntimeDistCleaner/DISTXFORM]: Attempted to load class net/minecraft/client/renderer/block/model/BlockModel for invalid dist DEDICATED_SERVER
[19ago2025 19:07:52.440] [main/WARN] [Radium Class Analysis/]: Radium Class Analysis Error: Class org.betterx.bclib.blocks.BaseOreBlock cannot be analysed, because getting declared methods crashes with RuntimeException: Attempted to load class net/minecraft/client/renderer/block/model/BlockModel for invalid dist DEDICATED_SERVER. This is usually caused by modded entities declaring methods that have a return type or parameter type that is annotated with @OnlyIn(Dist.CLIENT). Loading the type is not possible, because it only exists in the CLIENT environment. The recommended fix is to annotate the method with this argument or return type with the same annotation. Lithium handles this error by assuming the class cannot be included in some optimizations.
[19ago2025 19:07:52.440] [main/ERROR] [net.minecraftforge.fml.loading.RuntimeDistCleaner/DISTXFORM]: Attempted to load class net/minecraft/client/renderer/block/model/BlockModel for invalid dist DEDICATED_SERVER
[19ago2025 19:07:52.440] [main/WARN] [Radium Class Analysis/]: Radium Class Analysis Error: Class org.betterx.bclib.blocks.BaseOreBlock cannot be analysed, because getting declared methods crashes with RuntimeException: Attempted to load class net/minecraft/client/renderer/block/model/BlockModel for invalid dist DEDICATED_SERVER. This is usually caused by modded entities declaring methods that have a return type or parameter type that is annotated with @OnlyIn(Dist.CLIENT). Loading the type is not possible, because it only exists in the CLIENT environment. The recommended fix is to annotate the method with this argument or return type with the same annotation. Lithium handles this error by assuming the class cannot be included in some optimizations.
[19ago2025 19:07:52.445] [main/ERROR] [net.minecraftforge.fml.loading.RuntimeDistCleaner/DISTXFORM]: Attempted to load class net/minecraft/client/renderer/block/model/BlockModel for invalid dist DEDICATED_SERVER
[19ago2025 19:07:52.445] [main/WARN] [Radium Class Analysis/]: Radium Class Analysis Error: Class org.betterx.bclib.blocks.BaseBlock cannot be analysed, because getting declared methods crashes with RuntimeException: Attempted to load class net/minecraft/client/renderer/block/model/BlockModel for invalid dist DEDICATED_SERVER. This is usually caused by modded entities declaring methods that have a return type or parameter type that is annotated with @OnlyIn(Dist.CLIENT). Loading the type is not possible, because it only exists in the CLIENT environment. The recommended fix is to annotate the method with this argument or return type with the same annotation. Lithium handles this error by assuming the class cannot be included in some optimizations.
[19ago2025 19:07:52.445] [main/ERROR] [net.minecraftforge.fml.loading.RuntimeDistCleaner/DISTXFORM]: Attempted to load class net/minecraft/client/renderer/block/model/BlockModel for invalid dist DEDICATED_SERVER
[19ago2025 19:07:52.445] [main/WARN] [Radium Class Analysis/]: Radium Class Analysis Error: Class org.betterx.bclib.blocks.BaseBlock cannot be analysed, because getting declared methods crashes with RuntimeException: Attempted to load class net/minecraft/client/renderer/block/model/BlockModel for invalid dist DEDICATED_SERVER. This is usually caused by modded entities declaring methods that have a return type or parameter type that is annotated with @OnlyIn(Dist.CLIENT). Loading the type is not possible, because it only exists in the CLIENT environment. The recommended fix is to annotate the method with this argument or return type with the same annotation. Lithium handles this error by assuming the class cannot be included in some optimizations.
[19ago2025 19:07:52.446] [main/ERROR] [net.minecraftforge.fml.loading.RuntimeDistCleaner/DISTXFORM]: Attempted to load class net/minecraft/client/renderer/block/model/BlockModel for invalid dist DEDICATED_SERVER
[19ago2025 19:07:52.446] [main/WARN] [Radium Class Analysis/]: Radium Class Analysis Error: Class org.betterx.bclib.blocks.BaseBlock cannot be analysed, because getting declared methods crashes with RuntimeException: Attempted to load class net/minecraft/client/renderer/block/model/BlockModel for invalid dist DEDICATED_SERVER. This is usually caused by modded entities declaring methods that have a return type or parameter type that is annotated with @OnlyIn(Dist.CLIENT). Loading the type is not possible, because it only exists in the CLIENT environment. The recommended fix is to annotate the method with this argument or return type with the same annotation. Lithium handles this error by assuming the class cannot be included in some optimizations.
[19ago2025 19:07:52.447] [main/ERROR] [net.minecraftforge.fml.loading.RuntimeDistCleaner/DISTXFORM]: Attempted to load class net/minecraft/client/renderer/block/model/BlockModel for invalid dist DEDICATED_SERVER
[19ago2025 19:07:52.447] [main/WARN] [Radium Class Analysis/]: Radium Class Analysis Error: Class org.betterx.bclib.blocks.BaseBlock cannot be analysed, because getting declared methods crashes with RuntimeException: Attempted to load class net/minecraft/client/renderer/block/model/BlockModel for invalid dist DEDICATED_SERVER. This is usually caused by modded entities declaring methods that have a return type or parameter type that is annotated with @OnlyIn(Dist.CLIENT). Loading the type is not possible, because it only exists in the CLIENT environment. The recommended fix is to annotate the method with this argument or return type with the same annotation. Lithium handles this error by assuming the class cannot be included in some optimizations.
[19ago2025 19:07:52.449] [main/ERROR] [net.minecraftforge.fml.loading.RuntimeDistCleaner/DISTXFORM]: Attempted to load class net/minecraft/client/renderer/block/model/BlockModel for invalid dist DEDICATED_SERVER
[19ago2025 19:07:52.449] [main/WARN] [Radium Class Analysis/]: Radium Class Analysis Error: Class org.betterx.bclib.blocks.BaseBlock cannot be analysed, because getting declared methods crashes with RuntimeException: Attempted to load class net/minecraft/client/renderer/block/model/BlockModel for invalid dist DEDICATED_SERVER. This is usually caused by modded entities declaring methods that have a return type or parameter type that is annotated with @OnlyIn(Dist.CLIENT). Loading the type is not possible, because it only exists in the CLIENT environment. The recommended fix is to annotate the method with this argument or return type with the same annotation. Lithium handles this error by assuming the class cannot be included in some optimizations.
[19ago2025 19:07:52.449] [main/ERROR] [net.minecraftforge.fml.loading.RuntimeDistCleaner/DISTXFORM]: Attempted to load class net/minecraft/client/renderer/block/model/BlockModel for invalid dist DEDICATED_SERVER
[19ago2025 19:07:52.449] [main/WARN] [Radium Class Analysis/]: Radium Class Analysis Error: Class org.betterx.bclib.blocks.BaseBlock cannot be analysed, because getting declared methods crashes with RuntimeException: Attempted to load class net/minecraft/client/renderer/block/model/BlockModel for invalid dist DEDICATED_SERVER. This is usually caused by modded entities declaring methods that have a return type or parameter type that is annotated with @OnlyIn(Dist.CLIENT). Loading the type is not possible, because it only exists in the CLIENT environment. The recommended fix is to annotate the method with this argument or return type with the same annotation. Lithium handles this error by assuming the class cannot be included in some optimizations.
[19ago2025 19:07:52.456] [main/ERROR] [net.minecraftforge.fml.loading.RuntimeDistCleaner/DISTXFORM]: Attempted to load class net/minecraft/client/renderer/block/model/BlockModel for invalid dist DEDICATED_SERVER
[19ago2025 19:07:52.456] [main/WARN] [Radium Class Analysis/]: Radium Class Analysis Error: Class org.betterx.betternether.blocks.RedstoneOreBlock cannot be analysed, because getting declared methods crashes with RuntimeException: Attempted to load class net/minecraft/client/renderer/block/model/BlockModel for invalid dist DEDICATED_SERVER. This is usually caused by modded entities declaring methods that have a return type or parameter type that is annotated with @OnlyIn(Dist.CLIENT). Loading the type is not possible, because it only exists in the CLIENT environment. The recommended fix is to annotate the method with this argument or return type with the same annotation. Lithium handles this error by assuming the class cannot be included in some optimizations.
[19ago2025 19:07:52.458] [main/ERROR] [net.minecraftforge.fml.loading.RuntimeDistCleaner/DISTXFORM]: Attempted to load class net/minecraft/client/renderer/block/model/BlockModel for invalid dist DEDICATED_SERVER
[19ago2025 19:07:52.458] [main/WARN] [Radium Class Analysis/]: Radium Class Analysis Error: Class org.betterx.betternether.blocks.RedstoneOreBlock cannot be analysed, because getting declared methods crashes with RuntimeException: Attempted to load class net/minecraft/client/renderer/block/model/BlockModel for invalid dist DEDICATED_SERVER. This is usually caused by modded entities declaring methods that have a return type or parameter type that is annotated with @OnlyIn(Dist.CLIENT). Loading the type is not possible, because it only exists in the CLIENT environment. The recommended fix is to annotate the method with this argument or return type with the same annotation. Lithium handles this error by assuming the class cannot be included in some optimizations.
[19ago2025 19:07:52.460] [main/WARN] [org.betterx.worlds.together.util.Logger/]: [bclib] Recipe betternether:bone_block_bone_button only takes in a single item and should be shapeless
[19ago2025 19:07:52.462] [main/ERROR] [net.minecraftforge.fml.loading.RuntimeDistCleaner/DISTXFORM]: Attempted to load class net/minecraft/client/renderer/block/model/BlockModel for invalid dist DEDICATED_SERVER
[19ago2025 19:07:52.462] [main/WARN] [Radium Class Analysis/]: Radium Class Analysis Error: Class org.betterx.bclib.blocks.BaseBlock cannot be analysed, because getting declared methods crashes with RuntimeException: Attempted to load class net/minecraft/client/renderer/block/model/BlockModel for invalid dist DEDICATED_SERVER. This is usually caused by modded entities declaring methods that have a return type or parameter type that is annotated with @OnlyIn(Dist.CLIENT). Loading the type is not possible, because it only exists in the CLIENT environment. The recommended fix is to annotate the method with this argument or return type with the same annotation. Lithium handles this error by assuming the class cannot be included in some optimizations.
[19ago2025 19:07:52.463] [main/ERROR] [net.minecraftforge.fml.loading.RuntimeDistCleaner/DISTXFORM]: Attempted to load class net/minecraft/client/renderer/block/model/BlockModel for invalid dist DEDICATED_SERVER
[19ago2025 19:07:52.463] [main/WARN] [Radium Class Analysis/]: Radium Class Analysis Error: Class org.betterx.bclib.blocks.BaseBlock cannot be analysed, because getting declared methods crashes with RuntimeException: Attempted to load class net/minecraft/client/renderer/block/model/BlockModel for invalid dist DEDICATED_SERVER. This is usually caused by modded entities declaring methods that have a return type or parameter type that is annotated with @OnlyIn(Dist.CLIENT). Loading the type is not possible, because it only exists in the CLIENT environment. The recommended fix is to annotate the method with this argument or return type with the same annotation. Lithium handles this error by assuming the class cannot be included in some optimizations.
[19ago2025 19:07:52.478] [main/ERROR] [net.minecraftforge.fml.loading.RuntimeDistCleaner/DISTXFORM]: Attempted to load class net/minecraft/client/renderer/block/model/BlockModel for invalid dist DEDICATED_SERVER
[19ago2025 19:07:52.479] [main/WARN] [Radium Class Analysis/]: Radium Class Analysis Error: Class org.betterx.bclib.blocks.BaseBlock cannot be analysed, because getting declared methods crashes with RuntimeException: Attempted to load class net/minecraft/client/renderer/block/model/BlockModel for invalid dist DEDICATED_SERVER. This is usually caused by modded entities declaring methods that have a return type or parameter type that is annotated with @OnlyIn(Dist.CLIENT). Loading the type is not possible, because it only exists in the CLIENT environment. The recommended fix is to annotate the method with this argument or return type with the same annotation. Lithium handles this error by assuming the class cannot be included in some optimizations.
[19ago2025 19:07:52.479] [main/ERROR] [net.minecraftforge.fml.loading.RuntimeDistCleaner/DISTXFORM]: Attempted to load class net/minecraft/client/renderer/block/model/BlockModel for invalid dist DEDICATED_SERVER
[19ago2025 19:07:52.479] [main/WARN] [Radium Class Analysis/]: Radium Class Analysis Error: Class org.betterx.bclib.blocks.BaseBlock cannot be analysed, because getting declared methods crashes with RuntimeException: Attempted to load class net/minecraft/client/renderer/block/model/BlockModel for invalid dist DEDICATED_SERVER. This is usually caused by modded entities declaring methods that have a return type or parameter type that is annotated with @OnlyIn(Dist.CLIENT). Loading the type is not possible, because it only exists in the CLIENT environment. The recommended fix is to annotate the method with this argument or return type with the same annotation. Lithium handles this error by assuming the class cannot be included in some optimizations.
[19ago2025 19:07:52.480] [main/ERROR] [net.minecraftforge.fml.loading.RuntimeDistCleaner/DISTXFORM]: Attempted to load class net/minecraft/client/renderer/block/model/BlockModel for invalid dist DEDICATED_SERVER
[19ago2025 19:07:52.480] [main/WARN] [Radium Class Analysis/]: Radium Class Analysis Error: Class org.betterx.bclib.blocks.BaseBlock cannot be analysed, because getting declared methods crashes with RuntimeException: Attempted to load class net/minecraft/client/renderer/block/model/BlockModel for invalid dist DEDICATED_SERVER. This is usually caused by modded entities declaring methods that have a return type or parameter type that is annotated with @OnlyIn(Dist.CLIENT). Loading the type is not possible, because it only exists in the CLIENT environment. The recommended fix is to annotate the method with this argument or return type with the same annotation. Lithium handles this error by assuming the class cannot be included in some optimizations.
[19ago2025 19:07:52.481] [main/ERROR] [net.minecraftforge.fml.loading.RuntimeDistCleaner/DISTXFORM]: Attempted to load class net/minecraft/client/renderer/block/model/BlockModel for invalid dist DEDICATED_SERVER
[19ago2025 19:07:52.481] [main/WARN] [Radium Class Analysis/]: Radium Class Analysis Error: Class org.betterx.bclib.blocks.BaseBlock cannot be analysed, because getting declared methods crashes with RuntimeException: Attempted to load class net/minecraft/client/renderer/block/model/BlockModel for invalid dist DEDICATED_SERVER. This is usually caused by modded entities declaring methods that have a return type or parameter type that is annotated with @OnlyIn(Dist.CLIENT). Loading the type is not possible, because it only exists in the CLIENT environment. The recommended fix is to annotate the method with this argument or return type with the same annotation. Lithium handles this error by assuming the class cannot be included in some optimizations.
[19ago2025 19:07:52.481] [main/ERROR] [net.minecraftforge.fml.loading.RuntimeDistCleaner/DISTXFORM]: Attempted to load class net/minecraft/client/renderer/block/model/BlockModel for invalid dist DEDICATED_SERVER
[19ago2025 19:07:52.481] [main/WARN] [Radium Class Analysis/]: Radium Class Analysis Error: Class org.betterx.bclib.blocks.BaseBlock cannot be analysed, because getting declared methods crashes with RuntimeException: Attempted to load class net/minecraft/client/renderer/block/model/BlockModel for invalid dist DEDICATED_SERVER. This is usually caused by modded entities declaring methods that have a return type or parameter type that is annotated with @OnlyIn(Dist.CLIENT). Loading the type is not possible, because it only exists in the CLIENT environment. The recommended fix is to annotate the method with this argument or return type with the same annotation. Lithium handles this error by assuming the class cannot be included in some optimizations.
[19ago2025 19:07:52.482] [main/ERROR] [net.minecraftforge.fml.loading.RuntimeDistCleaner/DISTXFORM]: Attempted to load class net/minecraft/client/renderer/block/model/BlockModel for invalid dist DEDICATED_SERVER
[19ago2025 19:07:52.482] [main/WARN] [Radium Class Analysis/]: Radium Class Analysis Error: Class org.betterx.bclib.blocks.BaseBlock cannot be analysed, because getting declared methods crashes with RuntimeException: Attempted to load class net/minecraft/client/renderer/block/model/BlockModel for invalid dist DEDICATED_SERVER. This is usually caused by modded entities declaring methods that have a return type or parameter type that is annotated with @OnlyIn(Dist.CLIENT). Loading the type is not possible, because it only exists in the CLIENT environment. The recommended fix is to annotate the method with this argument or return type with the same annotation. Lithium handles this error by assuming the class cannot be included in some optimizations.
[19ago2025 19:07:52.482] [main/ERROR] [net.minecraftforge.fml.loading.RuntimeDistCleaner/DISTXFORM]: Attempted to load class net/minecraft/client/renderer/block/model/BlockModel for invalid dist DEDICATED_SERVER
[19ago2025 19:07:52.482] [main/WARN] [Radium Class Analysis/]: Radium Class Analysis Error: Class org.betterx.bclib.blocks.BaseBlock cannot be analysed, because getting declared methods crashes with RuntimeException: Attempted to load class net/minecraft/client/renderer/block/model/BlockModel for invalid dist DEDICATED_SERVER. This is usually caused by modded entities declaring methods that have a return type or parameter type that is annotated with @OnlyIn(Dist.CLIENT). Loading the type is not possible, because it only exists in the CLIENT environment. The recommended fix is to annotate the method with this argument or return type with the same annotation. Lithium handles this error by assuming the class cannot be included in some optimizations.
[19ago2025 19:07:52.483] [main/ERROR] [net.minecraftforge.fml.loading.RuntimeDistCleaner/DISTXFORM]: Attempted to load class net/minecraft/client/renderer/block/model/BlockModel for invalid dist DEDICATED_SERVER
[19ago2025 19:07:52.483] [main/WARN] [Radium Class Analysis/]: Radium Class Analysis Error: Class org.betterx.bclib.blocks.BaseBlock cannot be analysed, because getting declared methods crashes with RuntimeException: Attempted to load class net/minecraft/client/renderer/block/model/BlockModel for invalid dist DEDICATED_SERVER. This is usually caused by modded entities declaring methods that have a return type or parameter type that is annotated with @OnlyIn(Dist.CLIENT). Loading the type is not possible, because it only exists in the CLIENT environment. The recommended fix is to annotate the method with this argument or return type with the same annotation. Lithium handles this error by assuming the class cannot be included in some optimizations.
[19ago2025 19:07:52.492] [main/ERROR] [net.minecraftforge.fml.loading.RuntimeDistCleaner/DISTXFORM]: Attempted to load class net/minecraft/client/renderer/block/model/BlockModel for invalid dist DEDICATED_SERVER
[19ago2025 19:07:52.493] [main/WARN] [Radium Class Analysis/]: Radium Class Analysis Error: Class org.betterx.bclib.blocks.BaseBlock cannot be analysed, because getting declared methods crashes with RuntimeException: Attempted to load class net/minecraft/client/renderer/block/model/BlockModel for invalid dist DEDICATED_SERVER. This is usually caused by modded entities declaring methods that have a return type or parameter type that is annotated with @OnlyIn(Dist.CLIENT). Loading the type is not possible, because it only exists in the CLIENT environment. The recommended fix is to annotate the method with this argument or return type with the same annotation. Lithium handles this error by assuming the class cannot be included in some optimizations.
[19ago2025 19:07:52.493] [main/ERROR] [net.minecraftforge.fml.loading.RuntimeDistCleaner/DISTXFORM]: Attempted to load class net/minecraft/client/renderer/block/model/BlockModel for invalid dist DEDICATED_SERVER
[19ago2025 19:07:52.493] [main/WARN] [Radium Class Analysis/]: Radium Class Analysis Error: Class org.betterx.bclib.blocks.BaseBlock cannot be analysed, because getting declared methods crashes with RuntimeException: Attempted to load class net/minecraft/client/renderer/block/model/BlockModel for invalid dist DEDICATED_SERVER. This is usually caused by modded entities declaring methods that have a return type or parameter type that is annotated with @OnlyIn(Dist.CLIENT). Loading the type is not possible, because it only exists in the CLIENT environment. The recommended fix is to annotate the method with this argument or return type with the same annotation. Lithium handles this error by assuming the class cannot be included in some optimizations.
[19ago2025 19:07:52.495] [main/ERROR] [net.minecraftforge.fml.loading.RuntimeDistCleaner/DISTXFORM]: Attempted to load class net/minecraft/client/renderer/block/model/BlockModel for invalid dist DEDICATED_SERVER
[19ago2025 19:07:52.495] [main/WARN] [Radium Class Analysis/]: Radium Class Analysis Error: Class org.betterx.bclib.blocks.BaseBlock cannot be analysed, because getting declared methods crashes with RuntimeException: Attempted to load class net/minecraft/client/renderer/block/model/BlockModel for invalid dist DEDICATED_SERVER. This is usually caused by modded entities declaring methods that have a return type or parameter type that is annotated with @OnlyIn(Dist.CLIENT). Loading the type is not possible, because it only exists in the CLIENT environment. The recommended fix is to annotate the method with this argument or return type with the same annotation. Lithium handles this error by assuming the class cannot be included in some optimizations.
[19ago2025 19:07:52.496] [main/ERROR] [net.minecraftforge.fml.loading.RuntimeDistCleaner/DISTXFORM]: Attempted to load class net/minecraft/client/renderer/block/model/BlockModel for invalid dist DEDICATED_SERVER
[19ago2025 19:07:52.496] [main/WARN] [Radium Class Analysis/]: Radium Class Analysis Error: Class org.betterx.bclib.blocks.BaseBlock cannot be analysed, because getting declared methods crashes with RuntimeException: Attempted to load class net/minecraft/client/renderer/block/model/BlockModel for invalid dist DEDICATED_SERVER. This is usually caused by modded entities declaring methods that have a return type or parameter type that is annotated with @OnlyIn(Dist.CLIENT). Loading the type is not possible, because it only exists in the CLIENT environment. The recommended fix is to annotate the method with this argument or return type with the same annotation. Lithium handles this error by assuming the class cannot be included in some optimizations.
[19ago2025 19:07:52.496] [main/ERROR] [net.minecraftforge.fml.loading.RuntimeDistCleaner/DISTXFORM]: Attempted to load class net/minecraft/client/renderer/block/model/BlockModel for invalid dist DEDICATED_SERVER
[19ago2025 19:07:52.496] [main/WARN] [Radium Class Analysis/]: Radium Class Analysis Error: Class org.betterx.bclib.blocks.BaseBlock cannot be analysed, because getting declared methods crashes with RuntimeException: Attempted to load class net/minecraft/client/renderer/block/model/BlockModel for invalid dist DEDICATED_SERVER. This is usually caused by modded entities declaring methods that have a return type or parameter type that is annotated with @OnlyIn(Dist.CLIENT). Loading the type is not possible, because it only exists in the CLIENT environment. The recommended fix is to annotate the method with this argument or return type with the same annotation. Lithium handles this error by assuming the class cannot be included in some optimizations.
[19ago2025 19:07:52.497] [main/ERROR] [net.minecraftforge.fml.loading.RuntimeDistCleaner/DISTXFORM]: Attempted to load class net/minecraft/client/renderer/block/model/BlockModel for invalid dist DEDICATED_SERVER
[19ago2025 19:07:52.497] [main/WARN] [Radium Class Analysis/]: Radium Class Analysis Error: Class org.betterx.bclib.blocks.BaseBlock cannot be analysed, because getting declared methods crashes with RuntimeException: Attempted to load class net/minecraft/client/renderer/block/model/BlockModel for invalid dist DEDICATED_SERVER. This is usually caused by modded entities declaring methods that have a return type or parameter type that is annotated with @OnlyIn(Dist.CLIENT). Loading the type is not possible, because it only exists in the CLIENT environment. The recommended fix is to annotate the method with this argument or return type with the same annotation. Lithium handles this error by assuming the class cannot be included in some optimizations.
[19ago2025 19:07:52.522] [main/ERROR] [net.minecraftforge.fml.loading.RuntimeDistCleaner/DISTXFORM]: Attempted to load class net/minecraft/client/renderer/block/model/BlockModel for invalid dist DEDICATED_SERVER
[19ago2025 19:07:52.522] [main/WARN] [Radium Class Analysis/]: Radium Class Analysis Error: Class org.betterx.bclib.blocks.BaseBlock cannot be analysed, because getting declared methods crashes with RuntimeException: Attempted to load class net/minecraft/client/renderer/block/model/BlockModel for invalid dist DEDICATED_SERVER. This is usually caused by modded entities declaring methods that have a return type or parameter type that is annotated with @OnlyIn(Dist.CLIENT). Loading the type is not possible, because it only exists in the CLIENT environment. The recommended fix is to annotate the method with this argument or return type with the same annotation. Lithium handles this error by assuming the class cannot be included in some optimizations.
[19ago2025 19:07:52.522] [main/ERROR] [net.minecraftforge.fml.loading.RuntimeDistCleaner/DISTXFORM]: Attempted to load class net/minecraft/client/renderer/block/model/BlockModel for invalid dist DEDICATED_SERVER
[19ago2025 19:07:52.523] [main/WARN] [Radium Class Analysis/]: Radium Class Analysis Error: Class org.betterx.bclib.blocks.BaseBlock cannot be analysed, because getting declared methods crashes with RuntimeException: Attempted to load class net/minecraft/client/renderer/block/model/BlockModel for invalid dist DEDICATED_SERVER. This is usually caused by modded entities declaring methods that have a return type or parameter type that is annotated with @OnlyIn(Dist.CLIENT). Loading the type is not possible, because it only exists in the CLIENT environment. The recommended fix is to annotate the method with this argument or return type with the same annotation. Lithium handles this error by assuming the class cannot be included in some optimizations.
[19ago2025 19:07:52.536] [main/ERROR] [net.minecraftforge.fml.loading.RuntimeDistCleaner/DISTXFORM]: Attempted to load class net/minecraft/client/renderer/block/model/BlockModel for invalid dist DEDICATED_SERVER
[19ago2025 19:07:52.536] [main/WARN] [Radium Class Analysis/]: Radium Class Analysis Error: Class org.betterx.bclib.blocks.BaseLeavesBlock cannot be analysed, because getting declared methods crashes with RuntimeException: Attempted to load class net/minecraft/client/renderer/block/model/BlockModel for invalid dist DEDICATED_SERVER. This is usually caused by modded entities declaring methods that have a return type or parameter type that is annotated with @OnlyIn(Dist.CLIENT). Loading the type is not possible, because it only exists in the CLIENT environment. The recommended fix is to annotate the method with this argument or return type with the same annotation. Lithium handles this error by assuming the class cannot be included in some optimizations.
[19ago2025 19:07:52.537] [main/ERROR] [net.minecraftforge.fml.loading.RuntimeDistCleaner/DISTXFORM]: Attempted to load class net/minecraft/client/renderer/block/model/BlockModel for invalid dist DEDICATED_SERVER
[19ago2025 19:07:52.537] [main/WARN] [Radium Class Analysis/]: Radium Class Analysis Error: Class org.betterx.bclib.blocks.BaseLeavesBlock cannot be analysed, because getting declared methods crashes with RuntimeException: Attempted to load class net/minecraft/client/renderer/block/model/BlockModel for invalid dist DEDICATED_SERVER. This is usually caused by modded entities declaring methods that have a return type or parameter type that is annotated with @OnlyIn(Dist.CLIENT). Loading the type is not possible, because it only exists in the CLIENT environment. The recommended fix is to annotate the method with this argument or return type with the same annotation. Lithium handles this error by assuming the class cannot be included in some optimizations.
[19ago2025 19:07:52.552] [main/ERROR] [net.minecraftforge.fml.loading.RuntimeDistCleaner/DISTXFORM]: Attempted to load class net/minecraft/client/renderer/block/model/BlockModel for invalid dist DEDICATED_SERVER
[19ago2025 19:07:52.552] [main/WARN] [Radium Class Analysis/]: Radium Class Analysis Error: Class org.betterx.bclib.blocks.BaseLeavesBlock cannot be analysed, because getting declared methods crashes with RuntimeException: Attempted to load class net/minecraft/client/renderer/block/model/BlockModel for invalid dist DEDICATED_SERVER. This is usually caused by modded entities declaring methods that have a return type or parameter type that is annotated with @OnlyIn(Dist.CLIENT). Loading the type is not possible, because it only exists in the CLIENT environment. The recommended fix is to annotate the method with this argument or return type with the same annotation. Lithium handles this error by assuming the class cannot be included in some optimizations.
[19ago2025 19:07:52.553] [main/ERROR] [net.minecraftforge.fml.loading.RuntimeDistCleaner/DISTXFORM]: Attempted to load class net/minecraft/client/renderer/block/model/BlockModel for invalid dist DEDICATED_SERVER
[19ago2025 19:07:52.553] [main/WARN] [Radium Class Analysis/]: Radium Class Analysis Error: Class org.betterx.bclib.blocks.BaseLeavesBlock cannot be analysed, because getting declared methods crashes with RuntimeException: Attempted to load class net/minecraft/client/renderer/block/model/BlockModel for invalid dist DEDICATED_SERVER. This is usually caused by modded entities declaring methods that have a return type or parameter type that is annotated with @OnlyIn(Dist.CLIENT). Loading the type is not possible, because it only exists in the CLIENT environment. The recommended fix is to annotate the method with this argument or return type with the same annotation. Lithium handles this error by assuming the class cannot be included in some optimizations.
[19ago2025 19:07:52.561] [main/ERROR] [net.minecraftforge.fml.loading.RuntimeDistCleaner/DISTXFORM]: Attempted to load class net/minecraft/client/renderer/block/model/BlockModel for invalid dist DEDICATED_SERVER
[19ago2025 19:07:52.561] [main/WARN] [Radium Class Analysis/]: Radium Class Analysis Error: Class org.betterx.bclib.blocks.BaseLeavesBlock cannot be analysed, because getting declared methods crashes with RuntimeException: Attempted to load class net/minecraft/client/renderer/block/model/BlockModel for invalid dist DEDICATED_SERVER. This is usually caused by modded entities declaring methods that have a return type or parameter type that is annotated with @OnlyIn(Dist.CLIENT). Loading the type is not possible, because it only exists in the CLIENT environment. The recommended fix is to annotate the method with this argument or return type with the same annotation. Lithium handles this error by assuming the class cannot be included in some optimizations.
[19ago2025 19:07:52.561] [main/ERROR] [net.minecraftforge.fml.loading.RuntimeDistCleaner/DISTXFORM]: Attempted to load class net/minecraft/client/renderer/block/model/BlockModel for invalid dist DEDICATED_SERVER
[19ago2025 19:07:52.562] [main/WARN] [Radium Class Analysis/]: Radium Class Analysis Error: Class org.betterx.bclib.blocks.BaseLeavesBlock cannot be analysed, because getting declared methods crashes with RuntimeException: Attempted to load class net/minecraft/client/renderer/block/model/BlockModel for invalid dist DEDICATED_SERVER. This is usually caused by modded entities declaring methods that have a return type or parameter type that is annotated with @OnlyIn(Dist.CLIENT). Loading the type is not possible, because it only exists in the CLIENT environment. The recommended fix is to annotate the method with this argument or return type with the same annotation. Lithium handles this error by assuming the class cannot be included in some optimizations.
[19ago2025 19:07:52.856] [main/INFO] [necronomicon/]: File exists, reading config for elocindev.eldritch_end.config.entries.biomes.PrimordialAbyssConfig.
[19ago2025 19:07:52.857] [main/INFO] [necronomicon/]: Config for elocindev.eldritch_end.config.entries.biomes.PrimordialAbyssConfig read successfully.
[19ago2025 19:07:52.860] [main/INFO] [necronomicon/]: File exists, reading config for elocindev.eldritch_end.config.entries.biomes.HasturianWastesConfig.
[19ago2025 19:07:52.860] [main/INFO] [necronomicon/]: Config for elocindev.eldritch_end.config.entries.biomes.HasturianWastesConfig read successfully.
[19ago2025 19:07:52.862] [main/INFO] [necronomicon/]: File exists, reading config for elocindev.eldritch_end.config.entries.entities.AberrationConfig.
[19ago2025 19:07:52.862] [main/INFO] [necronomicon/]: Config for elocindev.eldritch_end.config.entries.entities.AberrationConfig read successfully.
[19ago2025 19:07:52.863] [main/INFO] [necronomicon/]: File exists, reading config for elocindev.eldritch_end.config.entries.entities.TentacleConfig.
[19ago2025 19:07:52.863] [main/INFO] [necronomicon/]: Config for elocindev.eldritch_end.config.entries.entities.TentacleConfig read successfully.
[19ago2025 19:07:52.864] [main/INFO] [necronomicon/]: File exists, reading config for elocindev.eldritch_end.config.entries.entities.DendlerConfig.
[19ago2025 19:07:52.864] [main/INFO] [necronomicon/]: Config for elocindev.eldritch_end.config.entries.entities.DendlerConfig read successfully.
[19ago2025 19:07:52.865] [main/INFO] [necronomicon/]: File exists, reading config for elocindev.eldritch_end.config.entries.entities.boss.FacelessConfig.
[19ago2025 19:07:52.865] [main/INFO] [necronomicon/]: Config for elocindev.eldritch_end.config.entries.entities.boss.FacelessConfig read successfully.
[19ago2025 19:07:52.868] [main/INFO] [necronomicon/]: File exists, reading config for elocindev.eldritch_end.config.entries.entities.boss.HasturConfig.
[19ago2025 19:07:52.868] [main/INFO] [necronomicon/]: Config for elocindev.eldritch_end.config.entries.entities.boss.HasturConfig read successfully.
[19ago2025 19:07:52.869] [main/INFO] [necronomicon/]: File exists, reading config for elocindev.eldritch_end.config.entries.entities.boss.EyeConfig.
[19ago2025 19:07:52.869] [main/INFO] [necronomicon/]: Config for elocindev.eldritch_end.config.entries.entities.boss.EyeConfig read successfully.
[19ago2025 19:07:52.870] [main/INFO] [necronomicon/]: File exists, reading config for elocindev.eldritch_end.config.entries.mechanics.CorruptionConfig.
[19ago2025 19:07:52.870] [main/INFO] [necronomicon/]: Config for elocindev.eldritch_end.config.entries.mechanics.CorruptionConfig read successfully.
[19ago2025 19:07:52.875] [main/INFO] [necronomicon/]: File exists, reading config for elocindev.eldritch_end.config.entries.mechanics.InfusionConfig.
[19ago2025 19:07:52.875] [main/INFO] [necronomicon/]: Config for elocindev.eldritch_end.config.entries.mechanics.InfusionConfig read successfully.
[19ago2025 19:07:52.877] [main/INFO] [necronomicon/]: File exists, reading config for elocindev.eldritch_end.config.entries.item.XalConfig.
[19ago2025 19:07:52.878] [main/INFO] [necronomicon/]: Config for elocindev.eldritch_end.config.entries.item.XalConfig read successfully.
[19ago2025 19:07:52.880] [main/INFO] [eldritch_end/]: Eldritch End's Config Loaded!
[19ago2025 19:07:52.909] [main/INFO] [eldritch_end/]: Registered Eldritch End items
[19ago2025 19:07:52.930] [main/INFO] [dev.architectury.networking.forge.NetworkManagerImpl/]: Registering C2S receiver with id architectury:sync_ids
[19ago2025 19:07:52.930] [main/INFO] [dev.architectury.networking.forge.NetworkManagerImpl/]: Registering C2S receiver with id aaa_particles:main/2b101225a0983c178c43c737d76def52
[19ago2025 19:07:52.932] [main/INFO] [dev.architectury.networking.forge.NetworkManagerImpl/]: Registering C2S receiver with id aaa_particles:main/878ba3ad853235668eff51eb0a40c900
[19ago2025 19:07:52.932] [main/INFO] [dev.architectury.networking.forge.NetworkManagerImpl/]: Registering C2S receiver with id aaa_particles:main/878ba3ad853235668eff51eb0a40c900
[19ago2025 19:07:52.932] [main/INFO] [dev.architectury.networking.forge.NetworkManagerImpl/]: Registering C2S receiver with id aaa_particles:main/9b5bc39f00d53db2acf81d859b596583
[19ago2025 19:07:52.990] [main/INFO] [org.betterx.worlds.together.util.Logger/]: [bclib] Added Config betterend.entities to auto sync (file hash)
[19ago2025 19:07:52.993] [main/INFO] [org.betterx.worlds.together.util.Logger/]: [bclib] Added Config betterend.blocks to auto sync (file hash)
[19ago2025 19:07:52.994] [main/INFO] [org.betterx.worlds.together.util.Logger/]: [bclib] Added Config betterend.items to auto sync (file hash)
[19ago2025 19:07:52.994] [main/INFO] [org.betterx.worlds.together.util.Logger/]: [bclib] Added Config betterend.biomes to auto sync (file hash)
[19ago2025 19:07:52.995] [main/INFO] [org.betterx.worlds.together.util.Logger/]: [bclib] Added Config betterend.recipes to auto sync (file hash)
[19ago2025 19:07:52.996] [main/INFO] [org.betterx.worlds.together.util.Logger/]: [bclib] Added Config betterend.enchantments to auto sync (file hash)
[19ago2025 19:07:52.998] [main/ERROR] [net.minecraftforge.fml.loading.RuntimeDistCleaner/DISTXFORM]: Attempted to load class net/minecraft/client/renderer/block/model/BlockModel for invalid dist DEDICATED_SERVER
[19ago2025 19:07:52.998] [main/WARN] [Radium Class Analysis/]: Radium Class Analysis Error: Class org.betterx.bclib.blocks.BaseBlock cannot be analysed, because getting declared methods crashes with RuntimeException: Attempted to load class net/minecraft/client/renderer/block/model/BlockModel for invalid dist DEDICATED_SERVER. This is usually caused by modded entities declaring methods that have a return type or parameter type that is annotated with @OnlyIn(Dist.CLIENT). Loading the type is not possible, because it only exists in the CLIENT environment. The recommended fix is to annotate the method with this argument or return type with the same annotation. Lithium handles this error by assuming the class cannot be included in some optimizations.
[19ago2025 19:07:52.998] [main/ERROR] [net.minecraftforge.fml.loading.RuntimeDistCleaner/DISTXFORM]: Attempted to load class net/minecraft/client/renderer/block/model/BlockModel for invalid dist DEDICATED_SERVER
[19ago2025 19:07:52.998] [main/WARN] [Radium Class Analysis/]: Radium Class Analysis Error: Class org.betterx.bclib.blocks.BaseBlock cannot be analysed, because getting declared methods crashes with RuntimeException: Attempted to load class net/minecraft/client/renderer/block/model/BlockModel for invalid dist DEDICATED_SERVER. This is usually caused by modded entities declaring methods that have a return type or parameter type that is annotated with @OnlyIn(Dist.CLIENT). Loading the type is not possible, because it only exists in the CLIENT environment. The recommended fix is to annotate the method with this argument or return type with the same annotation. Lithium handles this error by assuming the class cannot be included in some optimizations.
[19ago2025 19:07:52.999] [main/ERROR] [net.minecraftforge.fml.loading.RuntimeDistCleaner/DISTXFORM]: Attempted to load class net/minecraft/client/renderer/block/model/BlockModel for invalid dist DEDICATED_SERVER
[19ago2025 19:07:52.999] [main/WARN] [Radium Class Analysis/]: Radium Class Analysis Error: Class org.betterx.bclib.blocks.BaseBlock cannot be analysed, because getting declared methods crashes with RuntimeException: Attempted to load class net/minecraft/client/renderer/block/model/BlockModel for invalid dist DEDICATED_SERVER. This is usually caused by modded entities declaring methods that have a return type or parameter type that is annotated with @OnlyIn(Dist.CLIENT). Loading the type is not possible, because it only exists in the CLIENT environment. The recommended fix is to annotate the method with this argument or return type with the same annotation. Lithium handles this error by assuming the class cannot be included in some optimizations.
[19ago2025 19:07:53.000] [main/ERROR] [net.minecraftforge.fml.loading.RuntimeDistCleaner/DISTXFORM]: Attempted to load class net/minecraft/client/renderer/block/model/BlockModel for invalid dist DEDICATED_SERVER
[19ago2025 19:07:53.000] [main/WARN] [Radium Class Analysis/]: Radium Class Analysis Error: Class org.betterx.bclib.blocks.BaseBlock cannot be analysed, because getting declared methods crashes with RuntimeException: Attempted to load class net/minecraft/client/renderer/block/model/BlockModel for invalid dist DEDICATED_SERVER. This is usually caused by modded entities declaring methods that have a return type or parameter type that is annotated with @OnlyIn(Dist.CLIENT). Loading the type is not possible, because it only exists in the CLIENT environment. The recommended fix is to annotate the method with this argument or return type with the same annotation. Lithium handles this error by assuming the class cannot be included in some optimizations.
[19ago2025 19:07:53.000] [main/ERROR] [net.minecraftforge.fml.loading.RuntimeDistCleaner/DISTXFORM]: Attempted to load class net/minecraft/client/renderer/block/model/BlockModel for invalid dist DEDICATED_SERVER
[19ago2025 19:07:53.000] [main/WARN] [Radium Class Analysis/]: Radium Class Analysis Error: Class org.betterx.bclib.blocks.BaseBlock cannot be analysed, because getting declared methods crashes with RuntimeException: Attempted to load class net/minecraft/client/renderer/block/model/BlockModel for invalid dist DEDICATED_SERVER. This is usually caused by modded entities declaring methods that have a return type or parameter type that is annotated with @OnlyIn(Dist.CLIENT). Loading the type is not possible, because it only exists in the CLIENT environment. The recommended fix is to annotate the method with this argument or return type with the same annotation. Lithium handles this error by assuming the class cannot be included in some optimizations.
[19ago2025 19:07:53.000] [main/ERROR] [net.minecraftforge.fml.loading.RuntimeDistCleaner/DISTXFORM]: Attempted to load class net/minecraft/client/renderer/block/model/BlockModel for invalid dist DEDICATED_SERVER
[19ago2025 19:07:53.000] [main/WARN] [Radium Class Analysis/]: Radium Class Analysis Error: Class org.betterx.bclib.blocks.BaseBlock cannot be analysed, because getting declared methods crashes with RuntimeException: Attempted to load class net/minecraft/client/renderer/block/model/BlockModel for invalid dist DEDICATED_SERVER. This is usually caused by modded entities declaring methods that have a return type or parameter type that is annotated with @OnlyIn(Dist.CLIENT). Loading the type is not possible, because it only exists in the CLIENT environment. The recommended fix is to annotate the method with this argument or return type with the same annotation. Lithium handles this error by assuming the class cannot be included in some optimizations.
[19ago2025 19:07:53.002] [main/ERROR] [net.minecraftforge.fml.loading.RuntimeDistCleaner/DISTXFORM]: Attempted to load class net/minecraft/client/renderer/block/model/BlockModel for invalid dist DEDICATED_SERVER
[19ago2025 19:07:53.002] [main/WARN] [Radium Class Analysis/]: Radium Class Analysis Error: Class org.betterx.bclib.blocks.BaseBlock cannot be analysed, because getting declared methods crashes with RuntimeException: Attempted to load class net/minecraft/client/renderer/block/model/BlockModel for invalid dist DEDICATED_SERVER. This is usually caused by modded entities declaring methods that have a return type or parameter type that is annotated with @OnlyIn(Dist.CLIENT). Loading the type is not possible, because it only exists in the CLIENT environment. The recommended fix is to annotate the method with this argument or return type with the same annotation. Lithium handles this error by assuming the class cannot be included in some optimizations.
[19ago2025 19:07:53.002] [main/ERROR] [net.minecraftforge.fml.loading.RuntimeDistCleaner/DISTXFORM]: Attempted to load class net/minecraft/client/renderer/block/model/BlockModel for invalid dist DEDICATED_SERVER
[19ago2025 19:07:53.002] [main/WARN] [Radium Class Analysis/]: Radium Class Analysis Error: Class org.betterx.bclib.blocks.BaseBlock cannot be analysed, because getting declared methods crashes with RuntimeException: Attempted to load class net/minecraft/client/renderer/block/model/BlockModel for invalid dist DEDICATED_SERVER. This is usually caused by modded entities declaring methods that have a return type or parameter type that is annotated with @OnlyIn(Dist.CLIENT). Loading the type is not possible, because it only exists in the CLIENT environment. The recommended fix is to annotate the method with this argument or return type with the same annotation. Lithium handles this error by assuming the class cannot be included in some optimizations.
[19ago2025 19:07:53.003] [main/ERROR] [net.minecraftforge.fml.loading.RuntimeDistCleaner/DISTXFORM]: Attempted to load class net/minecraft/client/renderer/block/model/BlockModel for invalid dist DEDICATED_SERVER
[19ago2025 19:07:53.003] [main/WARN] [Radium Class Analysis/]: Radium Class Analysis Error: Class org.betterx.bclib.blocks.BaseBlock cannot be analysed, because getting declared methods crashes with RuntimeException: Attempted to load class net/minecraft/client/renderer/block/model/BlockModel for invalid dist DEDICATED_SERVER. This is usually caused by modded entities declaring methods that have a return type or parameter type that is annotated with @OnlyIn(Dist.CLIENT). Loading the type is not possible, because it only exists in the CLIENT environment. The recommended fix is to annotate the method with this argument or return type with the same annotation. Lithium handles this error by assuming the class cannot be included in some optimizations.
[19ago2025 19:07:53.003] [main/ERROR] [net.minecraftforge.fml.loading.RuntimeDistCleaner/DISTXFORM]: Attempted to load class net/minecraft/client/renderer/block/model/BlockModel for invalid dist DEDICATED_SERVER
[19ago2025 19:07:53.003] [main/WARN] [Radium Class Analysis/]: Radium Class Analysis Error: Class org.betterx.bclib.blocks.BaseBlock cannot be analysed, because getting declared methods crashes with RuntimeException: Attempted to load class net/minecraft/client/renderer/block/model/BlockModel for invalid dist DEDICATED_SERVER. This is usually caused by modded entities declaring methods that have a return type or parameter type that is annotated with @OnlyIn(Dist.CLIENT). Loading the type is not possible, because it only exists in the CLIENT environment. The recommended fix is to annotate the method with this argument or return type with the same annotation. Lithium handles this error by assuming the class cannot be included in some optimizations.
[19ago2025 19:07:53.004] [main/ERROR] [net.minecraftforge.fml.loading.RuntimeDistCleaner/DISTXFORM]: Attempted to load class net/minecraft/client/renderer/block/model/BlockModel for invalid dist DEDICATED_SERVER
[19ago2025 19:07:53.004] [main/WARN] [Radium Class Analysis/]: Radium Class Analysis Error: Class org.betterx.bclib.blocks.BaseBlock cannot be analysed, because getting declared methods crashes with RuntimeException: Attempted to load class net/minecraft/client/renderer/block/model/BlockModel for invalid dist DEDICATED_SERVER. This is usually caused by modded entities declaring methods that have a return type or parameter type that is annotated with @OnlyIn(Dist.CLIENT). Loading the type is not possible, because it only exists in the CLIENT environment. The recommended fix is to annotate the method with this argument or return type with the same annotation. Lithium handles this error by assuming the class cannot be included in some optimizations.
[19ago2025 19:07:53.004] [main/ERROR] [net.minecraftforge.fml.loading.RuntimeDistCleaner/DISTXFORM]: Attempted to load class net/minecraft/client/renderer/block/model/BlockModel for invalid dist DEDICATED_SERVER
[19ago2025 19:07:53.004] [main/WARN] [Radium Class Analysis/]: Radium Class Analysis Error: Class org.betterx.bclib.blocks.BaseBlock cannot be analysed, because getting declared methods crashes with RuntimeException: Attempted to load class net/minecraft/client/renderer/block/model/BlockModel for invalid dist DEDICATED_SERVER. This is usually caused by modded entities declaring methods that have a return type or parameter type that is annotated with @OnlyIn(Dist.CLIENT). Loading the type is not possible, because it only exists in the CLIENT environment. The recommended fix is to annotate the method with this argument or return type with the same annotation. Lithium handles this error by assuming the class cannot be included in some optimizations.
[19ago2025 19:07:53.008] [main/ERROR] [net.minecraftforge.fml.loading.RuntimeDistCleaner/DISTXFORM]: Attempted to load class net/minecraft/client/renderer/block/model/BlockModel for invalid dist DEDICATED_SERVER
[19ago2025 19:07:53.009] [main/WARN] [Radium Class Analysis/]: Radium Class Analysis Error: Class org.betterx.bclib.blocks.BaseBlock cannot be analysed, because getting declared methods crashes with RuntimeException: Attempted to load class net/minecraft/client/renderer/block/model/BlockModel for invalid dist DEDICATED_SERVER. This is usually caused by modded entities declaring methods that have a return type or parameter type that is annotated with @OnlyIn(Dist.CLIENT). Loading the type is not possible, because it only exists in the CLIENT environment. The recommended fix is to annotate the method with this argument or return type with the same annotation. Lithium handles this error by assuming the class cannot be included in some optimizations.
[19ago2025 19:07:53.009] [main/ERROR] [net.minecraftforge.fml.loading.RuntimeDistCleaner/DISTXFORM]: Attempted to load class net/minecraft/client/renderer/block/model/BlockModel for invalid dist DEDICATED_SERVER
[19ago2025 19:07:53.009] [main/WARN] [Radium Class Analysis/]: Radium Class Analysis Error: Class org.betterx.bclib.blocks.BaseBlock cannot be analysed, because getting declared methods crashes with RuntimeException: Attempted to load class net/minecraft/client/renderer/block/model/BlockModel for invalid dist DEDICATED_SERVER. This is usually caused by modded entities declaring methods that have a return type or parameter type that is annotated with @OnlyIn(Dist.CLIENT). Loading the type is not possible, because it only exists in the CLIENT environment. The recommended fix is to annotate the method with this argument or return type with the same annotation. Lithium handles this error by assuming the class cannot be included in some optimizations.
[19ago2025 19:07:53.013] [main/ERROR] [net.minecraftforge.fml.loading.RuntimeDistCleaner/DISTXFORM]: Attempted to load class net/minecraft/client/renderer/block/model/BlockModel for invalid dist DEDICATED_SERVER
[19ago2025 19:07:53.013] [main/WARN] [Radium Class Analysis/]: Radium Class Analysis Error: Class org.betterx.bclib.blocks.BaseBlock cannot be analysed, because getting declared methods crashes with RuntimeException: Attempted to load class net/minecraft/client/renderer/block/model/BlockModel for invalid dist DEDICATED_SERVER. This is usually caused by modded entities declaring methods that have a return type or parameter type that is annotated with @OnlyIn(Dist.CLIENT). Loading the type is not possible, because it only exists in the CLIENT environment. The recommended fix is to annotate the method with this argument or return type with the same annotation. Lithium handles this error by assuming the class cannot be included in some optimizations.
[19ago2025 19:07:53.013] [main/ERROR] [net.minecraftforge.fml.loading.RuntimeDistCleaner/DISTXFORM]: Attempted to load class net/minecraft/client/renderer/block/model/BlockModel for invalid dist DEDICATED_SERVER
[19ago2025 19:07:53.013] [main/WARN] [Radium Class Analysis/]: Radium Class Analysis Error: Class org.betterx.bclib.blocks.BaseBlock cannot be analysed, because getting declared methods crashes with RuntimeException: Attempted to load class net/minecraft/client/renderer/block/model/BlockModel for invalid dist DEDICATED_SERVER. This is usually caused by modded entities declaring methods that have a return type or parameter type that is annotated with @OnlyIn(Dist.CLIENT). Loading the type is not possible, because it only exists in the CLIENT environment. The recommended fix is to annotate the method with this argument or return type with the same annotation. Lithium handles this error by assuming the class cannot be included in some optimizations.
[19ago2025 19:07:53.013] [main/WARN] [Radium Class Analysis/]: Radium Class Analysis Error: Class org.betterx.betterend.blocks.basis.StoneLanternBlock cannot be analysed, because getting declared methods crashes with NoClassDefFoundError: net/minecraft/client/color/block/BlockColor. This is usually caused by modded entities declaring methods that have a return type or parameter type that is annotated with @OnlyIn(Dist.CLIENT). Loading the type is not possible, because it only exists in the CLIENT environment. The recommended fix is to annotate the method with this argument or return type with the same annotation. Lithium handles this error by assuming the class cannot be included in some optimizations.
[19ago2025 19:07:53.015] [main/WARN] [Radium Class Analysis/]: Radium Class Analysis Error: Class org.betterx.betterend.blocks.basis.StoneLanternBlock cannot be analysed, because getting declared methods crashes with NoClassDefFoundError: net/minecraft/client/color/block/BlockColor. This is usually caused by modded entities declaring methods that have a return type or parameter type that is annotated with @OnlyIn(Dist.CLIENT). Loading the type is not possible, because it only exists in the CLIENT environment. The recommended fix is to annotate the method with this argument or return type with the same annotation. Lithium handles this error by assuming the class cannot be included in some optimizations.
[19ago2025 19:07:53.019] [main/ERROR] [net.minecraftforge.fml.loading.RuntimeDistCleaner/DISTXFORM]: Attempted to load class net/minecraft/client/renderer/block/model/BlockModel for invalid dist DEDICATED_SERVER
[19ago2025 19:07:53.019] [main/WARN] [Radium Class Analysis/]: Radium Class Analysis Error: Class org.betterx.bclib.blocks.BaseBlock cannot be analysed, because getting declared methods crashes with RuntimeException: Attempted to load class net/minecraft/client/renderer/block/model/BlockModel for invalid dist DEDICATED_SERVER. This is usually caused by modded entities declaring methods that have a return type or parameter type that is annotated with @OnlyIn(Dist.CLIENT). Loading the type is not possible, because it only exists in the CLIENT environment. The recommended fix is to annotate the method with this argument or return type with the same annotation. Lithium handles this error by assuming the class cannot be included in some optimizations.
[19ago2025 19:07:53.019] [main/ERROR] [net.minecraftforge.fml.loading.RuntimeDistCleaner/DISTXFORM]: Attempted to load class net/minecraft/client/renderer/block/model/BlockModel for invalid dist DEDICATED_SERVER
[19ago2025 19:07:53.019] [main/WARN] [Radium Class Analysis/]: Radium Class Analysis Error: Class org.betterx.bclib.blocks.BaseBlock cannot be analysed, because getting declared methods crashes with RuntimeException: Attempted to load class net/minecraft/client/renderer/block/model/BlockModel for invalid dist DEDICATED_SERVER. This is usually caused by modded entities declaring methods that have a return type or parameter type that is annotated with @OnlyIn(Dist.CLIENT). Loading the type is not possible, because it only exists in the CLIENT environment. The recommended fix is to annotate the method with this argument or return type with the same annotation. Lithium handles this error by assuming the class cannot be included in some optimizations.
[19ago2025 19:07:53.063] [main/ERROR] [net.minecraftforge.fml.loading.RuntimeDistCleaner/DISTXFORM]: Attempted to load class net/minecraft/client/multiplayer/ClientLevel for invalid dist DEDICATED_SERVER
[19ago2025 19:07:53.063] [main/WARN] [Radium Class Analysis/]: Radium Class Analysis Error: Class org.betterx.betterend.blocks.BrimstoneBlock cannot be analysed, because getting declared methods crashes with RuntimeException: Attempted to load class net/minecraft/client/multiplayer/ClientLevel for invalid dist DEDICATED_SERVER. This is usually caused by modded entities declaring methods that have a return type or parameter type that is annotated with @OnlyIn(Dist.CLIENT). Loading the type is not possible, because it only exists in the CLIENT environment. The recommended fix is to annotate the method with this argument or return type with the same annotation. Lithium handles this error by assuming the class cannot be included in some optimizations.
[19ago2025 19:07:53.063] [main/ERROR] [net.minecraftforge.fml.loading.RuntimeDistCleaner/DISTXFORM]: Attempted to load class net/minecraft/client/multiplayer/ClientLevel for invalid dist DEDICATED_SERVER
[19ago2025 19:07:53.063] [main/WARN] [Radium Class Analysis/]: Radium Class Analysis Error: Class org.betterx.betterend.blocks.BrimstoneBlock cannot be analysed, because getting declared methods crashes with RuntimeException: Attempted to load class net/minecraft/client/multiplayer/ClientLevel for invalid dist DEDICATED_SERVER. This is usually caused by modded entities declaring methods that have a return type or parameter type that is annotated with @OnlyIn(Dist.CLIENT). Loading the type is not possible, because it only exists in the CLIENT environment. The recommended fix is to annotate the method with this argument or return type with the same annotation. Lithium handles this error by assuming the class cannot be included in some optimizations.
[19ago2025 19:07:53.064] [main/ERROR] [net.minecraftforge.fml.loading.RuntimeDistCleaner/DISTXFORM]: Attempted to load class net/minecraft/client/renderer/block/model/BlockModel for invalid dist DEDICATED_SERVER
[19ago2025 19:07:53.064] [main/WARN] [Radium Class Analysis/]: Radium Class Analysis Error: Class org.betterx.bclib.blocks.BaseBlock cannot be analysed, because getting declared methods crashes with RuntimeException: Attempted to load class net/minecraft/client/renderer/block/model/BlockModel for invalid dist DEDICATED_SERVER. This is usually caused by modded entities declaring methods that have a return type or parameter type that is annotated with @OnlyIn(Dist.CLIENT). Loading the type is not possible, because it only exists in the CLIENT environment. The recommended fix is to annotate the method with this argument or return type with the same annotation. Lithium handles this error by assuming the class cannot be included in some optimizations.
[19ago2025 19:07:53.064] [main/ERROR] [net.minecraftforge.fml.loading.RuntimeDistCleaner/DISTXFORM]: Attempted to load class net/minecraft/client/renderer/block/model/BlockModel for invalid dist DEDICATED_SERVER
[19ago2025 19:07:53.066] [main/WARN] [Radium Class Analysis/]: Radium Class Analysis Error: Class org.betterx.bclib.blocks.BaseBlock cannot be analysed, because getting declared methods crashes with RuntimeException: Attempted to load class net/minecraft/client/renderer/block/model/BlockModel for invalid dist DEDICATED_SERVER. This is usually caused by modded entities declaring methods that have a return type or parameter type that is annotated with @OnlyIn(Dist.CLIENT). Loading the type is not possible, because it only exists in the CLIENT environment. The recommended fix is to annotate the method with this argument or return type with the same annotation. Lithium handles this error by assuming the class cannot be included in some optimizations.
[19ago2025 19:07:53.066] [main/ERROR] [net.minecraftforge.fml.loading.RuntimeDistCleaner/DISTXFORM]: Attempted to load class net/minecraft/client/renderer/block/model/BlockModel for invalid dist DEDICATED_SERVER
[19ago2025 19:07:53.066] [main/WARN] [Radium Class Analysis/]: Radium Class Analysis Error: Class org.betterx.bclib.blocks.BaseBlock cannot be analysed, because getting declared methods crashes with RuntimeException: Attempted to load class net/minecraft/client/renderer/block/model/BlockModel for invalid dist DEDICATED_SERVER. This is usually caused by modded entities declaring methods that have a return type or parameter type that is annotated with @OnlyIn(Dist.CLIENT). Loading the type is not possible, because it only exists in the CLIENT environment. The recommended fix is to annotate the method with this argument or return type with the same annotation. Lithium handles this error by assuming the class cannot be included in some optimizations.
[19ago2025 19:07:53.066] [main/ERROR] [net.minecraftforge.fml.loading.RuntimeDistCleaner/DISTXFORM]: Attempted to load class net/minecraft/client/renderer/block/model/BlockModel for invalid dist DEDICATED_SERVER
[19ago2025 19:07:53.067] [main/WARN] [Radium Class Analysis/]: Radium Class Analysis Error: Class org.betterx.bclib.blocks.BaseBlock cannot be analysed, because getting declared methods crashes with RuntimeException: Attempted to load class net/minecraft/client/renderer/block/model/BlockModel for invalid dist DEDICATED_SERVER. This is usually caused by modded entities declaring methods that have a return type or parameter type that is annotated with @OnlyIn(Dist.CLIENT). Loading the type is not possible, because it only exists in the CLIENT environment. The recommended fix is to annotate the method with this argument or return type with the same annotation. Lithium handles this error by assuming the class cannot be included in some optimizations.
[19ago2025 19:07:53.069] [main/ERROR] [net.minecraftforge.fml.loading.RuntimeDistCleaner/DISTXFORM]: Attempted to load class net/minecraft/client/renderer/block/model/BlockModel for invalid dist DEDICATED_SERVER
[19ago2025 19:07:53.069] [main/WARN] [Radium Class Analysis/]: Radium Class Analysis Error: Class org.betterx.bclib.blocks.BaseBlock cannot be analysed, because getting declared methods crashes with RuntimeException: Attempted to load class net/minecraft/client/renderer/block/model/BlockModel for invalid dist DEDICATED_SERVER. This is usually caused by modded entities declaring methods that have a return type or parameter type that is annotated with @OnlyIn(Dist.CLIENT). Loading the type is not possible, because it only exists in the CLIENT environment. The recommended fix is to annotate the method with this argument or return type with the same annotation. Lithium handles this error by assuming the class cannot be included in some optimizations.
[19ago2025 19:07:53.069] [main/ERROR] [net.minecraftforge.fml.loading.RuntimeDistCleaner/DISTXFORM]: Attempted to load class net/minecraft/client/renderer/block/model/BlockModel for invalid dist DEDICATED_SERVER
[19ago2025 19:07:53.069] [main/WARN] [Radium Class Analysis/]: Radium Class Analysis Error: Class org.betterx.bclib.blocks.BaseBlock cannot be analysed, because getting declared methods crashes with RuntimeException: Attempted to load class net/minecraft/client/renderer/block/model/BlockModel for invalid dist DEDICATED_SERVER. This is usually caused by modded entities declaring methods that have a return type or parameter type that is annotated with @OnlyIn(Dist.CLIENT). Loading the type is not possible, because it only exists in the CLIENT environment. The recommended fix is to annotate the method with this argument or return type with the same annotation. Lithium handles this error by assuming the class cannot be included in some optimizations.
[19ago2025 19:07:53.070] [main/ERROR] [net.minecraftforge.fml.loading.RuntimeDistCleaner/DISTXFORM]: Attempted to load class net/minecraft/client/renderer/block/model/BlockModel for invalid dist DEDICATED_SERVER
[19ago2025 19:07:53.070] [main/WARN] [Radium Class Analysis/]: Radium Class Analysis Error: Class org.betterx.bclib.blocks.BaseBlock cannot be analysed, because getting declared methods crashes with RuntimeException: Attempted to load class net/minecraft/client/renderer/block/model/BlockModel for invalid dist DEDICATED_SERVER. This is usually caused by modded entities declaring methods that have a return type or parameter type that is annotated with @OnlyIn(Dist.CLIENT). Loading the type is not possible, because it only exists in the CLIENT environment. The recommended fix is to annotate the method with this argument or return type with the same annotation. Lithium handles this error by assuming the class cannot be included in some optimizations.
[19ago2025 19:07:53.070] [main/ERROR] [net.minecraftforge.fml.loading.RuntimeDistCleaner/DISTXFORM]: Attempted to load class net/minecraft/client/renderer/block/model/BlockModel for invalid dist DEDICATED_SERVER
[19ago2025 19:07:53.070] [main/WARN] [Radium Class Analysis/]: Radium Class Analysis Error: Class org.betterx.bclib.blocks.BaseBlock cannot be analysed, because getting declared methods crashes with RuntimeException: Attempted to load class net/minecraft/client/renderer/block/model/BlockModel for invalid dist DEDICATED_SERVER. This is usually caused by modded entities declaring methods that have a return type or parameter type that is annotated with @OnlyIn(Dist.CLIENT). Loading the type is not possible, because it only exists in the CLIENT environment. The recommended fix is to annotate the method with this argument or return type with the same annotation. Lithium handles this error by assuming the class cannot be included in some optimizations.
[19ago2025 19:07:53.072] [main/ERROR] [net.minecraftforge.fml.loading.RuntimeDistCleaner/DISTXFORM]: Attempted to load class net/minecraft/client/renderer/block/model/BlockModel for invalid dist DEDICATED_SERVER
[19ago2025 19:07:53.072] [main/WARN] [Radium Class Analysis/]: Radium Class Analysis Error: Class org.betterx.bclib.blocks.BaseBlock cannot be analysed, because getting declared methods crashes with RuntimeException: Attempted to load class net/minecraft/client/renderer/block/model/BlockModel for invalid dist DEDICATED_SERVER. This is usually caused by modded entities declaring methods that have a return type or parameter type that is annotated with @OnlyIn(Dist.CLIENT). Loading the type is not possible, because it only exists in the CLIENT environment. The recommended fix is to annotate the method with this argument or return type with the same annotation. Lithium handles this error by assuming the class cannot be included in some optimizations.
[19ago2025 19:07:53.072] [main/ERROR] [net.minecraftforge.fml.loading.RuntimeDistCleaner/DISTXFORM]: Attempted to load class net/minecraft/client/renderer/block/model/BlockModel for invalid dist DEDICATED_SERVER
[19ago2025 19:07:53.072] [main/WARN] [Radium Class Analysis/]: Radium Class Analysis Error: Class org.betterx.bclib.blocks.BaseBlock cannot be analysed, because getting declared methods crashes with RuntimeException: Attempted to load class net/minecraft/client/renderer/block/model/BlockModel for invalid dist DEDICATED_SERVER. This is usually caused by modded entities declaring methods that have a return type or parameter type that is annotated with @OnlyIn(Dist.CLIENT). Loading the type is not possible, because it only exists in the CLIENT environment. The recommended fix is to annotate the method with this argument or return type with the same annotation. Lithium handles this error by assuming the class cannot be included in some optimizations.
[19ago2025 19:07:53.073] [main/ERROR] [net.minecraftforge.fml.loading.RuntimeDistCleaner/DISTXFORM]: Attempted to load class net/minecraft/client/renderer/block/model/BlockModel for invalid dist DEDICATED_SERVER
[19ago2025 19:07:53.073] [main/WARN] [Radium Class Analysis/]: Radium Class Analysis Error: Class org.betterx.bclib.blocks.BaseBlock cannot be analysed, because getting declared methods crashes with RuntimeException: Attempted to load class net/minecraft/client/renderer/block/model/BlockModel for invalid dist DEDICATED_SERVER. This is usually caused by modded entities declaring methods that have a return type or parameter type that is annotated with @OnlyIn(Dist.CLIENT). Loading the type is not possible, because it only exists in the CLIENT environment. The recommended fix is to annotate the method with this argument or return type with the same annotation. Lithium handles this error by assuming the class cannot be included in some optimizations.
[19ago2025 19:07:53.073] [main/ERROR] [net.minecraftforge.fml.loading.RuntimeDistCleaner/DISTXFORM]: Attempted to load class net/minecraft/client/renderer/block/model/BlockModel for invalid dist DEDICATED_SERVER
[19ago2025 19:07:53.073] [main/WARN] [Radium Class Analysis/]: Radium Class Analysis Error: Class org.betterx.bclib.blocks.BaseBlock cannot be analysed, because getting declared methods crashes with RuntimeException: Attempted to load class net/minecraft/client/renderer/block/model/BlockModel for invalid dist DEDICATED_SERVER. This is usually caused by modded entities declaring methods that have a return type or parameter type that is annotated with @OnlyIn(Dist.CLIENT). Loading the type is not possible, because it only exists in the CLIENT environment. The recommended fix is to annotate the method with this argument or return type with the same annotation. Lithium handles this error by assuming the class cannot be included in some optimizations.
[19ago2025 19:07:53.074] [main/ERROR] [net.minecraftforge.fml.loading.RuntimeDistCleaner/DISTXFORM]: Attempted to load class net/minecraft/client/renderer/block/model/BlockModel for invalid dist DEDICATED_SERVER
[19ago2025 19:07:53.074] [main/WARN] [Radium Class Analysis/]: Radium Class Analysis Error: Class org.betterx.bclib.blocks.BaseBlock cannot be analysed, because getting declared methods crashes with RuntimeException: Attempted to load class net/minecraft/client/renderer/block/model/BlockModel for invalid dist DEDICATED_SERVER. This is usually caused by modded entities declaring methods that have a return type or parameter type that is annotated with @OnlyIn(Dist.CLIENT). Loading the type is not possible, because it only exists in the CLIENT environment. The recommended fix is to annotate the method with this argument or return type with the same annotation. Lithium handles this error by assuming the class cannot be included in some optimizations.
[19ago2025 19:07:53.075] [main/ERROR] [net.minecraftforge.fml.loading.RuntimeDistCleaner/DISTXFORM]: Attempted to load class net/minecraft/client/renderer/block/model/BlockModel for invalid dist DEDICATED_SERVER
[19ago2025 19:07:53.075] [main/WARN] [Radium Class Analysis/]: Radium Class Analysis Error: Class org.betterx.bclib.blocks.BaseBlock cannot be analysed, because getting declared methods crashes with RuntimeException: Attempted to load class net/minecraft/client/renderer/block/model/BlockModel for invalid dist DEDICATED_SERVER. This is usually caused by modded entities declaring methods that have a return type or parameter type that is annotated with @OnlyIn(Dist.CLIENT). Loading the type is not possible, because it only exists in the CLIENT environment. The recommended fix is to annotate the method with this argument or return type with the same annotation. Lithium handles this error by assuming the class cannot be included in some optimizations.
[19ago2025 19:07:53.076] [main/ERROR] [net.minecraftforge.fml.loading.RuntimeDistCleaner/DISTXFORM]: Attempted to load class net/minecraft/client/renderer/block/model/BlockModel for invalid dist DEDICATED_SERVER
[19ago2025 19:07:53.076] [main/WARN] [Radium Class Analysis/]: Radium Class Analysis Error: Class org.betterx.bclib.blocks.BaseBlock cannot be analysed, because getting declared methods crashes with RuntimeException: Attempted to load class net/minecraft/client/renderer/block/model/BlockModel for invalid dist DEDICATED_SERVER. This is usually caused by modded entities declaring methods that have a return type or parameter type that is annotated with @OnlyIn(Dist.CLIENT). Loading the type is not possible, because it only exists in the CLIENT environment. The recommended fix is to annotate the method with this argument or return type with the same annotation. Lithium handles this error by assuming the class cannot be included in some optimizations.
[19ago2025 19:07:53.076] [main/ERROR] [net.minecraftforge.fml.loading.RuntimeDistCleaner/DISTXFORM]: Attempted to load class net/minecraft/client/renderer/block/model/BlockModel for invalid dist DEDICATED_SERVER
[19ago2025 19:07:53.076] [main/WARN] [Radium Class Analysis/]: Radium Class Analysis Error: Class org.betterx.bclib.blocks.BaseBlock cannot be analysed, because getting declared methods crashes with RuntimeException: Attempted to load class net/minecraft/client/renderer/block/model/BlockModel for invalid dist DEDICATED_SERVER. This is usually caused by modded entities declaring methods that have a return type or parameter type that is annotated with @OnlyIn(Dist.CLIENT). Loading the type is not possible, because it only exists in the CLIENT environment. The recommended fix is to annotate the method with this argument or return type with the same annotation. Lithium handles this error by assuming the class cannot be included in some optimizations.
[19ago2025 19:07:53.077] [main/ERROR] [net.minecraftforge.fml.loading.RuntimeDistCleaner/DISTXFORM]: Attempted to load class net/minecraft/client/renderer/block/model/BlockModel for invalid dist DEDICATED_SERVER
[19ago2025 19:07:53.077] [main/WARN] [Radium Class Analysis/]: Radium Class Analysis Error: Class org.betterx.bclib.blocks.BaseBlock cannot be analysed, because getting declared methods crashes with RuntimeException: Attempted to load class net/minecraft/client/renderer/block/model/BlockModel for invalid dist DEDICATED_SERVER. This is usually caused by modded entities declaring methods that have a return type or parameter type that is annotated with @OnlyIn(Dist.CLIENT). Loading the type is not possible, because it only exists in the CLIENT environment. The recommended fix is to annotate the method with this argument or return type with the same annotation. Lithium handles this error by assuming the class cannot be included in some optimizations.
[19ago2025 19:07:53.078] [main/ERROR] [net.minecraftforge.fml.loading.RuntimeDistCleaner/DISTXFORM]: Attempted to load class net/minecraft/client/renderer/block/model/BlockModel for invalid dist DEDICATED_SERVER
[19ago2025 19:07:53.078] [main/WARN] [Radium Class Analysis/]: Radium Class Analysis Error: Class org.betterx.bclib.blocks.BaseBlock cannot be analysed, because getting declared methods crashes with RuntimeException: Attempted to load class net/minecraft/client/renderer/block/model/BlockModel for invalid dist DEDICATED_SERVER. This is usually caused by modded entities declaring methods that have a return type or parameter type that is annotated with @OnlyIn(Dist.CLIENT). Loading the type is not possible, because it only exists in the CLIENT environment. The recommended fix is to annotate the method with this argument or return type with the same annotation. Lithium handles this error by assuming the class cannot be included in some optimizations.
[19ago2025 19:07:53.079] [main/ERROR] [net.minecraftforge.fml.loading.RuntimeDistCleaner/DISTXFORM]: Attempted to load class net/minecraft/client/renderer/block/model/BlockModel for invalid dist DEDICATED_SERVER
[19ago2025 19:07:53.079] [main/WARN] [Radium Class Analysis/]: Radium Class Analysis Error: Class org.betterx.bclib.blocks.BaseBlock cannot be analysed, because getting declared methods crashes with RuntimeException: Attempted to load class net/minecraft/client/renderer/block/model/BlockModel for invalid dist DEDICATED_SERVER. This is usually caused by modded entities declaring methods that have a return type or parameter type that is annotated with @OnlyIn(Dist.CLIENT). Loading the type is not possible, because it only exists in the CLIENT environment. The recommended fix is to annotate the method with this argument or return type with the same annotation. Lithium handles this error by assuming the class cannot be included in some optimizations.
[19ago2025 19:07:53.079] [main/ERROR] [net.minecraftforge.fml.loading.RuntimeDistCleaner/DISTXFORM]: Attempted to load class net/minecraft/client/renderer/block/model/BlockModel for invalid dist DEDICATED_SERVER
[19ago2025 19:07:53.079] [main/WARN] [Radium Class Analysis/]: Radium Class Analysis Error: Class org.betterx.bclib.blocks.BaseBlock cannot be analysed, because getting declared methods crashes with RuntimeException: Attempted to load class net/minecraft/client/renderer/block/model/BlockModel for invalid dist DEDICATED_SERVER. This is usually caused by modded entities declaring methods that have a return type or parameter type that is annotated with @OnlyIn(Dist.CLIENT). Loading the type is not possible, because it only exists in the CLIENT environment. The recommended fix is to annotate the method with this argument or return type with the same annotation. Lithium handles this error by assuming the class cannot be included in some optimizations.
[19ago2025 19:07:53.080] [main/ERROR] [net.minecraftforge.fml.loading.RuntimeDistCleaner/DISTXFORM]: Attempted to load class net/minecraft/client/renderer/block/model/BlockModel for invalid dist DEDICATED_SERVER
[19ago2025 19:07:53.080] [main/WARN] [Radium Class Analysis/]: Radium Class Analysis Error: Class org.betterx.bclib.blocks.BaseBlock cannot be analysed, because getting declared methods crashes with RuntimeException: Attempted to load class net/minecraft/client/renderer/block/model/BlockModel for invalid dist DEDICATED_SERVER. This is usually caused by modded entities declaring methods that have a return type or parameter type that is annotated with @OnlyIn(Dist.CLIENT). Loading the type is not possible, because it only exists in the CLIENT environment. The recommended fix is to annotate the method with this argument or return type with the same annotation. Lithium handles this error by assuming the class cannot be included in some optimizations.
[19ago2025 19:07:53.080] [main/ERROR] [net.minecraftforge.fml.loading.RuntimeDistCleaner/DISTXFORM]: Attempted to load class net/minecraft/client/renderer/block/model/BlockModel for invalid dist DEDICATED_SERVER
[19ago2025 19:07:53.080] [main/WARN] [Radium Class Analysis/]: Radium Class Analysis Error: Class org.betterx.bclib.blocks.BaseBlock cannot be analysed, because getting declared methods crashes with RuntimeException: Attempted to load class net/minecraft/client/renderer/block/model/BlockModel for invalid dist DEDICATED_SERVER. This is usually caused by modded entities declaring methods that have a return type or parameter type that is annotated with @OnlyIn(Dist.CLIENT). Loading the type is not possible, because it only exists in the CLIENT environment. The recommended fix is to annotate the method with this argument or return type with the same annotation. Lithium handles this error by assuming the class cannot be included in some optimizations.
[19ago2025 19:07:53.082] [main/ERROR] [net.minecraftforge.fml.loading.RuntimeDistCleaner/DISTXFORM]: Attempted to load class net/minecraft/client/renderer/block/model/BlockModel for invalid dist DEDICATED_SERVER
[19ago2025 19:07:53.082] [main/WARN] [Radium Class Analysis/]: Radium Class Analysis Error: Class org.betterx.bclib.blocks.BaseBlock cannot be analysed, because getting declared methods crashes with RuntimeException: Attempted to load class net/minecraft/client/renderer/block/model/BlockModel for invalid dist DEDICATED_SERVER. This is usually caused by modded entities declaring methods that have a return type or parameter type that is annotated with @OnlyIn(Dist.CLIENT). Loading the type is not possible, because it only exists in the CLIENT environment. The recommended fix is to annotate the method with this argument or return type with the same annotation. Lithium handles this error by assuming the class cannot be included in some optimizations.
[19ago2025 19:07:53.082] [main/ERROR] [net.minecraftforge.fml.loading.RuntimeDistCleaner/DISTXFORM]: Attempted to load class net/minecraft/client/renderer/block/model/BlockModel for invalid dist DEDICATED_SERVER
[19ago2025 19:07:53.082] [main/WARN] [Radium Class Analysis/]: Radium Class Analysis Error: Class org.betterx.bclib.blocks.BaseBlock cannot be analysed, because getting declared methods crashes with RuntimeException: Attempted to load class net/minecraft/client/renderer/block/model/BlockModel for invalid dist DEDICATED_SERVER. This is usually caused by modded entities declaring methods that have a return type or parameter type that is annotated with @OnlyIn(Dist.CLIENT). Loading the type is not possible, because it only exists in the CLIENT environment. The recommended fix is to annotate the method with this argument or return type with the same annotation. Lithium handles this error by assuming the class cannot be included in some optimizations.
[19ago2025 19:07:53.087] [main/ERROR] [net.minecraftforge.fml.loading.RuntimeDistCleaner/DISTXFORM]: Attempted to load class net/minecraft/client/renderer/block/model/BlockModel for invalid dist DEDICATED_SERVER
[19ago2025 19:07:53.087] [main/WARN] [Radium Class Analysis/]: Radium Class Analysis Error: Class org.betterx.bclib.blocks.BaseLeavesBlock cannot be analysed, because getting declared methods crashes with RuntimeException: Attempted to load class net/minecraft/client/renderer/block/model/BlockModel for invalid dist DEDICATED_SERVER. This is usually caused by modded entities declaring methods that have a return type or parameter type that is annotated with @OnlyIn(Dist.CLIENT). Loading the type is not possible, because it only exists in the CLIENT environment. The recommended fix is to annotate the method with this argument or return type with the same annotation. Lithium handles this error by assuming the class cannot be included in some optimizations.
[19ago2025 19:07:53.087] [main/ERROR] [net.minecraftforge.fml.loading.RuntimeDistCleaner/DISTXFORM]: Attempted to load class net/minecraft/client/renderer/block/model/BlockModel for invalid dist DEDICATED_SERVER
[19ago2025 19:07:53.087] [main/WARN] [Radium Class Analysis/]: Radium Class Analysis Error: Class org.betterx.bclib.blocks.BaseLeavesBlock cannot be analysed, because getting declared methods crashes with RuntimeException: Attempted to load class net/minecraft/client/renderer/block/model/BlockModel for invalid dist DEDICATED_SERVER. This is usually caused by modded entities declaring methods that have a return type or parameter type that is annotated with @OnlyIn(Dist.CLIENT). Loading the type is not possible, because it only exists in the CLIENT environment. The recommended fix is to annotate the method with this argument or return type with the same annotation. Lithium handles this error by assuming the class cannot be included in some optimizations.
[19ago2025 19:07:53.090] [main/ERROR] [net.minecraftforge.fml.loading.RuntimeDistCleaner/DISTXFORM]: Attempted to load class net/minecraft/client/renderer/block/model/BlockModel for invalid dist DEDICATED_SERVER
[19ago2025 19:07:53.090] [main/WARN] [Radium Class Analysis/]: Radium Class Analysis Error: Class org.betterx.bclib.blocks.BaseBlock cannot be analysed, because getting declared methods crashes with RuntimeException: Attempted to load class net/minecraft/client/renderer/block/model/BlockModel for invalid dist DEDICATED_SERVER. This is usually caused by modded entities declaring methods that have a return type or parameter type that is annotated with @OnlyIn(Dist.CLIENT). Loading the type is not possible, because it only exists in the CLIENT environment. The recommended fix is to annotate the method with this argument or return type with the same annotation. Lithium handles this error by assuming the class cannot be included in some optimizations.
[19ago2025 19:07:53.092] [main/ERROR] [net.minecraftforge.fml.loading.RuntimeDistCleaner/DISTXFORM]: Attempted to load class net/minecraft/client/renderer/block/model/BlockModel for invalid dist DEDICATED_SERVER
[19ago2025 19:07:53.092] [main/WARN] [Radium Class Analysis/]: Radium Class Analysis Error: Class org.betterx.bclib.blocks.BaseBlock cannot be analysed, because getting declared methods crashes with RuntimeException: Attempted to load class net/minecraft/client/renderer/block/model/BlockModel for invalid dist DEDICATED_SERVER. This is usually caused by modded entities declaring methods that have a return type or parameter type that is annotated with @OnlyIn(Dist.CLIENT). Loading the type is not possible, because it only exists in the CLIENT environment. The recommended fix is to annotate the method with this argument or return type with the same annotation. Lithium handles this error by assuming the class cannot be included in some optimizations.
[19ago2025 19:07:53.093] [main/ERROR] [net.minecraftforge.fml.loading.RuntimeDistCleaner/DISTXFORM]: Attempted to load class net/minecraft/client/renderer/block/model/BlockModel for invalid dist DEDICATED_SERVER
[19ago2025 19:07:53.094] [main/WARN] [Radium Class Analysis/]: Radium Class Analysis Error: Class org.betterx.bclib.blocks.BaseBlock cannot be analysed, because getting declared methods crashes with RuntimeException: Attempted to load class net/minecraft/client/renderer/block/model/BlockModel for invalid dist DEDICATED_SERVER. This is usually caused by modded entities declaring methods that have a return type or parameter type that is annotated with @OnlyIn(Dist.CLIENT). Loading the type is not possible, because it only exists in the CLIENT environment. The recommended fix is to annotate the method with this argument or return type with the same annotation. Lithium handles this error by assuming the class cannot be included in some optimizations.
[19ago2025 19:07:53.094] [main/ERROR] [net.minecraftforge.fml.loading.RuntimeDistCleaner/DISTXFORM]: Attempted to load class net/minecraft/client/renderer/block/model/BlockModel for invalid dist DEDICATED_SERVER
[19ago2025 19:07:53.094] [main/WARN] [Radium Class Analysis/]: Radium Class Analysis Error: Class org.betterx.bclib.blocks.BaseBlock cannot be analysed, because getting declared methods crashes with RuntimeException: Attempted to load class net/minecraft/client/renderer/block/model/BlockModel for invalid dist DEDICATED_SERVER. This is usually caused by modded entities declaring methods that have a return type or parameter type that is annotated with @OnlyIn(Dist.CLIENT). Loading the type is not possible, because it only exists in the CLIENT environment. The recommended fix is to annotate the method with this argument or return type with the same annotation. Lithium handles this error by assuming the class cannot be included in some optimizations.
[19ago2025 19:07:53.095] [main/ERROR] [net.minecraftforge.fml.loading.RuntimeDistCleaner/DISTXFORM]: Attempted to load class net/minecraft/client/renderer/block/model/BlockModel for invalid dist DEDICATED_SERVER
[19ago2025 19:07:53.095] [main/WARN] [Radium Class Analysis/]: Radium Class Analysis Error: Class org.betterx.bclib.blocks.BaseBlock cannot be analysed, because getting declared methods crashes with RuntimeException: Attempted to load class net/minecraft/client/renderer/block/model/BlockModel for invalid dist DEDICATED_SERVER. This is usually caused by modded entities declaring methods that have a return type or parameter type that is annotated with @OnlyIn(Dist.CLIENT). Loading the type is not possible, because it only exists in the CLIENT environment. The recommended fix is to annotate the method with this argument or return type with the same annotation. Lithium handles this error by assuming the class cannot be included in some optimizations.
[19ago2025 19:07:53.095] [main/ERROR] [net.minecraftforge.fml.loading.RuntimeDistCleaner/DISTXFORM]: Attempted to load class net/minecraft/client/renderer/block/model/BlockModel for invalid dist DEDICATED_SERVER
[19ago2025 19:07:53.095] [main/WARN] [Radium Class Analysis/]: Radium Class Analysis Error: Class org.betterx.bclib.blocks.BaseBlock cannot be analysed, because getting declared methods crashes with RuntimeException: Attempted to load class net/minecraft/client/renderer/block/model/BlockModel for invalid dist DEDICATED_SERVER. This is usually caused by modded entities declaring methods that have a return type or parameter type that is annotated with @OnlyIn(Dist.CLIENT). Loading the type is not possible, because it only exists in the CLIENT environment. The recommended fix is to annotate the method with this argument or return type with the same annotation. Lithium handles this error by assuming the class cannot be included in some optimizations.
[19ago2025 19:07:53.096] [main/ERROR] [net.minecraftforge.fml.loading.RuntimeDistCleaner/DISTXFORM]: Attempted to load class net/minecraft/client/renderer/block/model/BlockModel for invalid dist DEDICATED_SERVER
[19ago2025 19:07:53.096] [main/WARN] [Radium Class Analysis/]: Radium Class Analysis Error: Class org.betterx.bclib.blocks.BaseBlock cannot be analysed, because getting declared methods crashes with RuntimeException: Attempted to load class net/minecraft/client/renderer/block/model/BlockModel for invalid dist DEDICATED_SERVER. This is usually caused by modded entities declaring methods that have a return type or parameter type that is annotated with @OnlyIn(Dist.CLIENT). Loading the type is not possible, because it only exists in the CLIENT environment. The recommended fix is to annotate the method with this argument or return type with the same annotation. Lithium handles this error by assuming the class cannot be included in some optimizations.
[19ago2025 19:07:53.096] [main/ERROR] [net.minecraftforge.fml.loading.RuntimeDistCleaner/DISTXFORM]: Attempted to load class net/minecraft/client/renderer/block/model/BlockModel for invalid dist DEDICATED_SERVER
[19ago2025 19:07:53.096] [main/WARN] [Radium Class Analysis/]: Radium Class Analysis Error: Class org.betterx.bclib.blocks.BaseBlock cannot be analysed, because getting declared methods crashes with RuntimeException: Attempted to load class net/minecraft/client/renderer/block/model/BlockModel for invalid dist DEDICATED_SERVER. This is usually caused by modded entities declaring methods that have a return type or parameter type that is annotated with @OnlyIn(Dist.CLIENT). Loading the type is not possible, because it only exists in the CLIENT environment. The recommended fix is to annotate the method with this argument or return type with the same annotation. Lithium handles this error by assuming the class cannot be included in some optimizations.
[19ago2025 19:07:53.105] [main/WARN] [Radium Class Analysis/]: Radium Class Analysis Error: Class org.betterx.betterend.blocks.TenaneaFlowersBlock cannot be analysed, because getting declared methods crashes with NoClassDefFoundError: net/minecraft/client/color/block/BlockColor. This is usually caused by modded entities declaring methods that have a return type or parameter type that is annotated with @OnlyIn(Dist.CLIENT). Loading the type is not possible, because it only exists in the CLIENT environment. The recommended fix is to annotate the method with this argument or return type with the same annotation. Lithium handles this error by assuming the class cannot be included in some optimizations.
[19ago2025 19:07:53.106] [main/WARN] [Radium Class Analysis/]: Radium Class Analysis Error: Class org.betterx.betterend.blocks.TenaneaFlowersBlock cannot be analysed, because getting declared methods crashes with NoClassDefFoundError: net/minecraft/client/color/block/BlockColor. This is usually caused by modded entities declaring methods that have a return type or parameter type that is annotated with @OnlyIn(Dist.CLIENT). Loading the type is not possible, because it only exists in the CLIENT environment. The recommended fix is to annotate the method with this argument or return type with the same annotation. Lithium handles this error by assuming the class cannot be included in some optimizations.
[19ago2025 19:07:53.111] [main/WARN] [Radium Class Analysis/]: Radium Class Analysis Error: Class org.betterx.betterend.blocks.HelixTreeLeavesBlock cannot be analysed, because getting declared methods crashes with NoClassDefFoundError: net/minecraft/client/color/block/BlockColor. This is usually caused by modded entities declaring methods that have a return type or parameter type that is annotated with @OnlyIn(Dist.CLIENT). Loading the type is not possible, because it only exists in the CLIENT environment. The recommended fix is to annotate the method with this argument or return type with the same annotation. Lithium handles this error by assuming the class cannot be included in some optimizations.
[19ago2025 19:07:53.111] [main/WARN] [Radium Class Analysis/]: Radium Class Analysis Error: Class org.betterx.betterend.blocks.HelixTreeLeavesBlock cannot be analysed, because getting declared methods crashes with NoClassDefFoundError: net/minecraft/client/color/block/BlockColor. This is usually caused by modded entities declaring methods that have a return type or parameter type that is annotated with @OnlyIn(Dist.CLIENT). Loading the type is not possible, because it only exists in the CLIENT environment. The recommended fix is to annotate the method with this argument or return type with the same annotation. Lithium handles this error by assuming the class cannot be included in some optimizations.
[19ago2025 19:07:53.114] [main/ERROR] [net.minecraftforge.fml.loading.RuntimeDistCleaner/DISTXFORM]: Attempted to load class net/minecraft/client/renderer/block/model/BlockModel for invalid dist DEDICATED_SERVER
[19ago2025 19:07:53.115] [main/WARN] [Radium Class Analysis/]: Radium Class Analysis Error: Class org.betterx.bclib.blocks.BaseBlock cannot be analysed, because getting declared methods crashes with RuntimeException: Attempted to load class net/minecraft/client/renderer/block/model/BlockModel for invalid dist DEDICATED_SERVER. This is usually caused by modded entities declaring methods that have a return type or parameter type that is annotated with @OnlyIn(Dist.CLIENT). Loading the type is not possible, because it only exists in the CLIENT environment. The recommended fix is to annotate the method with this argument or return type with the same annotation. Lithium handles this error by assuming the class cannot be included in some optimizations.
[19ago2025 19:07:53.115] [main/ERROR] [net.minecraftforge.fml.loading.RuntimeDistCleaner/DISTXFORM]: Attempted to load class net/minecraft/client/renderer/block/model/BlockModel for invalid dist DEDICATED_SERVER
[19ago2025 19:07:53.115] [main/WARN] [Radium Class Analysis/]: Radium Class Analysis Error: Class org.betterx.bclib.blocks.BaseBlock cannot be analysed, because getting declared methods crashes with RuntimeException: Attempted to load class net/minecraft/client/renderer/block/model/BlockModel for invalid dist DEDICATED_SERVER. This is usually caused by modded entities declaring methods that have a return type or parameter type that is annotated with @OnlyIn(Dist.CLIENT). Loading the type is not possible, because it only exists in the CLIENT environment. The recommended fix is to annotate the method with this argument or return type with the same annotation. Lithium handles this error by assuming the class cannot be included in some optimizations.
[19ago2025 19:07:53.115] [main/ERROR] [net.minecraftforge.fml.loading.RuntimeDistCleaner/DISTXFORM]: Attempted to load class net/minecraft/client/renderer/block/model/BlockModel for invalid dist DEDICATED_SERVER
[19ago2025 19:07:53.117] [main/WARN] [Radium Class Analysis/]: Radium Class Analysis Error: Class org.betterx.bclib.blocks.BaseBlock cannot be analysed, because getting declared methods crashes with RuntimeException: Attempted to load class net/minecraft/client/renderer/block/model/BlockModel for invalid dist DEDICATED_SERVER. This is usually caused by modded entities declaring methods that have a return type or parameter type that is annotated with @OnlyIn(Dist.CLIENT). Loading the type is not possible, because it only exists in the CLIENT environment. The recommended fix is to annotate the method with this argument or return type with the same annotation. Lithium handles this error by assuming the class cannot be included in some optimizations.
[19ago2025 19:07:53.117] [main/ERROR] [net.minecraftforge.fml.loading.RuntimeDistCleaner/DISTXFORM]: Attempted to load class net/minecraft/client/renderer/block/model/BlockModel for invalid dist DEDICATED_SERVER
[19ago2025 19:07:53.117] [main/WARN] [Radium Class Analysis/]: Radium Class Analysis Error: Class org.betterx.bclib.blocks.BaseBlock cannot be analysed, because getting declared methods crashes with RuntimeException: Attempted to load class net/minecraft/client/renderer/block/model/BlockModel for invalid dist DEDICATED_SERVER. This is usually caused by modded entities declaring methods that have a return type or parameter type that is annotated with @OnlyIn(Dist.CLIENT). Loading the type is not possible, because it only exists in the CLIENT environment. The recommended fix is to annotate the method with this argument or return type with the same annotation. Lithium handles this error by assuming the class cannot be included in some optimizations.
[19ago2025 19:07:53.120] [main/WARN] [Radium Class Analysis/]: Radium Class Analysis Error: Class org.betterx.betterend.blocks.JellyshroomCapBlock cannot be analysed, because getting declared methods crashes with NoClassDefFoundError: net/minecraft/client/color/block/BlockColor. This is usually caused by modded entities declaring methods that have a return type or parameter type that is annotated with @OnlyIn(Dist.CLIENT). Loading the type is not possible, because it only exists in the CLIENT environment. The recommended fix is to annotate the method with this argument or return type with the same annotation. Lithium handles this error by assuming the class cannot be included in some optimizations.
[19ago2025 19:07:53.120] [main/WARN] [Radium Class Analysis/]: Radium Class Analysis Error: Class org.betterx.betterend.blocks.JellyshroomCapBlock cannot be analysed, because getting declared methods crashes with NoClassDefFoundError: net/minecraft/client/color/block/BlockColor. This is usually caused by modded entities declaring methods that have a return type or parameter type that is annotated with @OnlyIn(Dist.CLIENT). Loading the type is not possible, because it only exists in the CLIENT environment. The recommended fix is to annotate the method with this argument or return type with the same annotation. Lithium handles this error by assuming the class cannot be included in some optimizations.
[19ago2025 19:07:53.128] [main/ERROR] [net.minecraftforge.fml.loading.RuntimeDistCleaner/DISTXFORM]: Attempted to load class net/minecraft/client/renderer/block/model/BlockModel for invalid dist DEDICATED_SERVER
[19ago2025 19:07:53.128] [main/WARN] [Radium Class Analysis/]: Radium Class Analysis Error: Class org.betterx.bclib.blocks.BaseBlock cannot be analysed, because getting declared methods crashes with RuntimeException: Attempted to load class net/minecraft/client/renderer/block/model/BlockModel for invalid dist DEDICATED_SERVER. This is usually caused by modded entities declaring methods that have a return type or parameter type that is annotated with @OnlyIn(Dist.CLIENT). Loading the type is not possible, because it only exists in the CLIENT environment. The recommended fix is to annotate the method with this argument or return type with the same annotation. Lithium handles this error by assuming the class cannot be included in some optimizations.
[19ago2025 19:07:53.129] [main/ERROR] [net.minecraftforge.fml.loading.RuntimeDistCleaner/DISTXFORM]: Attempted to load class net/minecraft/client/renderer/block/model/BlockModel for invalid dist DEDICATED_SERVER
[19ago2025 19:07:53.129] [main/WARN] [Radium Class Analysis/]: Radium Class Analysis Error: Class org.betterx.bclib.blocks.BaseBlock cannot be analysed, because getting declared methods crashes with RuntimeException: Attempted to load class net/minecraft/client/renderer/block/model/BlockModel for invalid dist DEDICATED_SERVER. This is usually caused by modded entities declaring methods that have a return type or parameter type that is annotated with @OnlyIn(Dist.CLIENT). Loading the type is not possible, because it only exists in the CLIENT environment. The recommended fix is to annotate the method with this argument or return type with the same annotation. Lithium handles this error by assuming the class cannot be included in some optimizations.
[19ago2025 19:07:53.130] [main/ERROR] [net.minecraftforge.fml.loading.RuntimeDistCleaner/DISTXFORM]: Attempted to load class net/minecraft/client/renderer/block/model/BlockModel for invalid dist DEDICATED_SERVER
[19ago2025 19:07:53.130] [main/WARN] [Radium Class Analysis/]: Radium Class Analysis Error: Class org.betterx.bclib.blocks.BaseBlock cannot be analysed, because getting declared methods crashes with RuntimeException: Attempted to load class net/minecraft/client/renderer/block/model/BlockModel for invalid dist DEDICATED_SERVER. This is usually caused by modded entities declaring methods that have a return type or parameter type that is annotated with @OnlyIn(Dist.CLIENT). Loading the type is not possible, because it only exists in the CLIENT environment. The recommended fix is to annotate the method with this argument or return type with the same annotation. Lithium handles this error by assuming the class cannot be included in some optimizations.
[19ago2025 19:07:53.130] [main/ERROR] [net.minecraftforge.fml.loading.RuntimeDistCleaner/DISTXFORM]: Attempted to load class net/minecraft/client/renderer/block/model/BlockModel for invalid dist DEDICATED_SERVER
[19ago2025 19:07:53.130] [main/WARN] [Radium Class Analysis/]: Radium Class Analysis Error: Class org.betterx.bclib.blocks.BaseBlock cannot be analysed, because getting declared methods crashes with RuntimeException: Attempted to load class net/minecraft/client/renderer/block/model/BlockModel for invalid dist DEDICATED_SERVER. This is usually caused by modded entities declaring methods that have a return type or parameter type that is annotated with @OnlyIn(Dist.CLIENT). Loading the type is not possible, because it only exists in the CLIENT environment. The recommended fix is to annotate the method with this argument or return type with the same annotation. Lithium handles this error by assuming the class cannot be included in some optimizations.
[19ago2025 19:07:53.130] [main/ERROR] [net.minecraftforge.fml.loading.RuntimeDistCleaner/DISTXFORM]: Attempted to load class net/minecraft/client/renderer/block/model/BlockModel for invalid dist DEDICATED_SERVER
[19ago2025 19:07:53.130] [main/WARN] [Radium Class Analysis/]: Radium Class Analysis Error: Class org.betterx.bclib.blocks.BaseBlock cannot be analysed, because getting declared methods crashes with RuntimeException: Attempted to load class net/minecraft/client/renderer/block/model/BlockModel for invalid dist DEDICATED_SERVER. This is usually caused by modded entities declaring methods that have a return type or parameter type that is annotated with @OnlyIn(Dist.CLIENT). Loading the type is not possible, because it only exists in the CLIENT environment. The recommended fix is to annotate the method with this argument or return type with the same annotation. Lithium handles this error by assuming the class cannot be included in some optimizations.
[19ago2025 19:07:53.132] [main/ERROR] [net.minecraftforge.fml.loading.RuntimeDistCleaner/DISTXFORM]: Attempted to load class net/minecraft/client/renderer/block/model/BlockModel for invalid dist DEDICATED_SERVER
[19ago2025 19:07:53.132] [main/WARN] [Radium Class Analysis/]: Radium Class Analysis Error: Class org.betterx.bclib.blocks.BaseBlock cannot be analysed, because getting declared methods crashes with RuntimeException: Attempted to load class net/minecraft/client/renderer/block/model/BlockModel for invalid dist DEDICATED_SERVER. This is usually caused by modded entities declaring methods that have a return type or parameter type that is annotated with @OnlyIn(Dist.CLIENT). Loading the type is not possible, because it only exists in the CLIENT environment. The recommended fix is to annotate the method with this argument or return type with the same annotation. Lithium handles this error by assuming the class cannot be included in some optimizations.
[19ago2025 19:07:53.132] [main/ERROR] [net.minecraftforge.fml.loading.RuntimeDistCleaner/DISTXFORM]: Attempted to load class net/minecraft/client/renderer/block/model/BlockModel for invalid dist DEDICATED_SERVER
[19ago2025 19:07:53.132] [main/WARN] [Radium Class Analysis/]: Radium Class Analysis Error: Class org.betterx.bclib.blocks.BaseBlock cannot be analysed, because getting declared methods crashes with RuntimeException: Attempted to load class net/minecraft/client/renderer/block/model/BlockModel for invalid dist DEDICATED_SERVER. This is usually caused by modded entities declaring methods that have a return type or parameter type that is annotated with @OnlyIn(Dist.CLIENT). Loading the type is not possible, because it only exists in the CLIENT environment. The recommended fix is to annotate the method with this argument or return type with the same annotation. Lithium handles this error by assuming the class cannot be included in some optimizations.
[19ago2025 19:07:53.133] [main/ERROR] [net.minecraftforge.fml.loading.RuntimeDistCleaner/DISTXFORM]: Attempted to load class net/minecraft/client/renderer/block/model/BlockModel for invalid dist DEDICATED_SERVER
[19ago2025 19:07:53.133] [main/WARN] [Radium Class Analysis/]: Radium Class Analysis Error: Class org.betterx.bclib.blocks.BaseBlock cannot be analysed, because getting declared methods crashes with RuntimeException: Attempted to load class net/minecraft/client/renderer/block/model/BlockModel for invalid dist DEDICATED_SERVER. This is usually caused by modded entities declaring methods that have a return type or parameter type that is annotated with @OnlyIn(Dist.CLIENT). Loading the type is not possible, because it only exists in the CLIENT environment. The recommended fix is to annotate the method with this argument or return type with the same annotation. Lithium handles this error by assuming the class cannot be included in some optimizations.
[19ago2025 19:07:53.133] [main/ERROR] [net.minecraftforge.fml.loading.RuntimeDistCleaner/DISTXFORM]: Attempted to load class net/minecraft/client/renderer/block/model/BlockModel for invalid dist DEDICATED_SERVER
[19ago2025 19:07:53.133] [main/WARN] [Radium Class Analysis/]: Radium Class Analysis Error: Class org.betterx.bclib.blocks.BaseBlock cannot be analysed, because getting declared methods crashes with RuntimeException: Attempted to load class net/minecraft/client/renderer/block/model/BlockModel for invalid dist DEDICATED_SERVER. This is usually caused by modded entities declaring methods that have a return type or parameter type that is annotated with @OnlyIn(Dist.CLIENT). Loading the type is not possible, because it only exists in the CLIENT environment. The recommended fix is to annotate the method with this argument or return type with the same annotation. Lithium handles this error by assuming the class cannot be included in some optimizations.
[19ago2025 19:07:53.134] [main/ERROR] [net.minecraftforge.fml.loading.RuntimeDistCleaner/DISTXFORM]: Attempted to load class net/minecraft/client/renderer/block/model/BlockModel for invalid dist DEDICATED_SERVER
[19ago2025 19:07:53.134] [main/WARN] [Radium Class Analysis/]: Radium Class Analysis Error: Class org.betterx.bclib.blocks.BaseBlock cannot be analysed, because getting declared methods crashes with RuntimeException: Attempted to load class net/minecraft/client/renderer/block/model/BlockModel for invalid dist DEDICATED_SERVER. This is usually caused by modded entities declaring methods that have a return type or parameter type that is annotated with @OnlyIn(Dist.CLIENT). Loading the type is not possible, because it only exists in the CLIENT environment. The recommended fix is to annotate the method with this argument or return type with the same annotation. Lithium handles this error by assuming the class cannot be included in some optimizations.
[19ago2025 19:07:53.134] [main/ERROR] [net.minecraftforge.fml.loading.RuntimeDistCleaner/DISTXFORM]: Attempted to load class net/minecraft/client/renderer/block/model/BlockModel for invalid dist DEDICATED_SERVER
[19ago2025 19:07:53.135] [main/WARN] [Radium Class Analysis/]: Radium Class Analysis Error: Class org.betterx.bclib.blocks.BaseBlock cannot be analysed, because getting declared methods crashes with RuntimeException: Attempted to load class net/minecraft/client/renderer/block/model/BlockModel for invalid dist DEDICATED_SERVER. This is usually caused by modded entities declaring methods that have a return type or parameter type that is annotated with @OnlyIn(Dist.CLIENT). Loading the type is not possible, because it only exists in the CLIENT environment. The recommended fix is to annotate the method with this argument or return type with the same annotation. Lithium handles this error by assuming the class cannot be included in some optimizations.
[19ago2025 19:07:53.135] [main/ERROR] [net.minecraftforge.fml.loading.RuntimeDistCleaner/DISTXFORM]: Attempted to load class net/minecraft/client/renderer/block/model/BlockModel for invalid dist DEDICATED_SERVER
[19ago2025 19:07:53.135] [main/WARN] [Radium Class Analysis/]: Radium Class Analysis Error: Class org.betterx.bclib.blocks.BaseBlock cannot be analysed, because getting declared methods crashes with RuntimeException: Attempted to load class net/minecraft/client/renderer/block/model/BlockModel for invalid dist DEDICATED_SERVER. This is usually caused by modded entities declaring methods that have a return type or parameter type that is annotated with @OnlyIn(Dist.CLIENT). Loading the type is not possible, because it only exists in the CLIENT environment. The recommended fix is to annotate the method with this argument or return type with the same annotation. Lithium handles this error by assuming the class cannot be included in some optimizations.
[19ago2025 19:07:53.135] [main/ERROR] [net.minecraftforge.fml.loading.RuntimeDistCleaner/DISTXFORM]: Attempted to load class net/minecraft/client/renderer/block/model/BlockModel for invalid dist DEDICATED_SERVER
[19ago2025 19:07:53.137] [main/WARN] [Radium Class Analysis/]: Radium Class Analysis Error: Class org.betterx.bclib.blocks.BaseBlock cannot be analysed, because getting declared methods crashes with RuntimeException: Attempted to load class net/minecraft/client/renderer/block/model/BlockModel for invalid dist DEDICATED_SERVER. This is usually caused by modded entities declaring methods that have a return type or parameter type that is annotated with @OnlyIn(Dist.CLIENT). Loading the type is not possible, because it only exists in the CLIENT environment. The recommended fix is to annotate the method with this argument or return type with the same annotation. Lithium handles this error by assuming the class cannot be included in some optimizations.
[19ago2025 19:07:53.137] [main/ERROR] [net.minecraftforge.fml.loading.RuntimeDistCleaner/DISTXFORM]: Attempted to load class net/minecraft/client/renderer/block/model/BlockModel for invalid dist DEDICATED_SERVER
[19ago2025 19:07:53.137] [main/WARN] [Radium Class Analysis/]: Radium Class Analysis Error: Class org.betterx.bclib.blocks.BaseBlock cannot be analysed, because getting declared methods crashes with RuntimeException: Attempted to load class net/minecraft/client/renderer/block/model/BlockModel for invalid dist DEDICATED_SERVER. This is usually caused by modded entities declaring methods that have a return type or parameter type that is annotated with @OnlyIn(Dist.CLIENT). Loading the type is not possible, because it only exists in the CLIENT environment. The recommended fix is to annotate the method with this argument or return type with the same annotation. Lithium handles this error by assuming the class cannot be included in some optimizations.
[19ago2025 19:07:53.138] [main/ERROR] [net.minecraftforge.fml.loading.RuntimeDistCleaner/DISTXFORM]: Attempted to load class net/minecraft/client/renderer/block/model/BlockModel for invalid dist DEDICATED_SERVER
[19ago2025 19:07:53.138] [main/WARN] [Radium Class Analysis/]: Radium Class Analysis Error: Class org.betterx.bclib.blocks.BaseBlock cannot be analysed, because getting declared methods crashes with RuntimeException: Attempted to load class net/minecraft/client/renderer/block/model/BlockModel for invalid dist DEDICATED_SERVER. This is usually caused by modded entities declaring methods that have a return type or parameter type that is annotated with @OnlyIn(Dist.CLIENT). Loading the type is not possible, because it only exists in the CLIENT environment. The recommended fix is to annotate the method with this argument or return type with the same annotation. Lithium handles this error by assuming the class cannot be included in some optimizations.
[19ago2025 19:07:53.138] [main/ERROR] [net.minecraftforge.fml.loading.RuntimeDistCleaner/DISTXFORM]: Attempted to load class net/minecraft/client/renderer/block/model/BlockModel for invalid dist DEDICATED_SERVER
[19ago2025 19:07:53.139] [main/WARN] [Radium Class Analysis/]: Radium Class Analysis Error: Class org.betterx.bclib.blocks.BaseBlock cannot be analysed, because getting declared methods crashes with RuntimeException: Attempted to load class net/minecraft/client/renderer/block/model/BlockModel for invalid dist DEDICATED_SERVER. This is usually caused by modded entities declaring methods that have a return type or parameter type that is annotated with @OnlyIn(Dist.CLIENT). Loading the type is not possible, because it only exists in the CLIENT environment. The recommended fix is to annotate the method with this argument or return type with the same annotation. Lithium handles this error by assuming the class cannot be included in some optimizations.
[19ago2025 19:07:53.140] [main/ERROR] [net.minecraftforge.fml.loading.RuntimeDistCleaner/DISTXFORM]: Attempted to load class net/minecraft/client/renderer/block/model/BlockModel for invalid dist DEDICATED_SERVER
[19ago2025 19:07:53.142] [main/WARN] [Radium Class Analysis/]: Radium Class Analysis Error: Class org.betterx.bclib.blocks.BaseBlock cannot be analysed, because getting declared methods crashes with RuntimeException: Attempted to load class net/minecraft/client/renderer/block/model/BlockModel for invalid dist DEDICATED_SERVER. This is usually caused by modded entities declaring methods that have a return type or parameter type that is annotated with @OnlyIn(Dist.CLIENT). Loading the type is not possible, because it only exists in the CLIENT environment. The recommended fix is to annotate the method with this argument or return type with the same annotation. Lithium handles this error by assuming the class cannot be included in some optimizations.
[19ago2025 19:07:53.142] [main/ERROR] [net.minecraftforge.fml.loading.RuntimeDistCleaner/DISTXFORM]: Attempted to load class net/minecraft/client/renderer/block/model/BlockModel for invalid dist DEDICATED_SERVER
[19ago2025 19:07:53.142] [main/WARN] [Radium Class Analysis/]: Radium Class Analysis Error: Class org.betterx.bclib.blocks.BaseBlock cannot be analysed, because getting declared methods crashes with RuntimeException: Attempted to load class net/minecraft/client/renderer/block/model/BlockModel for invalid dist DEDICATED_SERVER. This is usually caused by modded entities declaring methods that have a return type or parameter type that is annotated with @OnlyIn(Dist.CLIENT). Loading the type is not possible, because it only exists in the CLIENT environment. The recommended fix is to annotate the method with this argument or return type with the same annotation. Lithium handles this error by assuming the class cannot be included in some optimizations.
[19ago2025 19:07:53.143] [main/ERROR] [net.minecraftforge.fml.loading.RuntimeDistCleaner/DISTXFORM]: Attempted to load class net/minecraft/client/renderer/block/model/BlockModel for invalid dist DEDICATED_SERVER
[19ago2025 19:07:53.144] [main/WARN] [Radium Class Analysis/]: Radium Class Analysis Error: Class org.betterx.bclib.blocks.BaseBlock cannot be analysed, because getting declared methods crashes with RuntimeException: Attempted to load class net/minecraft/client/renderer/block/model/BlockModel for invalid dist DEDICATED_SERVER. This is usually caused by modded entities declaring methods that have a return type or parameter type that is annotated with @OnlyIn(Dist.CLIENT). Loading the type is not possible, because it only exists in the CLIENT environment. The recommended fix is to annotate the method with this argument or return type with the same annotation. Lithium handles this error by assuming the class cannot be included in some optimizations.
[19ago2025 19:07:53.144] [main/ERROR] [net.minecraftforge.fml.loading.RuntimeDistCleaner/DISTXFORM]: Attempted to load class net/minecraft/client/renderer/block/model/BlockModel for invalid dist DEDICATED_SERVER
[19ago2025 19:07:53.144] [main/WARN] [Radium Class Analysis/]: Radium Class Analysis Error: Class org.betterx.bclib.blocks.BaseBlock cannot be analysed, because getting declared methods crashes with RuntimeException: Attempted to load class net/minecraft/client/renderer/block/model/BlockModel for invalid dist DEDICATED_SERVER. This is usually caused by modded entities declaring methods that have a return type or parameter type that is annotated with @OnlyIn(Dist.CLIENT). Loading the type is not possible, because it only exists in the CLIENT environment. The recommended fix is to annotate the method with this argument or return type with the same annotation. Lithium handles this error by assuming the class cannot be included in some optimizations.
[19ago2025 19:07:53.145] [main/ERROR] [net.minecraftforge.fml.loading.RuntimeDistCleaner/DISTXFORM]: Attempted to load class net/minecraft/client/renderer/block/model/BlockModel for invalid dist DEDICATED_SERVER
[19ago2025 19:07:53.145] [main/WARN] [Radium Class Analysis/]: Radium Class Analysis Error: Class org.betterx.bclib.blocks.BaseBlock cannot be analysed, because getting declared methods crashes with RuntimeException: Attempted to load class net/minecraft/client/renderer/block/model/BlockModel for invalid dist DEDICATED_SERVER. This is usually caused by modded entities declaring methods that have a return type or parameter type that is annotated with @OnlyIn(Dist.CLIENT). Loading the type is not possible, because it only exists in the CLIENT environment. The recommended fix is to annotate the method with this argument or return type with the same annotation. Lithium handles this error by assuming the class cannot be included in some optimizations.
[19ago2025 19:07:53.145] [main/ERROR] [net.minecraftforge.fml.loading.RuntimeDistCleaner/DISTXFORM]: Attempted to load class net/minecraft/client/renderer/block/model/BlockModel for invalid dist DEDICATED_SERVER
[19ago2025 19:07:53.145] [main/WARN] [Radium Class Analysis/]: Radium Class Analysis Error: Class org.betterx.bclib.blocks.BaseBlock cannot be analysed, because getting declared methods crashes with RuntimeException: Attempted to load class net/minecraft/client/renderer/block/model/BlockModel for invalid dist DEDICATED_SERVER. This is usually caused by modded entities declaring methods that have a return type or parameter type that is annotated with @OnlyIn(Dist.CLIENT). Loading the type is not possible, because it only exists in the CLIENT environment. The recommended fix is to annotate the method with this argument or return type with the same annotation. Lithium handles this error by assuming the class cannot be included in some optimizations.
[19ago2025 19:07:53.146] [main/ERROR] [net.minecraftforge.fml.loading.RuntimeDistCleaner/DISTXFORM]: Attempted to load class net/minecraft/client/renderer/block/model/BlockModel for invalid dist DEDICATED_SERVER
[19ago2025 19:07:53.146] [main/WARN] [Radium Class Analysis/]: Radium Class Analysis Error: Class org.betterx.bclib.blocks.BaseBlock cannot be analysed, because getting declared methods crashes with RuntimeException: Attempted to load class net/minecraft/client/renderer/block/model/BlockModel for invalid dist DEDICATED_SERVER. This is usually caused by modded entities declaring methods that have a return type or parameter type that is annotated with @OnlyIn(Dist.CLIENT). Loading the type is not possible, because it only exists in the CLIENT environment. The recommended fix is to annotate the method with this argument or return type with the same annotation. Lithium handles this error by assuming the class cannot be included in some optimizations.
[19ago2025 19:07:53.147] [main/ERROR] [net.minecraftforge.fml.loading.RuntimeDistCleaner/DISTXFORM]: Attempted to load class net/minecraft/client/renderer/block/model/BlockModel for invalid dist DEDICATED_SERVER
[19ago2025 19:07:53.147] [main/WARN] [Radium Class Analysis/]: Radium Class Analysis Error: Class org.betterx.bclib.blocks.BaseBlock cannot be analysed, because getting declared methods crashes with RuntimeException: Attempted to load class net/minecraft/client/renderer/block/model/BlockModel for invalid dist DEDICATED_SERVER. This is usually caused by modded entities declaring methods that have a return type or parameter type that is annotated with @OnlyIn(Dist.CLIENT). Loading the type is not possible, because it only exists in the CLIENT environment. The recommended fix is to annotate the method with this argument or return type with the same annotation. Lithium handles this error by assuming the class cannot be included in some optimizations.
[19ago2025 19:07:53.147] [main/ERROR] [net.minecraftforge.fml.loading.RuntimeDistCleaner/DISTXFORM]: Attempted to load class net/minecraft/client/renderer/block/model/BlockModel for invalid dist DEDICATED_SERVER
[19ago2025 19:07:53.148] [main/WARN] [Radium Class Analysis/]: Radium Class Analysis Error: Class org.betterx.bclib.blocks.BaseBlock cannot be analysed, because getting declared methods crashes with RuntimeException: Attempted to load class net/minecraft/client/renderer/block/model/BlockModel for invalid dist DEDICATED_SERVER. This is usually caused by modded entities declaring methods that have a return type or parameter type that is annotated with @OnlyIn(Dist.CLIENT). Loading the type is not possible, because it only exists in the CLIENT environment. The recommended fix is to annotate the method with this argument or return type with the same annotation. Lithium handles this error by assuming the class cannot be included in some optimizations.
[19ago2025 19:07:53.148] [main/ERROR] [net.minecraftforge.fml.loading.RuntimeDistCleaner/DISTXFORM]: Attempted to load class net/minecraft/client/renderer/block/model/BlockModel for invalid dist DEDICATED_SERVER
[19ago2025 19:07:53.148] [main/WARN] [Radium Class Analysis/]: Radium Class Analysis Error: Class org.betterx.bclib.blocks.BaseBlock cannot be analysed, because getting declared methods crashes with RuntimeException: Attempted to load class net/minecraft/client/renderer/block/model/BlockModel for invalid dist DEDICATED_SERVER. This is usually caused by modded entities declaring methods that have a return type or parameter type that is annotated with @OnlyIn(Dist.CLIENT). Loading the type is not possible, because it only exists in the CLIENT environment. The recommended fix is to annotate the method with this argument or return type with the same annotation. Lithium handles this error by assuming the class cannot be included in some optimizations.
[19ago2025 19:07:53.149] [main/ERROR] [net.minecraftforge.fml.loading.RuntimeDistCleaner/DISTXFORM]: Attempted to load class net/minecraft/client/renderer/block/model/BlockModel for invalid dist DEDICATED_SERVER
[19ago2025 19:07:53.149] [main/WARN] [Radium Class Analysis/]: Radium Class Analysis Error: Class org.betterx.bclib.blocks.BaseBlock cannot be analysed, because getting declared methods crashes with RuntimeException: Attempted to load class net/minecraft/client/renderer/block/model/BlockModel for invalid dist DEDICATED_SERVER. This is usually caused by modded entities declaring methods that have a return type or parameter type that is annotated with @OnlyIn(Dist.CLIENT). Loading the type is not possible, because it only exists in the CLIENT environment. The recommended fix is to annotate the method with this argument or return type with the same annotation. Lithium handles this error by assuming the class cannot be included in some optimizations.
[19ago2025 19:07:53.149] [main/ERROR] [net.minecraftforge.fml.loading.RuntimeDistCleaner/DISTXFORM]: Attempted to load class net/minecraft/client/renderer/block/model/BlockModel for invalid dist DEDICATED_SERVER
[19ago2025 19:07:53.149] [main/WARN] [Radium Class Analysis/]: Radium Class Analysis Error: Class org.betterx.bclib.blocks.BaseBlock cannot be analysed, because getting declared methods crashes with RuntimeException: Attempted to load class net/minecraft/client/renderer/block/model/BlockModel for invalid dist DEDICATED_SERVER. This is usually caused by modded entities declaring methods that have a return type or parameter type that is annotated with @OnlyIn(Dist.CLIENT). Loading the type is not possible, because it only exists in the CLIENT environment. The recommended fix is to annotate the method with this argument or return type with the same annotation. Lithium handles this error by assuming the class cannot be included in some optimizations.
[19ago2025 19:07:53.151] [main/ERROR] [net.minecraftforge.fml.loading.RuntimeDistCleaner/DISTXFORM]: Attempted to load class net/minecraft/client/renderer/block/model/BlockModel for invalid dist DEDICATED_SERVER
[19ago2025 19:07:53.151] [main/WARN] [Radium Class Analysis/]: Radium Class Analysis Error: Class org.betterx.bclib.blocks.BaseBlock cannot be analysed, because getting declared methods crashes with RuntimeException: Attempted to load class net/minecraft/client/renderer/block/model/BlockModel for invalid dist DEDICATED_SERVER. This is usually caused by modded entities declaring methods that have a return type or parameter type that is annotated with @OnlyIn(Dist.CLIENT). Loading the type is not possible, because it only exists in the CLIENT environment. The recommended fix is to annotate the method with this argument or return type with the same annotation. Lithium handles this error by assuming the class cannot be included in some optimizations.
[19ago2025 19:07:53.151] [main/ERROR] [net.minecraftforge.fml.loading.RuntimeDistCleaner/DISTXFORM]: Attempted to load class net/minecraft/client/renderer/block/model/BlockModel for invalid dist DEDICATED_SERVER
[19ago2025 19:07:53.151] [main/WARN] [Radium Class Analysis/]: Radium Class Analysis Error: Class org.betterx.bclib.blocks.BaseBlock cannot be analysed, because getting declared methods crashes with RuntimeException: Attempted to load class net/minecraft/client/renderer/block/model/BlockModel for invalid dist DEDICATED_SERVER. This is usually caused by modded entities declaring methods that have a return type or parameter type that is annotated with @OnlyIn(Dist.CLIENT). Loading the type is not possible, because it only exists in the CLIENT environment. The recommended fix is to annotate the method with this argument or return type with the same annotation. Lithium handles this error by assuming the class cannot be included in some optimizations.
[19ago2025 19:07:53.152] [main/ERROR] [net.minecraftforge.fml.loading.RuntimeDistCleaner/DISTXFORM]: Attempted to load class net/minecraft/client/renderer/block/model/BlockModel for invalid dist DEDICATED_SERVER
[19ago2025 19:07:53.152] [main/WARN] [Radium Class Analysis/]: Radium Class Analysis Error: Class org.betterx.bclib.blocks.BaseBlock cannot be analysed, because getting declared methods crashes with RuntimeException: Attempted to load class net/minecraft/client/renderer/block/model/BlockModel for invalid dist DEDICATED_SERVER. This is usually caused by modded entities declaring methods that have a return type or parameter type that is annotated with @OnlyIn(Dist.CLIENT). Loading the type is not possible, because it only exists in the CLIENT environment. The recommended fix is to annotate the method with this argument or return type with the same annotation. Lithium handles this error by assuming the class cannot be included in some optimizations.
[19ago2025 19:07:53.152] [main/ERROR] [net.minecraftforge.fml.loading.RuntimeDistCleaner/DISTXFORM]: Attempted to load class net/minecraft/client/renderer/block/model/BlockModel for invalid dist DEDICATED_SERVER
[19ago2025 19:07:53.152] [main/WARN] [Radium Class Analysis/]: Radium Class Analysis Error: Class org.betterx.bclib.blocks.BaseBlock cannot be analysed, because getting declared methods crashes with RuntimeException: Attempted to load class net/minecraft/client/renderer/block/model/BlockModel for invalid dist DEDICATED_SERVER. This is usually caused by modded entities declaring methods that have a return type or parameter type that is annotated with @OnlyIn(Dist.CLIENT). Loading the type is not possible, because it only exists in the CLIENT environment. The recommended fix is to annotate the method with this argument or return type with the same annotation. Lithium handles this error by assuming the class cannot be included in some optimizations.
[19ago2025 19:07:53.153] [main/ERROR] [net.minecraftforge.fml.loading.RuntimeDistCleaner/DISTXFORM]: Attempted to load class net/minecraft/client/renderer/block/model/BlockModel for invalid dist DEDICATED_SERVER
[19ago2025 19:07:53.153] [main/WARN] [Radium Class Analysis/]: Radium Class Analysis Error: Class org.betterx.bclib.blocks.BaseBlock cannot be analysed, because getting declared methods crashes with RuntimeException: Attempted to load class net/minecraft/client/renderer/block/model/BlockModel for invalid dist DEDICATED_SERVER. This is usually caused by modded entities declaring methods that have a return type or parameter type that is annotated with @OnlyIn(Dist.CLIENT). Loading the type is not possible, because it only exists in the CLIENT environment. The recommended fix is to annotate the method with this argument or return type with the same annotation. Lithium handles this error by assuming the class cannot be included in some optimizations.
[19ago2025 19:07:53.154] [main/ERROR] [net.minecraftforge.fml.loading.RuntimeDistCleaner/DISTXFORM]: Attempted to load class net/minecraft/client/renderer/block/model/BlockModel for invalid dist DEDICATED_SERVER
[19ago2025 19:07:53.154] [main/WARN] [Radium Class Analysis/]: Radium Class Analysis Error: Class org.betterx.bclib.blocks.BaseBlock cannot be analysed, because getting declared methods crashes with RuntimeException: Attempted to load class net/minecraft/client/renderer/block/model/BlockModel for invalid dist DEDICATED_SERVER. This is usually caused by modded entities declaring methods that have a return type or parameter type that is annotated with @OnlyIn(Dist.CLIENT). Loading the type is not possible, because it only exists in the CLIENT environment. The recommended fix is to annotate the method with this argument or return type with the same annotation. Lithium handles this error by assuming the class cannot be included in some optimizations.
[19ago2025 19:07:53.154] [main/ERROR] [net.minecraftforge.fml.loading.RuntimeDistCleaner/DISTXFORM]: Attempted to load class net/minecraft/client/renderer/block/model/BlockModel for invalid dist DEDICATED_SERVER
[19ago2025 19:07:53.154] [main/WARN] [Radium Class Analysis/]: Radium Class Analysis Error: Class org.betterx.bclib.blocks.BaseBlock cannot be analysed, because getting declared methods crashes with RuntimeException: Attempted to load class net/minecraft/client/renderer/block/model/BlockModel for invalid dist DEDICATED_SERVER. This is usually caused by modded entities declaring methods that have a return type or parameter type that is annotated with @OnlyIn(Dist.CLIENT). Loading the type is not possible, because it only exists in the CLIENT environment. The recommended fix is to annotate the method with this argument or return type with the same annotation. Lithium handles this error by assuming the class cannot be included in some optimizations.
[19ago2025 19:07:53.155] [main/ERROR] [net.minecraftforge.fml.loading.RuntimeDistCleaner/DISTXFORM]: Attempted to load class net/minecraft/client/renderer/block/model/BlockModel for invalid dist DEDICATED_SERVER
[19ago2025 19:07:53.155] [main/WARN] [Radium Class Analysis/]: Radium Class Analysis Error: Class org.betterx.bclib.blocks.BaseBlock cannot be analysed, because getting declared methods crashes with RuntimeException: Attempted to load class net/minecraft/client/renderer/block/model/BlockModel for invalid dist DEDICATED_SERVER. This is usually caused by modded entities declaring methods that have a return type or parameter type that is annotated with @OnlyIn(Dist.CLIENT). Loading the type is not possible, because it only exists in the CLIENT environment. The recommended fix is to annotate the method with this argument or return type with the same annotation. Lithium handles this error by assuming the class cannot be included in some optimizations.
[19ago2025 19:07:53.156] [main/ERROR] [net.minecraftforge.fml.loading.RuntimeDistCleaner/DISTXFORM]: Attempted to load class net/minecraft/client/renderer/block/model/BlockModel for invalid dist DEDICATED_SERVER
[19ago2025 19:07:53.156] [main/WARN] [Radium Class Analysis/]: Radium Class Analysis Error: Class org.betterx.bclib.blocks.BaseBlock cannot be analysed, because getting declared methods crashes with RuntimeException: Attempted to load class net/minecraft/client/renderer/block/model/BlockModel for invalid dist DEDICATED_SERVER. This is usually caused by modded entities declaring methods that have a return type or parameter type that is annotated with @OnlyIn(Dist.CLIENT). Loading the type is not possible, because it only exists in the CLIENT environment. The recommended fix is to annotate the method with this argument or return type with the same annotation. Lithium handles this error by assuming the class cannot be included in some optimizations.
[19ago2025 19:07:53.156] [main/ERROR] [net.minecraftforge.fml.loading.RuntimeDistCleaner/DISTXFORM]: Attempted to load class net/minecraft/client/renderer/block/model/BlockModel for invalid dist DEDICATED_SERVER
[19ago2025 19:07:53.156] [main/WARN] [Radium Class Analysis/]: Radium Class Analysis Error: Class org.betterx.bclib.blocks.BaseBlock cannot be analysed, because getting declared methods crashes with RuntimeException: Attempted to load class net/minecraft/client/renderer/block/model/BlockModel for invalid dist DEDICATED_SERVER. This is usually caused by modded entities declaring methods that have a return type or parameter type that is annotated with @OnlyIn(Dist.CLIENT). Loading the type is not possible, because it only exists in the CLIENT environment. The recommended fix is to annotate the method with this argument or return type with the same annotation. Lithium handles this error by assuming the class cannot be included in some optimizations.
[19ago2025 19:07:53.157] [main/ERROR] [net.minecraftforge.fml.loading.RuntimeDistCleaner/DISTXFORM]: Attempted to load class net/minecraft/client/renderer/block/model/BlockModel for invalid dist DEDICATED_SERVER
[19ago2025 19:07:53.157] [main/WARN] [Radium Class Analysis/]: Radium Class Analysis Error: Class org.betterx.bclib.blocks.BaseBlock cannot be analysed, because getting declared methods crashes with RuntimeException: Attempted to load class net/minecraft/client/renderer/block/model/BlockModel for invalid dist DEDICATED_SERVER. This is usually caused by modded entities declaring methods that have a return type or parameter type that is annotated with @OnlyIn(Dist.CLIENT). Loading the type is not possible, because it only exists in the CLIENT environment. The recommended fix is to annotate the method with this argument or return type with the same annotation. Lithium handles this error by assuming the class cannot be included in some optimizations.
[19ago2025 19:07:53.158] [main/ERROR] [net.minecraftforge.fml.loading.RuntimeDistCleaner/DISTXFORM]: Attempted to load class net/minecraft/client/renderer/block/model/BlockModel for invalid dist DEDICATED_SERVER
[19ago2025 19:07:53.158] [main/WARN] [Radium Class Analysis/]: Radium Class Analysis Error: Class org.betterx.bclib.blocks.BaseBlock cannot be analysed, because getting declared methods crashes with RuntimeException: Attempted to load class net/minecraft/client/renderer/block/model/BlockModel for invalid dist DEDICATED_SERVER. This is usually caused by modded entities declaring methods that have a return type or parameter type that is annotated with @OnlyIn(Dist.CLIENT). Loading the type is not possible, because it only exists in the CLIENT environment. The recommended fix is to annotate the method with this argument or return type with the same annotation. Lithium handles this error by assuming the class cannot be included in some optimizations.
[19ago2025 19:07:53.158] [main/ERROR] [net.minecraftforge.fml.loading.RuntimeDistCleaner/DISTXFORM]: Attempted to load class net/minecraft/client/renderer/block/model/BlockModel for invalid dist DEDICATED_SERVER
[19ago2025 19:07:53.158] [main/WARN] [Radium Class Analysis/]: Radium Class Analysis Error: Class org.betterx.bclib.blocks.BaseBlock cannot be analysed, because getting declared methods crashes with RuntimeException: Attempted to load class net/minecraft/client/renderer/block/model/BlockModel for invalid dist DEDICATED_SERVER. This is usually caused by modded entities declaring methods that have a return type or parameter type that is annotated with @OnlyIn(Dist.CLIENT). Loading the type is not possible, because it only exists in the CLIENT environment. The recommended fix is to annotate the method with this argument or return type with the same annotation. Lithium handles this error by assuming the class cannot be included in some optimizations.
[19ago2025 19:07:53.160] [main/ERROR] [net.minecraftforge.fml.loading.RuntimeDistCleaner/DISTXFORM]: Attempted to load class net/minecraft/client/renderer/block/model/BlockModel for invalid dist DEDICATED_SERVER
[19ago2025 19:07:53.160] [main/WARN] [Radium Class Analysis/]: Radium Class Analysis Error: Class org.betterx.bclib.blocks.BaseBlock cannot be analysed, because getting declared methods crashes with RuntimeException: Attempted to load class net/minecraft/client/renderer/block/model/BlockModel for invalid dist DEDICATED_SERVER. This is usually caused by modded entities declaring methods that have a return type or parameter type that is annotated with @OnlyIn(Dist.CLIENT). Loading the type is not possible, because it only exists in the CLIENT environment. The recommended fix is to annotate the method with this argument or return type with the same annotation. Lithium handles this error by assuming the class cannot be included in some optimizations.
[19ago2025 19:07:53.161] [main/ERROR] [net.minecraftforge.fml.loading.RuntimeDistCleaner/DISTXFORM]: Attempted to load class net/minecraft/client/renderer/block/model/BlockModel for invalid dist DEDICATED_SERVER
[19ago2025 19:07:53.161] [main/WARN] [Radium Class Analysis/]: Radium Class Analysis Error: Class org.betterx.bclib.blocks.BaseBlock cannot be analysed, because getting declared methods crashes with RuntimeException: Attempted to load class net/minecraft/client/renderer/block/model/BlockModel for invalid dist DEDICATED_SERVER. This is usually caused by modded entities declaring methods that have a return type or parameter type that is annotated with @OnlyIn(Dist.CLIENT). Loading the type is not possible, because it only exists in the CLIENT environment. The recommended fix is to annotate the method with this argument or return type with the same annotation. Lithium handles this error by assuming the class cannot be included in some optimizations.
[19ago2025 19:07:53.162] [main/ERROR] [net.minecraftforge.fml.loading.RuntimeDistCleaner/DISTXFORM]: Attempted to load class net/minecraft/client/renderer/block/model/BlockModel for invalid dist DEDICATED_SERVER
[19ago2025 19:07:53.162] [main/WARN] [Radium Class Analysis/]: Radium Class Analysis Error: Class org.betterx.bclib.blocks.BaseBlock cannot be analysed, because getting declared methods crashes with RuntimeException: Attempted to load class net/minecraft/client/renderer/block/model/BlockModel for invalid dist DEDICATED_SERVER. This is usually caused by modded entities declaring methods that have a return type or parameter type that is annotated with @OnlyIn(Dist.CLIENT). Loading the type is not possible, because it only exists in the CLIENT environment. The recommended fix is to annotate the method with this argument or return type with the same annotation. Lithium handles this error by assuming the class cannot be included in some optimizations.
[19ago2025 19:07:53.162] [main/ERROR] [net.minecraftforge.fml.loading.RuntimeDistCleaner/DISTXFORM]: Attempted to load class net/minecraft/client/renderer/block/model/BlockModel for invalid dist DEDICATED_SERVER
[19ago2025 19:07:53.162] [main/WARN] [Radium Class Analysis/]: Radium Class Analysis Error: Class org.betterx.bclib.blocks.BaseBlock cannot be analysed, because getting declared methods crashes with RuntimeException: Attempted to load class net/minecraft/client/renderer/block/model/BlockModel for invalid dist DEDICATED_SERVER. This is usually caused by modded entities declaring methods that have a return type or parameter type that is annotated with @OnlyIn(Dist.CLIENT). Loading the type is not possible, because it only exists in the CLIENT environment. The recommended fix is to annotate the method with this argument or return type with the same annotation. Lithium handles this error by assuming the class cannot be included in some optimizations.
[19ago2025 19:07:53.162] [main/ERROR] [net.minecraftforge.fml.loading.RuntimeDistCleaner/DISTXFORM]: Attempted to load class net/minecraft/client/renderer/block/model/BlockModel for invalid dist DEDICATED_SERVER
[19ago2025 19:07:53.163] [main/WARN] [Radium Class Analysis/]: Radium Class Analysis Error: Class org.betterx.bclib.blocks.BaseBlock cannot be analysed, because getting declared methods crashes with RuntimeException: Attempted to load class net/minecraft/client/renderer/block/model/BlockModel for invalid dist DEDICATED_SERVER. This is usually caused by modded entities declaring methods that have a return type or parameter type that is annotated with @OnlyIn(Dist.CLIENT). Loading the type is not possible, because it only exists in the CLIENT environment. The recommended fix is to annotate the method with this argument or return type with the same annotation. Lithium handles this error by assuming the class cannot be included in some optimizations.
[19ago2025 19:07:53.163] [main/ERROR] [net.minecraftforge.fml.loading.RuntimeDistCleaner/DISTXFORM]: Attempted to load class net/minecraft/client/renderer/block/model/BlockModel for invalid dist DEDICATED_SERVER
[19ago2025 19:07:53.163] [main/WARN] [Radium Class Analysis/]: Radium Class Analysis Error: Class org.betterx.bclib.blocks.BaseBlock cannot be analysed, because getting declared methods crashes with RuntimeException: Attempted to load class net/minecraft/client/renderer/block/model/BlockModel for invalid dist DEDICATED_SERVER. This is usually caused by modded entities declaring methods that have a return type or parameter type that is annotated with @OnlyIn(Dist.CLIENT). Loading the type is not possible, because it only exists in the CLIENT environment. The recommended fix is to annotate the method with this argument or return type with the same annotation. Lithium handles this error by assuming the class cannot be included in some optimizations.
[19ago2025 19:07:53.163] [main/ERROR] [net.minecraftforge.fml.loading.RuntimeDistCleaner/DISTXFORM]: Attempted to load class net/minecraft/client/renderer/block/model/BlockModel for invalid dist DEDICATED_SERVER
[19ago2025 19:07:53.164] [main/WARN] [Radium Class Analysis/]: Radium Class Analysis Error: Class org.betterx.bclib.blocks.BaseBlock cannot be analysed, because getting declared methods crashes with RuntimeException: Attempted to load class net/minecraft/client/renderer/block/model/BlockModel for invalid dist DEDICATED_SERVER. This is usually caused by modded entities declaring methods that have a return type or parameter type that is annotated with @OnlyIn(Dist.CLIENT). Loading the type is not possible, because it only exists in the CLIENT environment. The recommended fix is to annotate the method with this argument or return type with the same annotation. Lithium handles this error by assuming the class cannot be included in some optimizations.
[19ago2025 19:07:53.164] [main/ERROR] [net.minecraftforge.fml.loading.RuntimeDistCleaner/DISTXFORM]: Attempted to load class net/minecraft/client/renderer/block/model/BlockModel for invalid dist DEDICATED_SERVER
[19ago2025 19:07:53.164] [main/WARN] [Radium Class Analysis/]: Radium Class Analysis Error: Class org.betterx.bclib.blocks.BaseBlock cannot be analysed, because getting declared methods crashes with RuntimeException: Attempted to load class net/minecraft/client/renderer/block/model/BlockModel for invalid dist DEDICATED_SERVER. This is usually caused by modded entities declaring methods that have a return type or parameter type that is annotated with @OnlyIn(Dist.CLIENT). Loading the type is not possible, because it only exists in the CLIENT environment. The recommended fix is to annotate the method with this argument or return type with the same annotation. Lithium handles this error by assuming the class cannot be included in some optimizations.
[19ago2025 19:07:53.166] [main/ERROR] [net.minecraftforge.fml.loading.RuntimeDistCleaner/DISTXFORM]: Attempted to load class net/minecraft/client/renderer/block/model/BlockModel for invalid dist DEDICATED_SERVER
[19ago2025 19:07:53.166] [main/WARN] [Radium Class Analysis/]: Radium Class Analysis Error: Class org.betterx.bclib.blocks.BaseBlock cannot be analysed, because getting declared methods crashes with RuntimeException: Attempted to load class net/minecraft/client/renderer/block/model/BlockModel for invalid dist DEDICATED_SERVER. This is usually caused by modded entities declaring methods that have a return type or parameter type that is annotated with @OnlyIn(Dist.CLIENT). Loading the type is not possible, because it only exists in the CLIENT environment. The recommended fix is to annotate the method with this argument or return type with the same annotation. Lithium handles this error by assuming the class cannot be included in some optimizations.
[19ago2025 19:07:53.167] [main/ERROR] [net.minecraftforge.fml.loading.RuntimeDistCleaner/DISTXFORM]: Attempted to load class net/minecraft/client/renderer/block/model/BlockModel for invalid dist DEDICATED_SERVER
[19ago2025 19:07:53.167] [main/WARN] [Radium Class Analysis/]: Radium Class Analysis Error: Class org.betterx.bclib.blocks.BaseBlock cannot be analysed, because getting declared methods crashes with RuntimeException: Attempted to load class net/minecraft/client/renderer/block/model/BlockModel for invalid dist DEDICATED_SERVER. This is usually caused by modded entities declaring methods that have a return type or parameter type that is annotated with @OnlyIn(Dist.CLIENT). Loading the type is not possible, because it only exists in the CLIENT environment. The recommended fix is to annotate the method with this argument or return type with the same annotation. Lithium handles this error by assuming the class cannot be included in some optimizations.
[19ago2025 19:07:53.168] [main/ERROR] [net.minecraftforge.fml.loading.RuntimeDistCleaner/DISTXFORM]: Attempted to load class net/minecraft/client/renderer/block/model/BlockModel for invalid dist DEDICATED_SERVER
[19ago2025 19:07:53.168] [main/WARN] [Radium Class Analysis/]: Radium Class Analysis Error: Class org.betterx.bclib.blocks.BaseBlock cannot be analysed, because getting declared methods crashes with RuntimeException: Attempted to load class net/minecraft/client/renderer/block/model/BlockModel for invalid dist DEDICATED_SERVER. This is usually caused by modded entities declaring methods that have a return type or parameter type that is annotated with @OnlyIn(Dist.CLIENT). Loading the type is not possible, because it only exists in the CLIENT environment. The recommended fix is to annotate the method with this argument or return type with the same annotation. Lithium handles this error by assuming the class cannot be included in some optimizations.
[19ago2025 19:07:53.168] [main/ERROR] [net.minecraftforge.fml.loading.RuntimeDistCleaner/DISTXFORM]: Attempted to load class net/minecraft/client/renderer/block/model/BlockModel for invalid dist DEDICATED_SERVER
[19ago2025 19:07:53.168] [main/WARN] [Radium Class Analysis/]: Radium Class Analysis Error: Class org.betterx.bclib.blocks.BaseBlock cannot be analysed, because getting declared methods crashes with RuntimeException: Attempted to load class net/minecraft/client/renderer/block/model/BlockModel for invalid dist DEDICATED_SERVER. This is usually caused by modded entities declaring methods that have a return type or parameter type that is annotated with @OnlyIn(Dist.CLIENT). Loading the type is not possible, because it only exists in the CLIENT environment. The recommended fix is to annotate the method with this argument or return type with the same annotation. Lithium handles this error by assuming the class cannot be included in some optimizations.
[19ago2025 19:07:53.170] [main/ERROR] [net.minecraftforge.fml.loading.RuntimeDistCleaner/DISTXFORM]: Attempted to load class net/minecraft/client/renderer/block/model/BlockModel for invalid dist DEDICATED_SERVER
[19ago2025 19:07:53.170] [main/WARN] [Radium Class Analysis/]: Radium Class Analysis Error: Class org.betterx.bclib.blocks.BaseBlock cannot be analysed, because getting declared methods crashes with RuntimeException: Attempted to load class net/minecraft/client/renderer/block/model/BlockModel for invalid dist DEDICATED_SERVER. This is usually caused by modded entities declaring methods that have a return type or parameter type that is annotated with @OnlyIn(Dist.CLIENT). Loading the type is not possible, because it only exists in the CLIENT environment. The recommended fix is to annotate the method with this argument or return type with the same annotation. Lithium handles this error by assuming the class cannot be included in some optimizations.
[19ago2025 19:07:53.170] [main/ERROR] [net.minecraftforge.fml.loading.RuntimeDistCleaner/DISTXFORM]: Attempted to load class net/minecraft/client/renderer/block/model/BlockModel for invalid dist DEDICATED_SERVER
[19ago2025 19:07:53.171] [main/WARN] [Radium Class Analysis/]: Radium Class Analysis Error: Class org.betterx.bclib.blocks.BaseBlock cannot be analysed, because getting declared methods crashes with RuntimeException: Attempted to load class net/minecraft/client/renderer/block/model/BlockModel for invalid dist DEDICATED_SERVER. This is usually caused by modded entities declaring methods that have a return type or parameter type that is annotated with @OnlyIn(Dist.CLIENT). Loading the type is not possible, because it only exists in the CLIENT environment. The recommended fix is to annotate the method with this argument or return type with the same annotation. Lithium handles this error by assuming the class cannot be included in some optimizations.
[19ago2025 19:07:53.171] [main/ERROR] [net.minecraftforge.fml.loading.RuntimeDistCleaner/DISTXFORM]: Attempted to load class net/minecraft/client/renderer/block/model/BlockModel for invalid dist DEDICATED_SERVER
[19ago2025 19:07:53.171] [main/WARN] [Radium Class Analysis/]: Radium Class Analysis Error: Class org.betterx.bclib.blocks.BaseBlock cannot be analysed, because getting declared methods crashes with RuntimeException: Attempted to load class net/minecraft/client/renderer/block/model/BlockModel for invalid dist DEDICATED_SERVER. This is usually caused by modded entities declaring methods that have a return type or parameter type that is annotated with @OnlyIn(Dist.CLIENT). Loading the type is not possible, because it only exists in the CLIENT environment. The recommended fix is to annotate the method with this argument or return type with the same annotation. Lithium handles this error by assuming the class cannot be included in some optimizations.
[19ago2025 19:07:53.172] [main/ERROR] [net.minecraftforge.fml.loading.RuntimeDistCleaner/DISTXFORM]: Attempted to load class net/minecraft/client/renderer/block/model/BlockModel for invalid dist DEDICATED_SERVER
[19ago2025 19:07:53.172] [main/WARN] [Radium Class Analysis/]: Radium Class Analysis Error: Class org.betterx.bclib.blocks.BaseBlock cannot be analysed, because getting declared methods crashes with RuntimeException: Attempted to load class net/minecraft/client/renderer/block/model/BlockModel for invalid dist DEDICATED_SERVER. This is usually caused by modded entities declaring methods that have a return type or parameter type that is annotated with @OnlyIn(Dist.CLIENT). Loading the type is not possible, because it only exists in the CLIENT environment. The recommended fix is to annotate the method with this argument or return type with the same annotation. Lithium handles this error by assuming the class cannot be included in some optimizations.
[19ago2025 19:07:53.172] [main/ERROR] [net.minecraftforge.fml.loading.RuntimeDistCleaner/DISTXFORM]: Attempted to load class net/minecraft/client/renderer/block/model/BlockModel for invalid dist DEDICATED_SERVER
[19ago2025 19:07:53.172] [main/WARN] [Radium Class Analysis/]: Radium Class Analysis Error: Class org.betterx.bclib.blocks.BaseBlock cannot be analysed, because getting declared methods crashes with RuntimeException: Attempted to load class net/minecraft/client/renderer/block/model/BlockModel for invalid dist DEDICATED_SERVER. This is usually caused by modded entities declaring methods that have a return type or parameter type that is annotated with @OnlyIn(Dist.CLIENT). Loading the type is not possible, because it only exists in the CLIENT environment. The recommended fix is to annotate the method with this argument or return type with the same annotation. Lithium handles this error by assuming the class cannot be included in some optimizations.
[19ago2025 19:07:53.173] [main/ERROR] [net.minecraftforge.fml.loading.RuntimeDistCleaner/DISTXFORM]: Attempted to load class net/minecraft/client/renderer/block/model/BlockModel for invalid dist DEDICATED_SERVER
[19ago2025 19:07:53.173] [main/WARN] [Radium Class Analysis/]: Radium Class Analysis Error: Class org.betterx.bclib.blocks.BaseBlock cannot be analysed, because getting declared methods crashes with RuntimeException: Attempted to load class net/minecraft/client/renderer/block/model/BlockModel for invalid dist DEDICATED_SERVER. This is usually caused by modded entities declaring methods that have a return type or parameter type that is annotated with @OnlyIn(Dist.CLIENT). Loading the type is not possible, because it only exists in the CLIENT environment. The recommended fix is to annotate the method with this argument or return type with the same annotation. Lithium handles this error by assuming the class cannot be included in some optimizations.
[19ago2025 19:07:53.173] [main/ERROR] [net.minecraftforge.fml.loading.RuntimeDistCleaner/DISTXFORM]: Attempted to load class net/minecraft/client/renderer/block/model/BlockModel for invalid dist DEDICATED_SERVER
[19ago2025 19:07:53.173] [main/WARN] [Radium Class Analysis/]: Radium Class Analysis Error: Class org.betterx.bclib.blocks.BaseBlock cannot be analysed, because getting declared methods crashes with RuntimeException: Attempted to load class net/minecraft/client/renderer/block/model/BlockModel for invalid dist DEDICATED_SERVER. This is usually caused by modded entities declaring methods that have a return type or parameter type that is annotated with @OnlyIn(Dist.CLIENT). Loading the type is not possible, because it only exists in the CLIENT environment. The recommended fix is to annotate the method with this argument or return type with the same annotation. Lithium handles this error by assuming the class cannot be included in some optimizations.
[19ago2025 19:07:53.175] [main/ERROR] [net.minecraftforge.fml.loading.RuntimeDistCleaner/DISTXFORM]: Attempted to load class net/minecraft/client/renderer/block/model/BlockModel for invalid dist DEDICATED_SERVER
[19ago2025 19:07:53.175] [main/WARN] [Radium Class Analysis/]: Radium Class Analysis Error: Class org.betterx.bclib.blocks.BaseBlock cannot be analysed, because getting declared methods crashes with RuntimeException: Attempted to load class net/minecraft/client/renderer/block/model/BlockModel for invalid dist DEDICATED_SERVER. This is usually caused by modded entities declaring methods that have a return type or parameter type that is annotated with @OnlyIn(Dist.CLIENT). Loading the type is not possible, because it only exists in the CLIENT environment. The recommended fix is to annotate the method with this argument or return type with the same annotation. Lithium handles this error by assuming the class cannot be included in some optimizations.
[19ago2025 19:07:53.176] [main/ERROR] [net.minecraftforge.fml.loading.RuntimeDistCleaner/DISTXFORM]: Attempted to load class net/minecraft/client/renderer/block/model/BlockModel for invalid dist DEDICATED_SERVER
[19ago2025 19:07:53.176] [main/WARN] [Radium Class Analysis/]: Radium Class Analysis Error: Class org.betterx.bclib.blocks.BaseBlock cannot be analysed, because getting declared methods crashes with RuntimeException: Attempted to load class net/minecraft/client/renderer/block/model/BlockModel for invalid dist DEDICATED_SERVER. This is usually caused by modded entities declaring methods that have a return type or parameter type that is annotated with @OnlyIn(Dist.CLIENT). Loading the type is not possible, because it only exists in the CLIENT environment. The recommended fix is to annotate the method with this argument or return type with the same annotation. Lithium handles this error by assuming the class cannot be included in some optimizations.
[19ago2025 19:07:53.177] [main/ERROR] [net.minecraftforge.fml.loading.RuntimeDistCleaner/DISTXFORM]: Attempted to load class net/minecraft/client/renderer/block/model/BlockModel for invalid dist DEDICATED_SERVER
[19ago2025 19:07:53.177] [main/WARN] [Radium Class Analysis/]: Radium Class Analysis Error: Class org.betterx.bclib.blocks.BaseBlock cannot be analysed, because getting declared methods crashes with RuntimeException: Attempted to load class net/minecraft/client/renderer/block/model/BlockModel for invalid dist DEDICATED_SERVER. This is usually caused by modded entities declaring methods that have a return type or parameter type that is annotated with @OnlyIn(Dist.CLIENT). Loading the type is not possible, because it only exists in the CLIENT environment. The recommended fix is to annotate the method with this argument or return type with the same annotation. Lithium handles this error by assuming the class cannot be included in some optimizations.
[19ago2025 19:07:53.177] [main/ERROR] [net.minecraftforge.fml.loading.RuntimeDistCleaner/DISTXFORM]: Attempted to load class net/minecraft/client/renderer/block/model/BlockModel for invalid dist DEDICATED_SERVER
[19ago2025 19:07:53.177] [main/WARN] [Radium Class Analysis/]: Radium Class Analysis Error: Class org.betterx.bclib.blocks.BaseBlock cannot be analysed, because getting declared methods crashes with RuntimeException: Attempted to load class net/minecraft/client/renderer/block/model/BlockModel for invalid dist DEDICATED_SERVER. This is usually caused by modded entities declaring methods that have a return type or parameter type that is annotated with @OnlyIn(Dist.CLIENT). Loading the type is not possible, because it only exists in the CLIENT environment. The recommended fix is to annotate the method with this argument or return type with the same annotation. Lithium handles this error by assuming the class cannot be included in some optimizations.
[19ago2025 19:07:53.178] [main/ERROR] [net.minecraftforge.fml.loading.RuntimeDistCleaner/DISTXFORM]: Attempted to load class net/minecraft/client/renderer/block/model/BlockModel for invalid dist DEDICATED_SERVER
[19ago2025 19:07:53.178] [main/WARN] [Radium Class Analysis/]: Radium Class Analysis Error: Class org.betterx.bclib.blocks.BaseBlock cannot be analysed, because getting declared methods crashes with RuntimeException: Attempted to load class net/minecraft/client/renderer/block/model/BlockModel for invalid dist DEDICATED_SERVER. This is usually caused by modded entities declaring methods that have a return type or parameter type that is annotated with @OnlyIn(Dist.CLIENT). Loading the type is not possible, because it only exists in the CLIENT environment. The recommended fix is to annotate the method with this argument or return type with the same annotation. Lithium handles this error by assuming the class cannot be included in some optimizations.
[19ago2025 19:07:53.178] [main/ERROR] [net.minecraftforge.fml.loading.RuntimeDistCleaner/DISTXFORM]: Attempted to load class net/minecraft/client/renderer/block/model/BlockModel for invalid dist DEDICATED_SERVER
[19ago2025 19:07:53.178] [main/WARN] [Radium Class Analysis/]: Radium Class Analysis Error: Class org.betterx.bclib.blocks.BaseBlock cannot be analysed, because getting declared methods crashes with RuntimeException: Attempted to load class net/minecraft/client/renderer/block/model/BlockModel for invalid dist DEDICATED_SERVER. This is usually caused by modded entities declaring methods that have a return type or parameter type that is annotated with @OnlyIn(Dist.CLIENT). Loading the type is not possible, because it only exists in the CLIENT environment. The recommended fix is to annotate the method with this argument or return type with the same annotation. Lithium handles this error by assuming the class cannot be included in some optimizations.
[19ago2025 19:07:53.179] [main/ERROR] [net.minecraftforge.fml.loading.RuntimeDistCleaner/DISTXFORM]: Attempted to load class net/minecraft/client/renderer/block/model/BlockModel for invalid dist DEDICATED_SERVER
[19ago2025 19:07:53.179] [main/WARN] [Radium Class Analysis/]: Radium Class Analysis Error: Class org.betterx.bclib.blocks.BaseBlock cannot be analysed, because getting declared methods crashes with RuntimeException: Attempted to load class net/minecraft/client/renderer/block/model/BlockModel for invalid dist DEDICATED_SERVER. This is usually caused by modded entities declaring methods that have a return type or parameter type that is annotated with @OnlyIn(Dist.CLIENT). Loading the type is not possible, because it only exists in the CLIENT environment. The recommended fix is to annotate the method with this argument or return type with the same annotation. Lithium handles this error by assuming the class cannot be included in some optimizations.
[19ago2025 19:07:53.180] [main/ERROR] [net.minecraftforge.fml.loading.RuntimeDistCleaner/DISTXFORM]: Attempted to load class net/minecraft/client/renderer/block/model/BlockModel for invalid dist DEDICATED_SERVER
[19ago2025 19:07:53.180] [main/WARN] [Radium Class Analysis/]: Radium Class Analysis Error: Class org.betterx.bclib.blocks.BaseBlock cannot be analysed, because getting declared methods crashes with RuntimeException: Attempted to load class net/minecraft/client/renderer/block/model/BlockModel for invalid dist DEDICATED_SERVER. This is usually caused by modded entities declaring methods that have a return type or parameter type that is annotated with @OnlyIn(Dist.CLIENT). Loading the type is not possible, because it only exists in the CLIENT environment. The recommended fix is to annotate the method with this argument or return type with the same annotation. Lithium handles this error by assuming the class cannot be included in some optimizations.
[19ago2025 19:07:53.180] [main/ERROR] [net.minecraftforge.fml.loading.RuntimeDistCleaner/DISTXFORM]: Attempted to load class net/minecraft/client/renderer/block/model/BlockModel for invalid dist DEDICATED_SERVER
[19ago2025 19:07:53.180] [main/WARN] [Radium Class Analysis/]: Radium Class Analysis Error: Class org.betterx.bclib.blocks.BaseBlock cannot be analysed, because getting declared methods crashes with RuntimeException: Attempted to load class net/minecraft/client/renderer/block/model/BlockModel for invalid dist DEDICATED_SERVER. This is usually caused by modded entities declaring methods that have a return type or parameter type that is annotated with @OnlyIn(Dist.CLIENT). Loading the type is not possible, because it only exists in the CLIENT environment. The recommended fix is to annotate the method with this argument or return type with the same annotation. Lithium handles this error by assuming the class cannot be included in some optimizations.
[19ago2025 19:07:53.180] [main/ERROR] [net.minecraftforge.fml.loading.RuntimeDistCleaner/DISTXFORM]: Attempted to load class net/minecraft/client/renderer/block/model/BlockModel for invalid dist DEDICATED_SERVER
[19ago2025 19:07:53.180] [main/WARN] [Radium Class Analysis/]: Radium Class Analysis Error: Class org.betterx.bclib.blocks.BaseBlock cannot be analysed, because getting declared methods crashes with RuntimeException: Attempted to load class net/minecraft/client/renderer/block/model/BlockModel for invalid dist DEDICATED_SERVER. This is usually caused by modded entities declaring methods that have a return type or parameter type that is annotated with @OnlyIn(Dist.CLIENT). Loading the type is not possible, because it only exists in the CLIENT environment. The recommended fix is to annotate the method with this argument or return type with the same annotation. Lithium handles this error by assuming the class cannot be included in some optimizations.
[19ago2025 19:07:53.182] [main/ERROR] [net.minecraftforge.fml.loading.RuntimeDistCleaner/DISTXFORM]: Attempted to load class net/minecraft/client/renderer/block/model/BlockModel for invalid dist DEDICATED_SERVER
[19ago2025 19:07:53.182] [main/WARN] [Radium Class Analysis/]: Radium Class Analysis Error: Class org.betterx.bclib.blocks.BaseBlock cannot be analysed, because getting declared methods crashes with RuntimeException: Attempted to load class net/minecraft/client/renderer/block/model/BlockModel for invalid dist DEDICATED_SERVER. This is usually caused by modded entities declaring methods that have a return type or parameter type that is annotated with @OnlyIn(Dist.CLIENT). Loading the type is not possible, because it only exists in the CLIENT environment. The recommended fix is to annotate the method with this argument or return type with the same annotation. Lithium handles this error by assuming the class cannot be included in some optimizations.
[19ago2025 19:07:53.183] [main/ERROR] [net.minecraftforge.fml.loading.RuntimeDistCleaner/DISTXFORM]: Attempted to load class net/minecraft/client/renderer/block/model/BlockModel for invalid dist DEDICATED_SERVER
[19ago2025 19:07:53.183] [main/WARN] [Radium Class Analysis/]: Radium Class Analysis Error: Class org.betterx.bclib.blocks.BaseBlock cannot be analysed, because getting declared methods crashes with RuntimeException: Attempted to load class net/minecraft/client/renderer/block/model/BlockModel for invalid dist DEDICATED_SERVER. This is usually caused by modded entities declaring methods that have a return type or parameter type that is annotated with @OnlyIn(Dist.CLIENT). Loading the type is not possible, because it only exists in the CLIENT environment. The recommended fix is to annotate the method with this argument or return type with the same annotation. Lithium handles this error by assuming the class cannot be included in some optimizations.
[19ago2025 19:07:53.183] [main/ERROR] [net.minecraftforge.fml.loading.RuntimeDistCleaner/DISTXFORM]: Attempted to load class net/minecraft/client/renderer/block/model/BlockModel for invalid dist DEDICATED_SERVER
[19ago2025 19:07:53.183] [main/WARN] [Radium Class Analysis/]: Radium Class Analysis Error: Class org.betterx.bclib.blocks.BaseBlock cannot be analysed, because getting declared methods crashes with RuntimeException: Attempted to load class net/minecraft/client/renderer/block/model/BlockModel for invalid dist DEDICATED_SERVER. This is usually caused by modded entities declaring methods that have a return type or parameter type that is annotated with @OnlyIn(Dist.CLIENT). Loading the type is not possible, because it only exists in the CLIENT environment. The recommended fix is to annotate the method with this argument or return type with the same annotation. Lithium handles this error by assuming the class cannot be included in some optimizations.
[19ago2025 19:07:53.184] [main/ERROR] [net.minecraftforge.fml.loading.RuntimeDistCleaner/DISTXFORM]: Attempted to load class net/minecraft/client/renderer/block/model/BlockModel for invalid dist DEDICATED_SERVER
[19ago2025 19:07:53.184] [main/WARN] [Radium Class Analysis/]: Radium Class Analysis Error: Class org.betterx.bclib.blocks.BaseBlock cannot be analysed, because getting declared methods crashes with RuntimeException: Attempted to load class net/minecraft/client/renderer/block/model/BlockModel for invalid dist DEDICATED_SERVER. This is usually caused by modded entities declaring methods that have a return type or parameter type that is annotated with @OnlyIn(Dist.CLIENT). Loading the type is not possible, because it only exists in the CLIENT environment. The recommended fix is to annotate the method with this argument or return type with the same annotation. Lithium handles this error by assuming the class cannot be included in some optimizations.
[19ago2025 19:07:53.184] [main/ERROR] [net.minecraftforge.fml.loading.RuntimeDistCleaner/DISTXFORM]: Attempted to load class net/minecraft/client/renderer/block/model/BlockModel for invalid dist DEDICATED_SERVER
[19ago2025 19:07:53.184] [main/WARN] [Radium Class Analysis/]: Radium Class Analysis Error: Class org.betterx.bclib.blocks.BaseBlock cannot be analysed, because getting declared methods crashes with RuntimeException: Attempted to load class net/minecraft/client/renderer/block/model/BlockModel for invalid dist DEDICATED_SERVER. This is usually caused by modded entities declaring methods that have a return type or parameter type that is annotated with @OnlyIn(Dist.CLIENT). Loading the type is not possible, because it only exists in the CLIENT environment. The recommended fix is to annotate the method with this argument or return type with the same annotation. Lithium handles this error by assuming the class cannot be included in some optimizations.
[19ago2025 19:07:53.186] [main/ERROR] [net.minecraftforge.fml.loading.RuntimeDistCleaner/DISTXFORM]: Attempted to load class net/minecraft/client/renderer/block/model/BlockModel for invalid dist DEDICATED_SERVER
[19ago2025 19:07:53.186] [main/WARN] [Radium Class Analysis/]: Radium Class Analysis Error: Class org.betterx.bclib.blocks.BaseBlock cannot be analysed, because getting declared methods crashes with RuntimeException: Attempted to load class net/minecraft/client/renderer/block/model/BlockModel for invalid dist DEDICATED_SERVER. This is usually caused by modded entities declaring methods that have a return type or parameter type that is annotated with @OnlyIn(Dist.CLIENT). Loading the type is not possible, because it only exists in the CLIENT environment. The recommended fix is to annotate the method with this argument or return type with the same annotation. Lithium handles this error by assuming the class cannot be included in some optimizations.
[19ago2025 19:07:53.188] [main/WARN] [Radium Class Analysis/]: Radium Class Analysis Error: Class org.betterx.betterend.blocks.HydraluxPetalColoredBlock cannot be analysed, because getting declared methods crashes with NoClassDefFoundError: net/minecraft/client/color/block/BlockColor. This is usually caused by modded entities declaring methods that have a return type or parameter type that is annotated with @OnlyIn(Dist.CLIENT). Loading the type is not possible, because it only exists in the CLIENT environment. The recommended fix is to annotate the method with this argument or return type with the same annotation. Lithium handles this error by assuming the class cannot be included in some optimizations.
[19ago2025 19:07:53.188] [main/WARN] [Radium Class Analysis/]: Radium Class Analysis Error: Class org.betterx.betterend.blocks.HydraluxPetalColoredBlock cannot be analysed, because getting declared methods crashes with NoClassDefFoundError: net/minecraft/client/color/block/BlockColor. This is usually caused by modded entities declaring methods that have a return type or parameter type that is annotated with @OnlyIn(Dist.CLIENT). Loading the type is not possible, because it only exists in the CLIENT environment. The recommended fix is to annotate the method with this argument or return type with the same annotation. Lithium handles this error by assuming the class cannot be included in some optimizations.
[19ago2025 19:07:53.190] [main/ERROR] [net.minecraftforge.fml.loading.RuntimeDistCleaner/DISTXFORM]: Attempted to load class net/minecraft/client/renderer/block/model/BlockModel for invalid dist DEDICATED_SERVER
[19ago2025 19:07:53.190] [main/WARN] [Radium Class Analysis/]: Radium Class Analysis Error: Class org.betterx.bclib.blocks.BaseBlock cannot be analysed, because getting declared methods crashes with RuntimeException: Attempted to load class net/minecraft/client/renderer/block/model/BlockModel for invalid dist DEDICATED_SERVER. This is usually caused by modded entities declaring methods that have a return type or parameter type that is annotated with @OnlyIn(Dist.CLIENT). Loading the type is not possible, because it only exists in the CLIENT environment. The recommended fix is to annotate the method with this argument or return type with the same annotation. Lithium handles this error by assuming the class cannot be included in some optimizations.
[19ago2025 19:07:53.190] [main/ERROR] [net.minecraftforge.fml.loading.RuntimeDistCleaner/DISTXFORM]: Attempted to load class net/minecraft/client/renderer/block/model/BlockModel for invalid dist DEDICATED_SERVER
[19ago2025 19:07:53.191] [main/WARN] [Radium Class Analysis/]: Radium Class Analysis Error: Class org.betterx.bclib.blocks.BaseBlock cannot be analysed, because getting declared methods crashes with RuntimeException: Attempted to load class net/minecraft/client/renderer/block/model/BlockModel for invalid dist DEDICATED_SERVER. This is usually caused by modded entities declaring methods that have a return type or parameter type that is annotated with @OnlyIn(Dist.CLIENT). Loading the type is not possible, because it only exists in the CLIENT environment. The recommended fix is to annotate the method with this argument or return type with the same annotation. Lithium handles this error by assuming the class cannot be included in some optimizations.
[19ago2025 19:07:53.192] [main/ERROR] [net.minecraftforge.fml.loading.RuntimeDistCleaner/DISTXFORM]: Attempted to load class net/minecraft/client/renderer/block/model/BlockModel for invalid dist DEDICATED_SERVER
[19ago2025 19:07:53.192] [main/WARN] [Radium Class Analysis/]: Radium Class Analysis Error: Class org.betterx.bclib.blocks.BaseBlock cannot be analysed, because getting declared methods crashes with RuntimeException: Attempted to load class net/minecraft/client/renderer/block/model/BlockModel for invalid dist DEDICATED_SERVER. This is usually caused by modded entities declaring methods that have a return type or parameter type that is annotated with @OnlyIn(Dist.CLIENT). Loading the type is not possible, because it only exists in the CLIENT environment. The recommended fix is to annotate the method with this argument or return type with the same annotation. Lithium handles this error by assuming the class cannot be included in some optimizations.
[19ago2025 19:07:53.192] [main/ERROR] [net.minecraftforge.fml.loading.RuntimeDistCleaner/DISTXFORM]: Attempted to load class net/minecraft/client/renderer/block/model/BlockModel for invalid dist DEDICATED_SERVER
[19ago2025 19:07:53.192] [main/WARN] [Radium Class Analysis/]: Radium Class Analysis Error: Class org.betterx.bclib.blocks.BaseBlock cannot be analysed, because getting declared methods crashes with RuntimeException: Attempted to load class net/minecraft/client/renderer/block/model/BlockModel for invalid dist DEDICATED_SERVER. This is usually caused by modded entities declaring methods that have a return type or parameter type that is annotated with @OnlyIn(Dist.CLIENT). Loading the type is not possible, because it only exists in the CLIENT environment. The recommended fix is to annotate the method with this argument or return type with the same annotation. Lithium handles this error by assuming the class cannot be included in some optimizations.
[19ago2025 19:07:53.193] [main/ERROR] [net.minecraftforge.fml.loading.RuntimeDistCleaner/DISTXFORM]: Attempted to load class net/minecraft/client/renderer/block/model/BlockModel for invalid dist DEDICATED_SERVER
[19ago2025 19:07:53.193] [main/WARN] [Radium Class Analysis/]: Radium Class Analysis Error: Class org.betterx.bclib.blocks.BaseBlock cannot be analysed, because getting declared methods crashes with RuntimeException: Attempted to load class net/minecraft/client/renderer/block/model/BlockModel for invalid dist DEDICATED_SERVER. This is usually caused by modded entities declaring methods that have a return type or parameter type that is annotated with @OnlyIn(Dist.CLIENT). Loading the type is not possible, because it only exists in the CLIENT environment. The recommended fix is to annotate the method with this argument or return type with the same annotation. Lithium handles this error by assuming the class cannot be included in some optimizations.
[19ago2025 19:07:53.193] [main/ERROR] [net.minecraftforge.fml.loading.RuntimeDistCleaner/DISTXFORM]: Attempted to load class net/minecraft/client/renderer/block/model/BlockModel for invalid dist DEDICATED_SERVER
[19ago2025 19:07:53.194] [main/WARN] [Radium Class Analysis/]: Radium Class Analysis Error: Class org.betterx.bclib.blocks.BaseBlock cannot be analysed, because getting declared methods crashes with RuntimeException: Attempted to load class net/minecraft/client/renderer/block/model/BlockModel for invalid dist DEDICATED_SERVER. This is usually caused by modded entities declaring methods that have a return type or parameter type that is annotated with @OnlyIn(Dist.CLIENT). Loading the type is not possible, because it only exists in the CLIENT environment. The recommended fix is to annotate the method with this argument or return type with the same annotation. Lithium handles this error by assuming the class cannot be included in some optimizations.
[19ago2025 19:07:53.194] [main/ERROR] [net.minecraftforge.fml.loading.RuntimeDistCleaner/DISTXFORM]: Attempted to load class net/minecraft/client/renderer/block/model/BlockModel for invalid dist DEDICATED_SERVER
[19ago2025 19:07:53.194] [main/WARN] [Radium Class Analysis/]: Radium Class Analysis Error: Class org.betterx.bclib.blocks.BaseBlock cannot be analysed, because getting declared methods crashes with RuntimeException: Attempted to load class net/minecraft/client/renderer/block/model/BlockModel for invalid dist DEDICATED_SERVER. This is usually caused by modded entities declaring methods that have a return type or parameter type that is annotated with @OnlyIn(Dist.CLIENT). Loading the type is not possible, because it only exists in the CLIENT environment. The recommended fix is to annotate the method with this argument or return type with the same annotation. Lithium handles this error by assuming the class cannot be included in some optimizations.
[19ago2025 19:07:53.195] [main/ERROR] [net.minecraftforge.fml.loading.RuntimeDistCleaner/DISTXFORM]: Attempted to load class net/minecraft/client/renderer/block/model/BlockModel for invalid dist DEDICATED_SERVER
[19ago2025 19:07:53.195] [main/WARN] [Radium Class Analysis/]: Radium Class Analysis Error: Class org.betterx.bclib.blocks.BaseBlock cannot be analysed, because getting declared methods crashes with RuntimeException: Attempted to load class net/minecraft/client/renderer/block/model/BlockModel for invalid dist DEDICATED_SERVER. This is usually caused by modded entities declaring methods that have a return type or parameter type that is annotated with @OnlyIn(Dist.CLIENT). Loading the type is not possible, because it only exists in the CLIENT environment. The recommended fix is to annotate the method with this argument or return type with the same annotation. Lithium handles this error by assuming the class cannot be included in some optimizations.
[19ago2025 19:07:53.195] [main/ERROR] [net.minecraftforge.fml.loading.RuntimeDistCleaner/DISTXFORM]: Attempted to load class net/minecraft/client/renderer/block/model/BlockModel for invalid dist DEDICATED_SERVER
[19ago2025 19:07:53.195] [main/WARN] [Radium Class Analysis/]: Radium Class Analysis Error: Class org.betterx.bclib.blocks.BaseBlock cannot be analysed, because getting declared methods crashes with RuntimeException: Attempted to load class net/minecraft/client/renderer/block/model/BlockModel for invalid dist DEDICATED_SERVER. This is usually caused by modded entities declaring methods that have a return type or parameter type that is annotated with @OnlyIn(Dist.CLIENT). Loading the type is not possible, because it only exists in the CLIENT environment. The recommended fix is to annotate the method with this argument or return type with the same annotation. Lithium handles this error by assuming the class cannot be included in some optimizations.
[19ago2025 19:07:53.196] [main/ERROR] [net.minecraftforge.fml.loading.RuntimeDistCleaner/DISTXFORM]: Attempted to load class net/minecraft/client/renderer/block/model/BlockModel for invalid dist DEDICATED_SERVER
[19ago2025 19:07:53.196] [main/WARN] [Radium Class Analysis/]: Radium Class Analysis Error: Class org.betterx.bclib.blocks.BaseBlock cannot be analysed, because getting declared methods crashes with RuntimeException: Attempted to load class net/minecraft/client/renderer/block/model/BlockModel for invalid dist DEDICATED_SERVER. This is usually caused by modded entities declaring methods that have a return type or parameter type that is annotated with @OnlyIn(Dist.CLIENT). Loading the type is not possible, because it only exists in the CLIENT environment. The recommended fix is to annotate the method with this argument or return type with the same annotation. Lithium handles this error by assuming the class cannot be included in some optimizations.
[19ago2025 19:07:53.198] [main/ERROR] [net.minecraftforge.fml.loading.RuntimeDistCleaner/DISTXFORM]: Attempted to load class net/minecraft/client/renderer/block/model/BlockModel for invalid dist DEDICATED_SERVER
[19ago2025 19:07:53.198] [main/WARN] [Radium Class Analysis/]: Radium Class Analysis Error: Class org.betterx.bclib.blocks.BaseBlock cannot be analysed, because getting declared methods crashes with RuntimeException: Attempted to load class net/minecraft/client/renderer/block/model/BlockModel for invalid dist DEDICATED_SERVER. This is usually caused by modded entities declaring methods that have a return type or parameter type that is annotated with @OnlyIn(Dist.CLIENT). Loading the type is not possible, because it only exists in the CLIENT environment. The recommended fix is to annotate the method with this argument or return type with the same annotation. Lithium handles this error by assuming the class cannot be included in some optimizations.
[19ago2025 19:07:53.198] [main/ERROR] [net.minecraftforge.fml.loading.RuntimeDistCleaner/DISTXFORM]: Attempted to load class net/minecraft/client/renderer/block/model/BlockModel for invalid dist DEDICATED_SERVER
[19ago2025 19:07:53.198] [main/WARN] [Radium Class Analysis/]: Radium Class Analysis Error: Class org.betterx.bclib.blocks.BaseBlock cannot be analysed, because getting declared methods crashes with RuntimeException: Attempted to load class net/minecraft/client/renderer/block/model/BlockModel for invalid dist DEDICATED_SERVER. This is usually caused by modded entities declaring methods that have a return type or parameter type that is annotated with @OnlyIn(Dist.CLIENT). Loading the type is not possible, because it only exists in the CLIENT environment. The recommended fix is to annotate the method with this argument or return type with the same annotation. Lithium handles this error by assuming the class cannot be included in some optimizations.
[19ago2025 19:07:53.199] [main/ERROR] [net.minecraftforge.fml.loading.RuntimeDistCleaner/DISTXFORM]: Attempted to load class net/minecraft/client/renderer/block/model/BlockModel for invalid dist DEDICATED_SERVER
[19ago2025 19:07:53.199] [main/WARN] [Radium Class Analysis/]: Radium Class Analysis Error: Class org.betterx.bclib.blocks.BaseBlock cannot be analysed, because getting declared methods crashes with RuntimeException: Attempted to load class net/minecraft/client/renderer/block/model/BlockModel for invalid dist DEDICATED_SERVER. This is usually caused by modded entities declaring methods that have a return type or parameter type that is annotated with @OnlyIn(Dist.CLIENT). Loading the type is not possible, because it only exists in the CLIENT environment. The recommended fix is to annotate the method with this argument or return type with the same annotation. Lithium handles this error by assuming the class cannot be included in some optimizations.
[19ago2025 19:07:53.199] [main/ERROR] [net.minecraftforge.fml.loading.RuntimeDistCleaner/DISTXFORM]: Attempted to load class net/minecraft/client/renderer/block/model/BlockModel for invalid dist DEDICATED_SERVER
[19ago2025 19:07:53.199] [main/WARN] [Radium Class Analysis/]: Radium Class Analysis Error: Class org.betterx.bclib.blocks.BaseBlock cannot be analysed, because getting declared methods crashes with RuntimeException: Attempted to load class net/minecraft/client/renderer/block/model/BlockModel for invalid dist DEDICATED_SERVER. This is usually caused by modded entities declaring methods that have a return type or parameter type that is annotated with @OnlyIn(Dist.CLIENT). Loading the type is not possible, because it only exists in the CLIENT environment. The recommended fix is to annotate the method with this argument or return type with the same annotation. Lithium handles this error by assuming the class cannot be included in some optimizations.
[19ago2025 19:07:53.200] [main/ERROR] [net.minecraftforge.fml.loading.RuntimeDistCleaner/DISTXFORM]: Attempted to load class net/minecraft/client/renderer/block/model/BlockModel for invalid dist DEDICATED_SERVER
[19ago2025 19:07:53.200] [main/WARN] [Radium Class Analysis/]: Radium Class Analysis Error: Class org.betterx.bclib.blocks.BaseBlock cannot be analysed, because getting declared methods crashes with RuntimeException: Attempted to load class net/minecraft/client/renderer/block/model/BlockModel for invalid dist DEDICATED_SERVER. This is usually caused by modded entities declaring methods that have a return type or parameter type that is annotated with @OnlyIn(Dist.CLIENT). Loading the type is not possible, because it only exists in the CLIENT environment. The recommended fix is to annotate the method with this argument or return type with the same annotation. Lithium handles this error by assuming the class cannot be included in some optimizations.
[19ago2025 19:07:53.200] [main/ERROR] [net.minecraftforge.fml.loading.RuntimeDistCleaner/DISTXFORM]: Attempted to load class net/minecraft/client/renderer/block/model/BlockModel for invalid dist DEDICATED_SERVER
[19ago2025 19:07:53.200] [main/WARN] [Radium Class Analysis/]: Radium Class Analysis Error: Class org.betterx.bclib.blocks.BaseBlock cannot be analysed, because getting declared methods crashes with RuntimeException: Attempted to load class net/minecraft/client/renderer/block/model/BlockModel for invalid dist DEDICATED_SERVER. This is usually caused by modded entities declaring methods that have a return type or parameter type that is annotated with @OnlyIn(Dist.CLIENT). Loading the type is not possible, because it only exists in the CLIENT environment. The recommended fix is to annotate the method with this argument or return type with the same annotation. Lithium handles this error by assuming the class cannot be included in some optimizations.
[19ago2025 19:07:53.202] [main/ERROR] [net.minecraftforge.fml.loading.RuntimeDistCleaner/DISTXFORM]: Attempted to load class net/minecraft/client/renderer/block/model/BlockModel for invalid dist DEDICATED_SERVER
[19ago2025 19:07:53.202] [main/WARN] [Radium Class Analysis/]: Radium Class Analysis Error: Class org.betterx.bclib.blocks.BaseBlock cannot be analysed, because getting declared methods crashes with RuntimeException: Attempted to load class net/minecraft/client/renderer/block/model/BlockModel for invalid dist DEDICATED_SERVER. This is usually caused by modded entities declaring methods that have a return type or parameter type that is annotated with @OnlyIn(Dist.CLIENT). Loading the type is not possible, because it only exists in the CLIENT environment. The recommended fix is to annotate the method with this argument or return type with the same annotation. Lithium handles this error by assuming the class cannot be included in some optimizations.
[19ago2025 19:07:53.202] [main/ERROR] [net.minecraftforge.fml.loading.RuntimeDistCleaner/DISTXFORM]: Attempted to load class net/minecraft/client/renderer/block/model/BlockModel for invalid dist DEDICATED_SERVER
[19ago2025 19:07:53.202] [main/WARN] [Radium Class Analysis/]: Radium Class Analysis Error: Class org.betterx.bclib.blocks.BaseBlock cannot be analysed, because getting declared methods crashes with RuntimeException: Attempted to load class net/minecraft/client/renderer/block/model/BlockModel for invalid dist DEDICATED_SERVER. This is usually caused by modded entities declaring methods that have a return type or parameter type that is annotated with @OnlyIn(Dist.CLIENT). Loading the type is not possible, because it only exists in the CLIENT environment. The recommended fix is to annotate the method with this argument or return type with the same annotation. Lithium handles this error by assuming the class cannot be included in some optimizations.
[19ago2025 19:07:53.203] [main/ERROR] [net.minecraftforge.fml.loading.RuntimeDistCleaner/DISTXFORM]: Attempted to load class net/minecraft/client/renderer/block/model/BlockModel for invalid dist DEDICATED_SERVER
[19ago2025 19:07:53.203] [main/WARN] [Radium Class Analysis/]: Radium Class Analysis Error: Class org.betterx.bclib.blocks.BaseBlock cannot be analysed, because getting declared methods crashes with RuntimeException: Attempted to load class net/minecraft/client/renderer/block/model/BlockModel for invalid dist DEDICATED_SERVER. This is usually caused by modded entities declaring methods that have a return type or parameter type that is annotated with @OnlyIn(Dist.CLIENT). Loading the type is not possible, because it only exists in the CLIENT environment. The recommended fix is to annotate the method with this argument or return type with the same annotation. Lithium handles this error by assuming the class cannot be included in some optimizations.
[19ago2025 19:07:53.203] [main/ERROR] [net.minecraftforge.fml.loading.RuntimeDistCleaner/DISTXFORM]: Attempted to load class net/minecraft/client/renderer/block/model/BlockModel for invalid dist DEDICATED_SERVER
[19ago2025 19:07:53.203] [main/WARN] [Radium Class Analysis/]: Radium Class Analysis Error: Class org.betterx.bclib.blocks.BaseBlock cannot be analysed, because getting declared methods crashes with RuntimeException: Attempted to load class net/minecraft/client/renderer/block/model/BlockModel for invalid dist DEDICATED_SERVER. This is usually caused by modded entities declaring methods that have a return type or parameter type that is annotated with @OnlyIn(Dist.CLIENT). Loading the type is not possible, because it only exists in the CLIENT environment. The recommended fix is to annotate the method with this argument or return type with the same annotation. Lithium handles this error by assuming the class cannot be included in some optimizations.
[19ago2025 19:07:53.204] [main/ERROR] [net.minecraftforge.fml.loading.RuntimeDistCleaner/DISTXFORM]: Attempted to load class net/minecraft/client/renderer/block/model/BlockModel for invalid dist DEDICATED_SERVER
[19ago2025 19:07:53.204] [main/WARN] [Radium Class Analysis/]: Radium Class Analysis Error: Class org.betterx.bclib.blocks.BaseBlock cannot be analysed, because getting declared methods crashes with RuntimeException: Attempted to load class net/minecraft/client/renderer/block/model/BlockModel for invalid dist DEDICATED_SERVER. This is usually caused by modded entities declaring methods that have a return type or parameter type that is annotated with @OnlyIn(Dist.CLIENT). Loading the type is not possible, because it only exists in the CLIENT environment. The recommended fix is to annotate the method with this argument or return type with the same annotation. Lithium handles this error by assuming the class cannot be included in some optimizations.
[19ago2025 19:07:53.204] [main/ERROR] [net.minecraftforge.fml.loading.RuntimeDistCleaner/DISTXFORM]: Attempted to load class net/minecraft/client/renderer/block/model/BlockModel for invalid dist DEDICATED_SERVER
[19ago2025 19:07:53.204] [main/WARN] [Radium Class Analysis/]: Radium Class Analysis Error: Class org.betterx.bclib.blocks.BaseBlock cannot be analysed, because getting declared methods crashes with RuntimeException: Attempted to load class net/minecraft/client/renderer/block/model/BlockModel for invalid dist DEDICATED_SERVER. This is usually caused by modded entities declaring methods that have a return type or parameter type that is annotated with @OnlyIn(Dist.CLIENT). Loading the type is not possible, because it only exists in the CLIENT environment. The recommended fix is to annotate the method with this argument or return type with the same annotation. Lithium handles this error by assuming the class cannot be included in some optimizations.
[19ago2025 19:07:53.205] [main/ERROR] [net.minecraftforge.fml.loading.RuntimeDistCleaner/DISTXFORM]: Attempted to load class net/minecraft/client/renderer/block/model/BlockModel for invalid dist DEDICATED_SERVER
[19ago2025 19:07:53.205] [main/WARN] [Radium Class Analysis/]: Radium Class Analysis Error: Class org.betterx.bclib.blocks.BaseBlock cannot be analysed, because getting declared methods crashes with RuntimeException: Attempted to load class net/minecraft/client/renderer/block/model/BlockModel for invalid dist DEDICATED_SERVER. This is usually caused by modded entities declaring methods that have a return type or parameter type that is annotated with @OnlyIn(Dist.CLIENT). Loading the type is not possible, because it only exists in the CLIENT environment. The recommended fix is to annotate the method with this argument or return type with the same annotation. Lithium handles this error by assuming the class cannot be included in some optimizations.
[19ago2025 19:07:53.206] [main/ERROR] [net.minecraftforge.fml.loading.RuntimeDistCleaner/DISTXFORM]: Attempted to load class net/minecraft/client/renderer/block/model/BlockModel for invalid dist DEDICATED_SERVER
[19ago2025 19:07:53.206] [main/WARN] [Radium Class Analysis/]: Radium Class Analysis Error: Class org.betterx.bclib.blocks.BaseBlock cannot be analysed, because getting declared methods crashes with RuntimeException: Attempted to load class net/minecraft/client/renderer/block/model/BlockModel for invalid dist DEDICATED_SERVER. This is usually caused by modded entities declaring methods that have a return type or parameter type that is annotated with @OnlyIn(Dist.CLIENT). Loading the type is not possible, because it only exists in the CLIENT environment. The recommended fix is to annotate the method with this argument or return type with the same annotation. Lithium handles this error by assuming the class cannot be included in some optimizations.
[19ago2025 19:07:53.206] [main/ERROR] [net.minecraftforge.fml.loading.RuntimeDistCleaner/DISTXFORM]: Attempted to load class net/minecraft/client/renderer/block/model/BlockModel for invalid dist DEDICATED_SERVER
[19ago2025 19:07:53.206] [main/WARN] [Radium Class Analysis/]: Radium Class Analysis Error: Class org.betterx.bclib.blocks.BaseBlock cannot be analysed, because getting declared methods crashes with RuntimeException: Attempted to load class net/minecraft/client/renderer/block/model/BlockModel for invalid dist DEDICATED_SERVER. This is usually caused by modded entities declaring methods that have a return type or parameter type that is annotated with @OnlyIn(Dist.CLIENT). Loading the type is not possible, because it only exists in the CLIENT environment. The recommended fix is to annotate the method with this argument or return type with the same annotation. Lithium handles this error by assuming the class cannot be included in some optimizations.
[19ago2025 19:07:53.208] [main/ERROR] [net.minecraftforge.fml.loading.RuntimeDistCleaner/DISTXFORM]: Attempted to load class net/minecraft/client/renderer/block/model/BlockModel for invalid dist DEDICATED_SERVER
[19ago2025 19:07:53.208] [main/WARN] [Radium Class Analysis/]: Radium Class Analysis Error: Class org.betterx.bclib.blocks.BaseBlock cannot be analysed, because getting declared methods crashes with RuntimeException: Attempted to load class net/minecraft/client/renderer/block/model/BlockModel for invalid dist DEDICATED_SERVER. This is usually caused by modded entities declaring methods that have a return type or parameter type that is annotated with @OnlyIn(Dist.CLIENT). Loading the type is not possible, because it only exists in the CLIENT environment. The recommended fix is to annotate the method with this argument or return type with the same annotation. Lithium handles this error by assuming the class cannot be included in some optimizations.
[19ago2025 19:07:53.208] [main/ERROR] [net.minecraftforge.fml.loading.RuntimeDistCleaner/DISTXFORM]: Attempted to load class net/minecraft/client/renderer/block/model/BlockModel for invalid dist DEDICATED_SERVER
[19ago2025 19:07:53.208] [main/WARN] [Radium Class Analysis/]: Radium Class Analysis Error: Class org.betterx.bclib.blocks.BaseBlock cannot be analysed, because getting declared methods crashes with RuntimeException: Attempted to load class net/minecraft/client/renderer/block/model/BlockModel for invalid dist DEDICATED_SERVER. This is usually caused by modded entities declaring methods that have a return type or parameter type that is annotated with @OnlyIn(Dist.CLIENT). Loading the type is not possible, because it only exists in the CLIENT environment. The recommended fix is to annotate the method with this argument or return type with the same annotation. Lithium handles this error by assuming the class cannot be included in some optimizations.
[19ago2025 19:07:53.209] [main/ERROR] [net.minecraftforge.fml.loading.RuntimeDistCleaner/DISTXFORM]: Attempted to load class net/minecraft/client/renderer/block/model/BlockModel for invalid dist DEDICATED_SERVER
[19ago2025 19:07:53.209] [main/WARN] [Radium Class Analysis/]: Radium Class Analysis Error: Class org.betterx.bclib.blocks.BaseBlock cannot be analysed, because getting declared methods crashes with RuntimeException: Attempted to load class net/minecraft/client/renderer/block/model/BlockModel for invalid dist DEDICATED_SERVER. This is usually caused by modded entities declaring methods that have a return type or parameter type that is annotated with @OnlyIn(Dist.CLIENT). Loading the type is not possible, because it only exists in the CLIENT environment. The recommended fix is to annotate the method with this argument or return type with the same annotation. Lithium handles this error by assuming the class cannot be included in some optimizations.
[19ago2025 19:07:53.210] [main/ERROR] [net.minecraftforge.fml.loading.RuntimeDistCleaner/DISTXFORM]: Attempted to load class net/minecraft/client/renderer/block/model/BlockModel for invalid dist DEDICATED_SERVER
[19ago2025 19:07:53.210] [main/WARN] [Radium Class Analysis/]: Radium Class Analysis Error: Class org.betterx.bclib.blocks.BaseBlock cannot be analysed, because getting declared methods crashes with RuntimeException: Attempted to load class net/minecraft/client/renderer/block/model/BlockModel for invalid dist DEDICATED_SERVER. This is usually caused by modded entities declaring methods that have a return type or parameter type that is annotated with @OnlyIn(Dist.CLIENT). Loading the type is not possible, because it only exists in the CLIENT environment. The recommended fix is to annotate the method with this argument or return type with the same annotation. Lithium handles this error by assuming the class cannot be included in some optimizations.
[19ago2025 19:07:53.210] [main/ERROR] [net.minecraftforge.fml.loading.RuntimeDistCleaner/DISTXFORM]: Attempted to load class net/minecraft/client/renderer/block/model/BlockModel for invalid dist DEDICATED_SERVER
[19ago2025 19:07:53.210] [main/WARN] [Radium Class Analysis/]: Radium Class Analysis Error: Class org.betterx.bclib.blocks.BaseBlock cannot be analysed, because getting declared methods crashes with RuntimeException: Attempted to load class net/minecraft/client/renderer/block/model/BlockModel for invalid dist DEDICATED_SERVER. This is usually caused by modded entities declaring methods that have a return type or parameter type that is annotated with @OnlyIn(Dist.CLIENT). Loading the type is not possible, because it only exists in the CLIENT environment. The recommended fix is to annotate the method with this argument or return type with the same annotation. Lithium handles this error by assuming the class cannot be included in some optimizations.
[19ago2025 19:07:53.212] [main/ERROR] [net.minecraftforge.fml.loading.RuntimeDistCleaner/DISTXFORM]: Attempted to load class net/minecraft/client/renderer/block/model/BlockModel for invalid dist DEDICATED_SERVER
[19ago2025 19:07:53.212] [main/WARN] [Radium Class Analysis/]: Radium Class Analysis Error: Class org.betterx.bclib.blocks.BaseBlock cannot be analysed, because getting declared methods crashes with RuntimeException: Attempted to load class net/minecraft/client/renderer/block/model/BlockModel for invalid dist DEDICATED_SERVER. This is usually caused by modded entities declaring methods that have a return type or parameter type that is annotated with @OnlyIn(Dist.CLIENT). Loading the type is not possible, because it only exists in the CLIENT environment. The recommended fix is to annotate the method with this argument or return type with the same annotation. Lithium handles this error by assuming the class cannot be included in some optimizations.
[19ago2025 19:07:53.212] [main/ERROR] [net.minecraftforge.fml.loading.RuntimeDistCleaner/DISTXFORM]: Attempted to load class net/minecraft/client/renderer/block/model/BlockModel for invalid dist DEDICATED_SERVER
[19ago2025 19:07:53.212] [main/WARN] [Radium Class Analysis/]: Radium Class Analysis Error: Class org.betterx.bclib.blocks.BaseBlock cannot be analysed, because getting declared methods crashes with RuntimeException: Attempted to load class net/minecraft/client/renderer/block/model/BlockModel for invalid dist DEDICATED_SERVER. This is usually caused by modded entities declaring methods that have a return type or parameter type that is annotated with @OnlyIn(Dist.CLIENT). Loading the type is not possible, because it only exists in the CLIENT environment. The recommended fix is to annotate the method with this argument or return type with the same annotation. Lithium handles this error by assuming the class cannot be included in some optimizations.
[19ago2025 19:07:53.213] [main/ERROR] [net.minecraftforge.fml.loading.RuntimeDistCleaner/DISTXFORM]: Attempted to load class net/minecraft/client/renderer/block/model/BlockModel for invalid dist DEDICATED_SERVER
[19ago2025 19:07:53.213] [main/WARN] [Radium Class Analysis/]: Radium Class Analysis Error: Class org.betterx.bclib.blocks.BaseOreBlock cannot be analysed, because getting declared methods crashes with RuntimeException: Attempted to load class net/minecraft/client/renderer/block/model/BlockModel for invalid dist DEDICATED_SERVER. This is usually caused by modded entities declaring methods that have a return type or parameter type that is annotated with @OnlyIn(Dist.CLIENT). Loading the type is not possible, because it only exists in the CLIENT environment. The recommended fix is to annotate the method with this argument or return type with the same annotation. Lithium handles this error by assuming the class cannot be included in some optimizations.
[19ago2025 19:07:53.213] [main/ERROR] [net.minecraftforge.fml.loading.RuntimeDistCleaner/DISTXFORM]: Attempted to load class net/minecraft/client/renderer/block/model/BlockModel for invalid dist DEDICATED_SERVER
[19ago2025 19:07:53.213] [main/WARN] [Radium Class Analysis/]: Radium Class Analysis Error: Class org.betterx.bclib.blocks.BaseOreBlock cannot be analysed, because getting declared methods crashes with RuntimeException: Attempted to load class net/minecraft/client/renderer/block/model/BlockModel for invalid dist DEDICATED_SERVER. This is usually caused by modded entities declaring methods that have a return type or parameter type that is annotated with @OnlyIn(Dist.CLIENT). Loading the type is not possible, because it only exists in the CLIENT environment. The recommended fix is to annotate the method with this argument or return type with the same annotation. Lithium handles this error by assuming the class cannot be included in some optimizations.
[19ago2025 19:07:53.219] [main/ERROR] [net.minecraftforge.fml.loading.RuntimeDistCleaner/DISTXFORM]: Attempted to load class net/minecraft/client/renderer/block/model/BlockModel for invalid dist DEDICATED_SERVER
[19ago2025 19:07:53.219] [main/WARN] [Radium Class Analysis/]: Radium Class Analysis Error: Class org.betterx.bclib.blocks.BaseBlock cannot be analysed, because getting declared methods crashes with RuntimeException: Attempted to load class net/minecraft/client/renderer/block/model/BlockModel for invalid dist DEDICATED_SERVER. This is usually caused by modded entities declaring methods that have a return type or parameter type that is annotated with @OnlyIn(Dist.CLIENT). Loading the type is not possible, because it only exists in the CLIENT environment. The recommended fix is to annotate the method with this argument or return type with the same annotation. Lithium handles this error by assuming the class cannot be included in some optimizations.
[19ago2025 19:07:53.220] [main/ERROR] [net.minecraftforge.fml.loading.RuntimeDistCleaner/DISTXFORM]: Attempted to load class net/minecraft/client/renderer/block/model/BlockModel for invalid dist DEDICATED_SERVER
[19ago2025 19:07:53.220] [main/WARN] [Radium Class Analysis/]: Radium Class Analysis Error: Class org.betterx.bclib.blocks.BaseBlock cannot be analysed, because getting declared methods crashes with RuntimeException: Attempted to load class net/minecraft/client/renderer/block/model/BlockModel for invalid dist DEDICATED_SERVER. This is usually caused by modded entities declaring methods that have a return type or parameter type that is annotated with @OnlyIn(Dist.CLIENT). Loading the type is not possible, because it only exists in the CLIENT environment. The recommended fix is to annotate the method with this argument or return type with the same annotation. Lithium handles this error by assuming the class cannot be included in some optimizations.
[19ago2025 19:07:53.222] [main/ERROR] [net.minecraftforge.fml.loading.RuntimeDistCleaner/DISTXFORM]: Attempted to load class net/minecraft/client/renderer/block/model/BlockModel for invalid dist DEDICATED_SERVER
[19ago2025 19:07:53.222] [main/WARN] [Radium Class Analysis/]: Radium Class Analysis Error: Class org.betterx.bclib.blocks.BaseBlock cannot be analysed, because getting declared methods crashes with RuntimeException: Attempted to load class net/minecraft/client/renderer/block/model/BlockModel for invalid dist DEDICATED_SERVER. This is usually caused by modded entities declaring methods that have a return type or parameter type that is annotated with @OnlyIn(Dist.CLIENT). Loading the type is not possible, because it only exists in the CLIENT environment. The recommended fix is to annotate the method with this argument or return type with the same annotation. Lithium handles this error by assuming the class cannot be included in some optimizations.
[19ago2025 19:07:53.223] [main/ERROR] [net.minecraftforge.fml.loading.RuntimeDistCleaner/DISTXFORM]: Attempted to load class net/minecraft/client/renderer/block/model/BlockModel for invalid dist DEDICATED_SERVER
[19ago2025 19:07:53.223] [main/WARN] [Radium Class Analysis/]: Radium Class Analysis Error: Class org.betterx.bclib.blocks.BaseBlock cannot be analysed, because getting declared methods crashes with RuntimeException: Attempted to load class net/minecraft/client/renderer/block/model/BlockModel for invalid dist DEDICATED_SERVER. This is usually caused by modded entities declaring methods that have a return type or parameter type that is annotated with @OnlyIn(Dist.CLIENT). Loading the type is not possible, because it only exists in the CLIENT environment. The recommended fix is to annotate the method with this argument or return type with the same annotation. Lithium handles this error by assuming the class cannot be included in some optimizations.
[19ago2025 19:07:53.224] [main/ERROR] [net.minecraftforge.fml.loading.RuntimeDistCleaner/DISTXFORM]: Attempted to load class net/minecraft/client/renderer/block/model/BlockModel for invalid dist DEDICATED_SERVER
[19ago2025 19:07:53.224] [main/WARN] [Radium Class Analysis/]: Radium Class Analysis Error: Class org.betterx.bclib.blocks.BaseBlock cannot be analysed, because getting declared methods crashes with RuntimeException: Attempted to load class net/minecraft/client/renderer/block/model/BlockModel for invalid dist DEDICATED_SERVER. This is usually caused by modded entities declaring methods that have a return type or parameter type that is annotated with @OnlyIn(Dist.CLIENT). Loading the type is not possible, because it only exists in the CLIENT environment. The recommended fix is to annotate the method with this argument or return type with the same annotation. Lithium handles this error by assuming the class cannot be included in some optimizations.
[19ago2025 19:07:53.224] [main/ERROR] [net.minecraftforge.fml.loading.RuntimeDistCleaner/DISTXFORM]: Attempted to load class net/minecraft/client/renderer/block/model/BlockModel for invalid dist DEDICATED_SERVER
[19ago2025 19:07:53.224] [main/WARN] [Radium Class Analysis/]: Radium Class Analysis Error: Class org.betterx.bclib.blocks.BaseBlock cannot be analysed, because getting declared methods crashes with RuntimeException: Attempted to load class net/minecraft/client/renderer/block/model/BlockModel for invalid dist DEDICATED_SERVER. This is usually caused by modded entities declaring methods that have a return type or parameter type that is annotated with @OnlyIn(Dist.CLIENT). Loading the type is not possible, because it only exists in the CLIENT environment. The recommended fix is to annotate the method with this argument or return type with the same annotation. Lithium handles this error by assuming the class cannot be included in some optimizations.
[19ago2025 19:07:53.225] [main/WARN] [Radium Class Analysis/]: Radium Class Analysis Error: Class org.betterx.betterend.blocks.BulbVineLanternColoredBlock cannot be analysed, because getting declared methods crashes with NoClassDefFoundError: net/minecraft/client/color/block/BlockColor. This is usually caused by modded entities declaring methods that have a return type or parameter type that is annotated with @OnlyIn(Dist.CLIENT). Loading the type is not possible, because it only exists in the CLIENT environment. The recommended fix is to annotate the method with this argument or return type with the same annotation. Lithium handles this error by assuming the class cannot be included in some optimizations.
[19ago2025 19:07:53.225] [main/WARN] [Radium Class Analysis/]: Radium Class Analysis Error: Class org.betterx.betterend.blocks.BulbVineLanternColoredBlock cannot be analysed, because getting declared methods crashes with NoClassDefFoundError: net/minecraft/client/color/block/BlockColor. This is usually caused by modded entities declaring methods that have a return type or parameter type that is annotated with @OnlyIn(Dist.CLIENT). Loading the type is not possible, because it only exists in the CLIENT environment. The recommended fix is to annotate the method with this argument or return type with the same annotation. Lithium handles this error by assuming the class cannot be included in some optimizations.
[19ago2025 19:07:53.242] [main/ERROR] [net.minecraftforge.fml.loading.RuntimeDistCleaner/DISTXFORM]: Attempted to load class net/minecraft/client/renderer/block/model/BlockModel for invalid dist DEDICATED_SERVER
[19ago2025 19:07:53.242] [main/WARN] [Radium Class Analysis/]: Radium Class Analysis Error: Class org.betterx.bclib.blocks.BaseBlock cannot be analysed, because getting declared methods crashes with RuntimeException: Attempted to load class net/minecraft/client/renderer/block/model/BlockModel for invalid dist DEDICATED_SERVER. This is usually caused by modded entities declaring methods that have a return type or parameter type that is annotated with @OnlyIn(Dist.CLIENT). Loading the type is not possible, because it only exists in the CLIENT environment. The recommended fix is to annotate the method with this argument or return type with the same annotation. Lithium handles this error by assuming the class cannot be included in some optimizations.
[19ago2025 19:07:53.242] [main/ERROR] [net.minecraftforge.fml.loading.RuntimeDistCleaner/DISTXFORM]: Attempted to load class net/minecraft/client/renderer/block/model/BlockModel for invalid dist DEDICATED_SERVER
[19ago2025 19:07:53.242] [main/WARN] [Radium Class Analysis/]: Radium Class Analysis Error: Class org.betterx.bclib.blocks.BaseBlock cannot be analysed, because getting declared methods crashes with RuntimeException: Attempted to load class net/minecraft/client/renderer/block/model/BlockModel for invalid dist DEDICATED_SERVER. This is usually caused by modded entities declaring methods that have a return type or parameter type that is annotated with @OnlyIn(Dist.CLIENT). Loading the type is not possible, because it only exists in the CLIENT environment. The recommended fix is to annotate the method with this argument or return type with the same annotation. Lithium handles this error by assuming the class cannot be included in some optimizations.
[19ago2025 19:07:53.243] [main/ERROR] [net.minecraftforge.fml.loading.RuntimeDistCleaner/DISTXFORM]: Attempted to load class net/minecraft/client/renderer/block/model/BlockModel for invalid dist DEDICATED_SERVER
[19ago2025 19:07:53.243] [main/WARN] [Radium Class Analysis/]: Radium Class Analysis Error: Class org.betterx.bclib.blocks.BaseBlock cannot be analysed, because getting declared methods crashes with RuntimeException: Attempted to load class net/minecraft/client/renderer/block/model/BlockModel for invalid dist DEDICATED_SERVER. This is usually caused by modded entities declaring methods that have a return type or parameter type that is annotated with @OnlyIn(Dist.CLIENT). Loading the type is not possible, because it only exists in the CLIENT environment. The recommended fix is to annotate the method with this argument or return type with the same annotation. Lithium handles this error by assuming the class cannot be included in some optimizations.
[19ago2025 19:07:53.245] [main/ERROR] [net.minecraftforge.fml.loading.RuntimeDistCleaner/DISTXFORM]: Attempted to load class net/minecraft/client/renderer/block/model/BlockModel for invalid dist DEDICATED_SERVER
[19ago2025 19:07:53.245] [main/WARN] [Radium Class Analysis/]: Radium Class Analysis Error: Class org.betterx.bclib.blocks.BaseBlock cannot be analysed, because getting declared methods crashes with RuntimeException: Attempted to load class net/minecraft/client/renderer/block/model/BlockModel for invalid dist DEDICATED_SERVER. This is usually caused by modded entities declaring methods that have a return type or parameter type that is annotated with @OnlyIn(Dist.CLIENT). Loading the type is not possible, because it only exists in the CLIENT environment. The recommended fix is to annotate the method with this argument or return type with the same annotation. Lithium handles this error by assuming the class cannot be included in some optimizations.
[19ago2025 19:07:53.245] [main/ERROR] [net.minecraftforge.fml.loading.RuntimeDistCleaner/DISTXFORM]: Attempted to load class net/minecraft/client/renderer/block/model/BlockModel for invalid dist DEDICATED_SERVER
[19ago2025 19:07:53.245] [main/WARN] [Radium Class Analysis/]: Radium Class Analysis Error: Class org.betterx.bclib.blocks.BaseBlock cannot be analysed, because getting declared methods crashes with RuntimeException: Attempted to load class net/minecraft/client/renderer/block/model/BlockModel for invalid dist DEDICATED_SERVER. This is usually caused by modded entities declaring methods that have a return type or parameter type that is annotated with @OnlyIn(Dist.CLIENT). Loading the type is not possible, because it only exists in the CLIENT environment. The recommended fix is to annotate the method with this argument or return type with the same annotation. Lithium handles this error by assuming the class cannot be included in some optimizations.
[19ago2025 19:07:53.245] [main/ERROR] [net.minecraftforge.fml.loading.RuntimeDistCleaner/DISTXFORM]: Attempted to load class net/minecraft/client/renderer/block/model/BlockModel for invalid dist DEDICATED_SERVER
[19ago2025 19:07:53.246] [main/WARN] [Radium Class Analysis/]: Radium Class Analysis Error: Class org.betterx.bclib.blocks.BaseBlock cannot be analysed, because getting declared methods crashes with RuntimeException: Attempted to load class net/minecraft/client/renderer/block/model/BlockModel for invalid dist DEDICATED_SERVER. This is usually caused by modded entities declaring methods that have a return type or parameter type that is annotated with @OnlyIn(Dist.CLIENT). Loading the type is not possible, because it only exists in the CLIENT environment. The recommended fix is to annotate the method with this argument or return type with the same annotation. Lithium handles this error by assuming the class cannot be included in some optimizations.
[19ago2025 19:07:53.246] [main/WARN] [Radium Class Analysis/]: Radium Class Analysis Error: Class org.betterx.betterend.blocks.AuroraCrystalBlock cannot be analysed, because getting declared methods crashes with NoClassDefFoundError: net/minecraft/client/color/block/BlockColor. This is usually caused by modded entities declaring methods that have a return type or parameter type that is annotated with @OnlyIn(Dist.CLIENT). Loading the type is not possible, because it only exists in the CLIENT environment. The recommended fix is to annotate the method with this argument or return type with the same annotation. Lithium handles this error by assuming the class cannot be included in some optimizations.
[19ago2025 19:07:53.246] [main/WARN] [Radium Class Analysis/]: Radium Class Analysis Error: Class org.betterx.betterend.blocks.AuroraCrystalBlock cannot be analysed, because getting declared methods crashes with NoClassDefFoundError: net/minecraft/client/color/block/BlockColor. This is usually caused by modded entities declaring methods that have a return type or parameter type that is annotated with @OnlyIn(Dist.CLIENT). Loading the type is not possible, because it only exists in the CLIENT environment. The recommended fix is to annotate the method with this argument or return type with the same annotation. Lithium handles this error by assuming the class cannot be included in some optimizations.
[19ago2025 19:07:53.247] [main/ERROR] [net.minecraftforge.fml.loading.RuntimeDistCleaner/DISTXFORM]: Attempted to load class net/minecraft/client/renderer/block/model/BlockModel for invalid dist DEDICATED_SERVER
[19ago2025 19:07:53.247] [main/WARN] [Radium Class Analysis/]: Radium Class Analysis Error: Class org.betterx.bclib.blocks.BaseBlock cannot be analysed, because getting declared methods crashes with RuntimeException: Attempted to load class net/minecraft/client/renderer/block/model/BlockModel for invalid dist DEDICATED_SERVER. This is usually caused by modded entities declaring methods that have a return type or parameter type that is annotated with @OnlyIn(Dist.CLIENT). Loading the type is not possible, because it only exists in the CLIENT environment. The recommended fix is to annotate the method with this argument or return type with the same annotation. Lithium handles this error by assuming the class cannot be included in some optimizations.
[19ago2025 19:07:53.247] [main/ERROR] [net.minecraftforge.fml.loading.RuntimeDistCleaner/DISTXFORM]: Attempted to load class net/minecraft/client/renderer/block/model/BlockModel for invalid dist DEDICATED_SERVER
[19ago2025 19:07:53.247] [main/WARN] [Radium Class Analysis/]: Radium Class Analysis Error: Class org.betterx.bclib.blocks.BaseBlock cannot be analysed, because getting declared methods crashes with RuntimeException: Attempted to load class net/minecraft/client/renderer/block/model/BlockModel for invalid dist DEDICATED_SERVER. This is usually caused by modded entities declaring methods that have a return type or parameter type that is annotated with @OnlyIn(Dist.CLIENT). Loading the type is not possible, because it only exists in the CLIENT environment. The recommended fix is to annotate the method with this argument or return type with the same annotation. Lithium handles this error by assuming the class cannot be included in some optimizations.
[19ago2025 19:07:53.247] [main/ERROR] [net.minecraftforge.fml.loading.RuntimeDistCleaner/DISTXFORM]: Attempted to load class net/minecraft/client/renderer/block/model/BlockModel for invalid dist DEDICATED_SERVER
[19ago2025 19:07:53.249] [main/WARN] [Radium Class Analysis/]: Radium Class Analysis Error: Class org.betterx.bclib.blocks.BaseBlock cannot be analysed, because getting declared methods crashes with RuntimeException: Attempted to load class net/minecraft/client/renderer/block/model/BlockModel for invalid dist DEDICATED_SERVER. This is usually caused by modded entities declaring methods that have a return type or parameter type that is annotated with @OnlyIn(Dist.CLIENT). Loading the type is not possible, because it only exists in the CLIENT environment. The recommended fix is to annotate the method with this argument or return type with the same annotation. Lithium handles this error by assuming the class cannot be included in some optimizations.
[19ago2025 19:07:53.249] [main/ERROR] [net.minecraftforge.fml.loading.RuntimeDistCleaner/DISTXFORM]: Attempted to load class net/minecraft/client/renderer/block/model/BlockModel for invalid dist DEDICATED_SERVER
[19ago2025 19:07:53.249] [main/WARN] [Radium Class Analysis/]: Radium Class Analysis Error: Class org.betterx.bclib.blocks.BaseBlock cannot be analysed, because getting declared methods crashes with RuntimeException: Attempted to load class net/minecraft/client/renderer/block/model/BlockModel for invalid dist DEDICATED_SERVER. This is usually caused by modded entities declaring methods that have a return type or parameter type that is annotated with @OnlyIn(Dist.CLIENT). Loading the type is not possible, because it only exists in the CLIENT environment. The recommended fix is to annotate the method with this argument or return type with the same annotation. Lithium handles this error by assuming the class cannot be included in some optimizations.
[19ago2025 19:07:53.250] [main/ERROR] [net.minecraftforge.fml.loading.RuntimeDistCleaner/DISTXFORM]: Attempted to load class net/minecraft/client/renderer/block/model/BlockModel for invalid dist DEDICATED_SERVER
[19ago2025 19:07:53.250] [main/WARN] [Radium Class Analysis/]: Radium Class Analysis Error: Class org.betterx.bclib.blocks.BaseBlock cannot be analysed, because getting declared methods crashes with RuntimeException: Attempted to load class net/minecraft/client/renderer/block/model/BlockModel for invalid dist DEDICATED_SERVER. This is usually caused by modded entities declaring methods that have a return type or parameter type that is annotated with @OnlyIn(Dist.CLIENT). Loading the type is not possible, because it only exists in the CLIENT environment. The recommended fix is to annotate the method with this argument or return type with the same annotation. Lithium handles this error by assuming the class cannot be included in some optimizations.
[19ago2025 19:07:53.251] [main/ERROR] [net.minecraftforge.fml.loading.RuntimeDistCleaner/DISTXFORM]: Attempted to load class net/minecraft/client/renderer/block/model/BlockModel for invalid dist DEDICATED_SERVER
[19ago2025 19:07:53.251] [main/WARN] [Radium Class Analysis/]: Radium Class Analysis Error: Class org.betterx.bclib.blocks.BaseBlock cannot be analysed, because getting declared methods crashes with RuntimeException: Attempted to load class net/minecraft/client/renderer/block/model/BlockModel for invalid dist DEDICATED_SERVER. This is usually caused by modded entities declaring methods that have a return type or parameter type that is annotated with @OnlyIn(Dist.CLIENT). Loading the type is not possible, because it only exists in the CLIENT environment. The recommended fix is to annotate the method with this argument or return type with the same annotation. Lithium handles this error by assuming the class cannot be included in some optimizations.
[19ago2025 19:07:53.253] [main/WARN] [Radium Class Analysis/]: Radium Class Analysis Error: Class org.betterx.betterend.blocks.RespawnObeliskBlock cannot be analysed, because getting declared methods crashes with NoClassDefFoundError: net/minecraft/client/color/block/BlockColor. This is usually caused by modded entities declaring methods that have a return type or parameter type that is annotated with @OnlyIn(Dist.CLIENT). Loading the type is not possible, because it only exists in the CLIENT environment. The recommended fix is to annotate the method with this argument or return type with the same annotation. Lithium handles this error by assuming the class cannot be included in some optimizations.
[19ago2025 19:07:53.253] [main/WARN] [Radium Class Analysis/]: Radium Class Analysis Error: Class org.betterx.betterend.blocks.RespawnObeliskBlock cannot be analysed, because getting declared methods crashes with NoClassDefFoundError: net/minecraft/client/color/block/BlockColor. This is usually caused by modded entities declaring methods that have a return type or parameter type that is annotated with @OnlyIn(Dist.CLIENT). Loading the type is not possible, because it only exists in the CLIENT environment. The recommended fix is to annotate the method with this argument or return type with the same annotation. Lithium handles this error by assuming the class cannot be included in some optimizations.
[19ago2025 19:07:53.256] [main/ERROR] [net.minecraftforge.fml.loading.RuntimeDistCleaner/DISTXFORM]: Attempted to load class net/minecraft/client/renderer/block/model/BlockModel for invalid dist DEDICATED_SERVER
[19ago2025 19:07:53.256] [main/WARN] [Radium Class Analysis/]: Radium Class Analysis Error: Class org.betterx.bclib.blocks.BaseBlock cannot be analysed, because getting declared methods crashes with RuntimeException: Attempted to load class net/minecraft/client/renderer/block/model/BlockModel for invalid dist DEDICATED_SERVER. This is usually caused by modded entities declaring methods that have a return type or parameter type that is annotated with @OnlyIn(Dist.CLIENT). Loading the type is not possible, because it only exists in the CLIENT environment. The recommended fix is to annotate the method with this argument or return type with the same annotation. Lithium handles this error by assuming the class cannot be included in some optimizations.
[19ago2025 19:07:53.256] [main/ERROR] [net.minecraftforge.fml.loading.RuntimeDistCleaner/DISTXFORM]: Attempted to load class net/minecraft/client/renderer/block/model/BlockModel for invalid dist DEDICATED_SERVER
[19ago2025 19:07:53.256] [main/WARN] [Radium Class Analysis/]: Radium Class Analysis Error: Class org.betterx.bclib.blocks.BaseBlock cannot be analysed, because getting declared methods crashes with RuntimeException: Attempted to load class net/minecraft/client/renderer/block/model/BlockModel for invalid dist DEDICATED_SERVER. This is usually caused by modded entities declaring methods that have a return type or parameter type that is annotated with @OnlyIn(Dist.CLIENT). Loading the type is not possible, because it only exists in the CLIENT environment. The recommended fix is to annotate the method with this argument or return type with the same annotation. Lithium handles this error by assuming the class cannot be included in some optimizations.
[19ago2025 19:07:53.259] [main/ERROR] [net.minecraftforge.fml.loading.RuntimeDistCleaner/DISTXFORM]: Attempted to load class net/minecraft/client/renderer/block/model/BlockModel for invalid dist DEDICATED_SERVER
[19ago2025 19:07:53.259] [main/WARN] [Radium Class Analysis/]: Radium Class Analysis Error: Class org.betterx.bclib.blocks.BaseBlock cannot be analysed, because getting declared methods crashes with RuntimeException: Attempted to load class net/minecraft/client/renderer/block/model/BlockModel for invalid dist DEDICATED_SERVER. This is usually caused by modded entities declaring methods that have a return type or parameter type that is annotated with @OnlyIn(Dist.CLIENT). Loading the type is not possible, because it only exists in the CLIENT environment. The recommended fix is to annotate the method with this argument or return type with the same annotation. Lithium handles this error by assuming the class cannot be included in some optimizations.
[19ago2025 19:07:53.259] [main/ERROR] [net.minecraftforge.fml.loading.RuntimeDistCleaner/DISTXFORM]: Attempted to load class net/minecraft/client/renderer/block/model/BlockModel for invalid dist DEDICATED_SERVER
[19ago2025 19:07:53.259] [main/WARN] [Radium Class Analysis/]: Radium Class Analysis Error: Class org.betterx.bclib.blocks.BaseBlock cannot be analysed, because getting declared methods crashes with RuntimeException: Attempted to load class net/minecraft/client/renderer/block/model/BlockModel for invalid dist DEDICATED_SERVER. This is usually caused by modded entities declaring methods that have a return type or parameter type that is annotated with @OnlyIn(Dist.CLIENT). Loading the type is not possible, because it only exists in the CLIENT environment. The recommended fix is to annotate the method with this argument or return type with the same annotation. Lithium handles this error by assuming the class cannot be included in some optimizations.
[19ago2025 19:07:53.260] [main/WARN] [Radium Class Analysis/]: Radium Class Analysis Error: Class org.betterx.betterend.blocks.EndPortalBlock cannot be analysed, because getting declared methods crashes with NoClassDefFoundError: net/minecraft/client/color/block/BlockColor. This is usually caused by modded entities declaring methods that have a return type or parameter type that is annotated with @OnlyIn(Dist.CLIENT). Loading the type is not possible, because it only exists in the CLIENT environment. The recommended fix is to annotate the method with this argument or return type with the same annotation. Lithium handles this error by assuming the class cannot be included in some optimizations.
[19ago2025 19:07:53.260] [main/WARN] [Radium Class Analysis/]: Radium Class Analysis Error: Class org.betterx.betterend.blocks.EndPortalBlock cannot be analysed, because getting declared methods crashes with NoClassDefFoundError: net/minecraft/client/color/block/BlockColor. This is usually caused by modded entities declaring methods that have a return type or parameter type that is annotated with @OnlyIn(Dist.CLIENT). Loading the type is not possible, because it only exists in the CLIENT environment. The recommended fix is to annotate the method with this argument or return type with the same annotation. Lithium handles this error by assuming the class cannot be included in some optimizations.
[19ago2025 19:07:53.355] [main/INFO] [org.betterx.worlds.together.util.Logger/]: [bclib] Added Config bclib.generator to auto sync (file hash)
[19ago2025 19:07:53.356] [main/INFO] [org.betterx.worlds.together.util.Logger/]: [bclib] Added Config bclib.main to auto sync (content diff)
[19ago2025 19:07:53.358] [main/INFO] [org.betterx.worlds.together.util.Logger/]: [bclib] Added Config bclib.biomes to auto sync (file hash)
[19ago2025 19:07:53.400] [main/INFO] [betterend-crashed-ships/]: Hello Fabric world!
[19ago2025 19:07:53.639] [modloading-worker-0/INFO] [bmcpalegardenpatcher/]: BMC Pale Garden Patcher initialized
[19ago2025 19:07:53.680] [modloading-worker-0/INFO] [snownee.snow.SnowRealMagic/]: SereneSeasons detected. Overriding weather behavior.
[19ago2025 19:07:53.685] [modloading-worker-0/INFO] [Puzzles Lib/]: Constructing common components for easyanvils:main
[19ago2025 19:07:53.689] [modloading-worker-0/INFO] [mixin/]: Mixing server.MixinPlayerList from mixins/common/nochatreports.mixins.json into net.minecraft.server.players.PlayerList
[19ago2025 19:07:53.707] [modloading-worker-0/INFO] [Puzzles Lib/]: Constructing common components for leavesbegone:main
[19ago2025 19:07:53.760] [modloading-worker-0/INFO] [dev.su5ed.sinytra.connectorextras.terrablenderbridge.TerraBlenderBridge/]: Injecting TerraBlender API classes
[19ago2025 19:07:53.767] [modloading-worker-0/INFO] [villagersplus/]: Registered JSON trade offer adapter.
[19ago2025 19:07:53.770] [modloading-worker-0/INFO] [io.wispforest.lmft.LMFTCommon/]: [LMFT]: Loaded Config File!
[19ago2025 19:07:53.798] [modloading-worker-0/INFO] [Puzzles Lib/]: Constructing common components for climaterivers:main
[19ago2025 19:07:53.844] [modloading-worker-0/INFO] [noisium/]: Loading Noisium.
[19ago2025 19:07:53.866] [modloading-worker-0/INFO] [Puzzles Lib/]: Constructing common components for netherchested:main
[19ago2025 19:07:53.946] [modloading-worker-0/INFO] [Puzzles Lib/]: Constructing common components for stylisheffects:main
[19ago2025 19:07:53.957] [modloading-worker-0/INFO] [Puzzles Lib/]: Constructing common components for puzzlesapi:iteminteractions
[19ago2025 19:07:53.990] [modloading-worker-0/INFO] [AutoModpack/]: Launching AutoModpack...
[19ago2025 19:07:53.998] [modloading-worker-0/INFO] [Puzzles Lib/]: Constructing common components for visualworkbench:main
[19ago2025 19:07:54.004] [modloading-worker-0/INFO] [AutoModpack/]: Generating modpack...
[19ago2025 19:07:54.022] [modloading-worker-0/INFO] [Puzzles Lib/]: Constructing common components for stoneworks:main
[19ago2025 19:07:54.024] [modloading-worker-0/INFO] [Puzzles Lib/]: Constructing common components for puzzlesapi:slotcycling
[19ago2025 19:07:54.027] [modloading-worker-0/INFO] [Puzzles Lib/]: Constructing common components for puzzlesapi:limitlesscontainers
[19ago2025 19:07:54.052] [modloading-worker-0/INFO] [Puzzles Lib/]: Constructing common components for puzzlesapi:statues
[19ago2025 19:07:54.074] [modloading-worker-0/INFO] [net.minecraftforge.common.ForgeMod/FORGEMOD]: Forge mod loading, version 47.4.0, for MC 1.20.1 with MCP 20230612.114412
[19ago2025 19:07:54.074] [modloading-worker-0/INFO] [net.minecraftforge.common.MinecraftForge/FORGE]: MinecraftForge v47.4.0 Initialized
[19ago2025 19:07:54.081] [modloading-worker-0/INFO] [STDOUT/]: [yalter.mousetweaks.Logger:Log:6]: [Mouse Tweaks] Disabled because not running on the client.
[19ago2025 19:07:54.082] [modloading-worker-0/INFO] [necronomicon/]: Necronomicon Initialized
[19ago2025 19:07:54.084] [modloading-worker-0/INFO] [necronomicon/]: File exists, reading config for elocindev.necronomicon.NecronomiconConfig.
[19ago2025 19:07:54.085] [modloading-worker-0/INFO] [necronomicon/]: Config for elocindev.necronomicon.NecronomiconConfig read successfully.
[19ago2025 19:07:54.093] [modloading-worker-0/INFO] [necronomicon/]: there is a brick about to fall through your roof at terminal velocity
[19ago2025 19:07:54.093] [modloading-worker-0/INFO] [necronomicon/]: there is a brick about to fall through your roof at terminal velocity
[19ago2025 19:07:54.097] [modloading-worker-0/INFO] [NoChatReports/]: KONNICHIWA ZA WARUDO!
[19ago2025 19:07:54.098] [modloading-worker-0/INFO] [NoChatReports/]: Default JVM text encoding is: UTF-8
[19ago2025 19:07:54.113] [modloading-worker-0/INFO] [NoChatReports/]: Reading config file NoChatReports/NCR-Common.json...
[19ago2025 19:07:54.117] [modloading-worker-0/INFO] [NoChatReports/]: Writing config file NoChatReports/NCR-Common.json...
[19ago2025 19:07:54.170] [modloading-worker-0/WARN] [Visuality/]: Visuality is installed on a dedicated server, skip loading...
[19ago2025 19:07:54.211] [modloading-worker-0/INFO] [Puzzles Lib/]: Constructing common components for puzzleslib:main
[19ago2025 19:07:54.269] [modloading-worker-0/WARN] [mixin/]: @Redirect conflict. Skipping recipeessentials.mixins.json:RecipeManagerMixin from mod recipeessentials->@Redirect::logErrorOnce(Lorg/slf4j/Logger;Ljava/lang/String;Ljava/lang/Object;Ljava/lang/Object;)V with priority 200, already redirected by modernfix-forge.mixins.json:perf.datapack_reload_exceptions.RecipeManagerMixin from mod modernfix->@Redirect::silenceException(Lorg/slf4j/Logger;Ljava/lang/String;Ljava/lang/Object;Ljava/lang/Object;)V with priority 2000
[19ago2025 19:07:54.269] [modloading-worker-0/INFO] [snownee.kiwi.Kiwi/INIT]: Processing 6 KiwiModule annotations
[19ago2025 19:07:54.338] [modloading-worker-0/INFO] [Puzzles Lib/]: Constructing common components for fastitemframes:main
[19ago2025 19:07:54.359] [modloading-worker-0/INFO] [Puzzles Lib/]: Constructing common components for illagerinvasion:main
[19ago2025 19:07:54.379] [modloading-worker-0/INFO] [Forgery/]: Loading of dimensional_tools.ini done in 5.964 ms with 0 warnings
[19ago2025 19:07:54.384] [modloading-worker-0/INFO] [Forgery/]: Loading of item_despawn.ini done in 2.762 ms with 0 warnings
[19ago2025 19:07:54.387] [modloading-worker-0/INFO] [Forgery/]: Loading of fscript.ini done in 1.603 ms with 0 warnings
[19ago2025 19:07:54.389] [modloading-worker-0/INFO] [Forgery/]: Loading of yeet_recipes.ini done in 608.1 μs with 0 warnings
[19ago2025 19:07:54.397] [modloading-worker-0/INFO] [Forgery/]: Loading of taggable_players.ini done in 5.300 ms with 0 warnings
[19ago2025 19:07:54.412] [modloading-worker-0/INFO] [Forgery/]: Loading of gear_components.ini done in 11.26 ms with 0 warnings
[19ago2025 19:07:54.445] [modloading-worker-0/INFO] [zeta/]: Doing super early config setup for zeta
[19ago2025 19:07:54.487] [modloading-worker-0/INFO] [de.keksuccino.konkrete.Konkrete/]: [KONKRETE] Successfully initialized!
[19ago2025 19:07:54.487] [modloading-worker-0/INFO] [de.keksuccino.konkrete.Konkrete/]: [KONKRETE] Server-side libs ready to use!
[19ago2025 19:07:54.526] [modloading-worker-0/INFO] [Puzzles Lib/]: Constructing common components for diagonalwalls:main
[19ago2025 19:07:54.529] [modloading-worker-0/INFO] [Puzzles Lib/]: Constructing common components for diagonalblocks:main
[19ago2025 19:07:54.587] [modloading-worker-0/WARN] [mixin/]: Method overwrite conflict for m_140184_ in lithium.mixins.json:world.player_chunk_tick.ThreadedAnvilChunkStorageMixin from mod radium, previously written by me.steinborn.krypton.mixin.shared.network.flushconsolidation.ThreadedAnvilChunkStorageMixin. Skipping method.
[19ago2025 19:07:54.738] [modloading-worker-0/WARN] [mixin/]: @Redirect conflict. Skipping mixins.redirected_forge_1.20.1.json:net.minecraft.world.level.block.state.CacheMixin from mod redirected->@Redirect::redirectSupportTypes()[Lnet/minecraft/world/level/block/SupportType; with priority 10, already redirected by modernfix-common.mixins.json:perf.cache_blockstate_cache_arrays.AbstractBlockStateCacheMixin from mod modernfix->@Redirect::getVoxelShapeValues()[Lnet/minecraft/world/level/block/SupportType; with priority 1000
[19ago2025 19:07:54.761] [modloading-worker-0/INFO] [dev.architectury.networking.forge.NetworkManagerImpl/]: Registering C2S receiver with id ftblibrary:edit_nbt_response
[19ago2025 19:07:54.768] [modloading-worker-0/INFO] [com.cupboard.Cupboard/]: Loaded config for: cupboard.json
[19ago2025 19:07:54.793] [modloading-worker-0/INFO] [dev.architectury.networking.forge.NetworkManagerImpl/]: Registering C2S receiver with id ftbteams:open_gui
[19ago2025 19:07:54.795] [modloading-worker-0/INFO] [dev.architectury.networking.forge.NetworkManagerImpl/]: Registering C2S receiver with id ftbteams:update_settings
[19ago2025 19:07:54.799] [modloading-worker-0/INFO] [Puzzles Lib/]: Constructing common components for tradingpost:main
[19ago2025 19:07:54.799] [modloading-worker-0/INFO] [dev.architectury.networking.forge.NetworkManagerImpl/]: Registering C2S receiver with id ftbteams:send_message
[19ago2025 19:07:54.805] [modloading-worker-0/INFO] [dev.architectury.networking.forge.NetworkManagerImpl/]: Registering C2S receiver with id ftbteams:create_party
[19ago2025 19:07:54.810] [modloading-worker-0/INFO] [dev.architectury.networking.forge.NetworkManagerImpl/]: Registering C2S receiver with id ftbteams:player_gui_operation
[19ago2025 19:07:54.828] [modloading-worker-0/INFO] [Puzzles Lib/]: Constructing common components for easymagic:main
[19ago2025 19:07:54.857] [modloading-worker-0/INFO] [KubeJS/]: Loaded common.properties
[19ago2025 19:07:54.859] [modloading-worker-0/INFO] [ping-wheel/]: [Ping-Wheel] Init
[19ago2025 19:07:54.859] [modloading-worker-0/INFO] [KubeJS/]: Loaded dev.properties
[19ago2025 19:07:54.875] [modloading-worker-0/INFO] [KubeJS/]: Looking for KubeJS plugins...
[19ago2025 19:07:54.877] [modloading-worker-0/INFO] [ping-wheel/]: [Ping-Wheel] Loaded ServerConfig(defaultChannelMode=auto, playerTrackingEnabled=true, msToRegenerate=1000, rateLimit=5)
[19ago2025 19:07:54.884] [modloading-worker-0/INFO] [KubeJS/]: Found plugin source kubejs
[19ago2025 19:07:54.891] [modloading-worker-0/WARN] [KubeJS/]: Plugin dev.latvian.mods.kubejs.forge.BuiltinKubeJSForgeClientPlugin does not load on server side, skipping
[19ago2025 19:07:54.891] [modloading-worker-0/WARN] [KubeJS/]: Plugin dev.latvian.mods.kubejs.integration.forge.gamestages.GameStagesIntegration does not have required mod gamestages loaded, skipping
[19ago2025 19:07:54.892] [modloading-worker-0/INFO] [KubeJS/]: Found plugin source sawmill
[19ago2025 19:07:54.892] [modloading-worker-0/INFO] [STDOUT/]: [com.temporal.api.core.engine.TemporalEngine$Configurator:build:64]:    _________ _________ ___     ___ _________
   ---- ---- |   ----| |  \   / | |  ___  |
      | |    |  |      | | \ /| | |  | |  |
      | |    |   --|   | |    | | |  ---  |
      | |    |   --|   | |    | | |  -----|
      | |    |  |      | |    | | | |
      | |    |  -----| | |    | | | |
      |-|    --------| |-|    |-| |-|

[19ago2025 19:07:54.930] [modloading-worker-0/INFO] [KubeJS/]: Done in 55.01 ms
[19ago2025 19:07:54.956] [modloading-worker-0/INFO] [com.temporal.api.ApiMod/]: Scanned: strategy - InjectedStrategy, class - ExtraCompatBlocks
[19ago2025 19:07:54.956] [modloading-worker-0/INFO] [com.temporal.api.ApiMod/]: Scanned: strategy - RegistryClassStrategy, class - ExtraCompatBlocks
[19ago2025 19:07:54.956] [modloading-worker-0/INFO] [com.temporal.api.ApiMod/]: Scanned: strategy - InjectedStrategy, class - ExtraCompatItems
[19ago2025 19:07:54.956] [modloading-worker-0/INFO] [com.temporal.api.ApiMod/]: Scanned: strategy - RegistryClassStrategy, class - ExtraCompatItems
[19ago2025 19:07:54.957] [modloading-worker-0/INFO] [com.temporal.api.ApiMod/]: Scanned: strategy - InjectedStrategy, class - CompatCore
[19ago2025 19:07:54.957] [modloading-worker-0/INFO] [com.temporal.api.ApiMod/]: Scanned: strategy - RegistryClassStrategy, class - CompatCore
[19ago2025 19:07:54.962] [modloading-worker-0/INFO] [com.temporal.api.ApiMod/]: Scanned: strategy - InjectionStrategy, class - ExtraCompatBlocks
[19ago2025 19:07:54.962] [modloading-worker-0/INFO] [com.temporal.api.ApiMod/]: Scanned: strategy - DependencyStrategy, class - ExtraCompatBlocks
[19ago2025 19:07:54.962] [modloading-worker-0/INFO] [com.temporal.api.ApiMod/]: Scanned: strategy - RegistryFieldStrategy, class - ExtraCompatBlocks
[19ago2025 19:07:54.963] [modloading-worker-0/INFO] [com.temporal.api.ApiMod/]: Scanned: strategy - InjectionStrategy, class - ExtraCompatItems
[19ago2025 19:07:54.963] [modloading-worker-0/INFO] [com.temporal.api.ApiMod/]: Scanned: strategy - DependencyStrategy, class - ExtraCompatItems
[19ago2025 19:07:54.963] [modloading-worker-0/INFO] [com.temporal.api.ApiMod/]: Scanned: strategy - RegistryFieldStrategy, class - ExtraCompatItems
[19ago2025 19:07:54.964] [modloading-worker-0/INFO] [com.temporal.api.ApiMod/]: Scanned: strategy - InjectionStrategy, class - CompatCore
[19ago2025 19:07:54.964] [modloading-worker-0/INFO] [com.temporal.api.ApiMod/]: Scanned: strategy - InjectionStrategy, class - CompatCore
[19ago2025 19:07:54.964] [modloading-worker-0/INFO] [com.temporal.api.ApiMod/]: Scanned: strategy - InjectionStrategy, class - CompatCore
[19ago2025 19:07:54.964] [modloading-worker-0/INFO] [com.temporal.api.ApiMod/]: Scanned: strategy - InjectionStrategy, class - CompatCore
[19ago2025 19:07:54.964] [modloading-worker-0/INFO] [com.temporal.api.ApiMod/]: Scanned: strategy - InjectionStrategy, class - CompatCore
[19ago2025 19:07:54.964] [modloading-worker-0/INFO] [com.temporal.api.ApiMod/]: Scanned: strategy - InjectionStrategy, class - CompatCore
[19ago2025 19:07:54.964] [modloading-worker-0/INFO] [com.temporal.api.ApiMod/]: Scanned: strategy - InjectionStrategy, class - CompatCore
[19ago2025 19:07:54.964] [modloading-worker-0/INFO] [com.temporal.api.ApiMod/]: Scanned: strategy - InjectionStrategy, class - CompatCore
[19ago2025 19:07:54.964] [modloading-worker-0/INFO] [com.temporal.api.ApiMod/]: Scanned: strategy - InjectionStrategy, class - CompatCore
[19ago2025 19:07:54.964] [modloading-worker-0/INFO] [com.temporal.api.ApiMod/]: Scanned: strategy - InjectionStrategy, class - CompatCore
[19ago2025 19:07:54.964] [modloading-worker-0/INFO] [com.temporal.api.ApiMod/]: Scanned: strategy - InjectionStrategy, class - CompatCore
[19ago2025 19:07:54.964] [modloading-worker-0/INFO] [com.temporal.api.ApiMod/]: Scanned: strategy - InjectionStrategy, class - CompatCore
[19ago2025 19:07:54.964] [modloading-worker-0/INFO] [com.temporal.api.ApiMod/]: Scanned: strategy - InjectionStrategy, class - CompatCore
[19ago2025 19:07:54.966] [modloading-worker-0/INFO] [com.temporal.api.ApiMod/]: Scanned: strategy - InjectionStrategy, class - CompatCore
[19ago2025 19:07:54.966] [modloading-worker-0/INFO] [com.temporal.api.ApiMod/]: Scanned: strategy - InjectionStrategy, class - CompatCore
[19ago2025 19:07:54.966] [modloading-worker-0/INFO] [com.temporal.api.ApiMod/]: Scanned: strategy - InjectionStrategy, class - CompatCore
[19ago2025 19:07:54.966] [modloading-worker-0/INFO] [com.temporal.api.ApiMod/]: Scanned: strategy - InjectionStrategy, class - CompatCore
[19ago2025 19:07:54.966] [modloading-worker-0/INFO] [com.temporal.api.ApiMod/]: Scanned: strategy - InjectionStrategy, class - CompatCore
[19ago2025 19:07:54.966] [modloading-worker-0/INFO] [com.temporal.api.ApiMod/]: Scanned: strategy - DependencyStrategy, class - CompatCore
[19ago2025 19:07:54.966] [modloading-worker-0/INFO] [com.temporal.api.ApiMod/]: Scanned: strategy - DependencyStrategy, class - CompatCore
[19ago2025 19:07:54.966] [modloading-worker-0/INFO] [com.temporal.api.ApiMod/]: Scanned: strategy - DependencyStrategy, class - CompatCore
[19ago2025 19:07:54.966] [modloading-worker-0/INFO] [com.temporal.api.ApiMod/]: Scanned: strategy - DependencyStrategy, class - CompatCore
[19ago2025 19:07:54.966] [modloading-worker-0/INFO] [com.temporal.api.ApiMod/]: Scanned: strategy - DependencyStrategy, class - CompatCore
[19ago2025 19:07:54.966] [modloading-worker-0/INFO] [com.temporal.api.ApiMod/]: Scanned: strategy - DependencyStrategy, class - CompatCore
[19ago2025 19:07:54.966] [modloading-worker-0/INFO] [com.temporal.api.ApiMod/]: Scanned: strategy - DependencyStrategy, class - CompatCore
[19ago2025 19:07:54.966] [modloading-worker-0/INFO] [com.temporal.api.ApiMod/]: Scanned: strategy - DependencyStrategy, class - CompatCore
[19ago2025 19:07:54.966] [modloading-worker-0/INFO] [com.temporal.api.ApiMod/]: Scanned: strategy - DependencyStrategy, class - CompatCore
[19ago2025 19:07:54.967] [modloading-worker-0/INFO] [com.temporal.api.ApiMod/]: Scanned: strategy - DependencyStrategy, class - CompatCore
[19ago2025 19:07:54.967] [modloading-worker-0/INFO] [com.temporal.api.ApiMod/]: Scanned: strategy - DependencyStrategy, class - CompatCore
[19ago2025 19:07:54.967] [modloading-worker-0/INFO] [com.temporal.api.ApiMod/]: Scanned: strategy - DependencyStrategy, class - CompatCore
[19ago2025 19:07:54.967] [modloading-worker-0/INFO] [com.temporal.api.ApiMod/]: Scanned: strategy - DependencyStrategy, class - CompatCore
[19ago2025 19:07:54.967] [modloading-worker-0/INFO] [com.temporal.api.ApiMod/]: Scanned: strategy - DependencyStrategy, class - CompatCore
[19ago2025 19:07:54.967] [modloading-worker-0/INFO] [com.temporal.api.ApiMod/]: Scanned: strategy - DependencyStrategy, class - CompatCore
[19ago2025 19:07:54.967] [modloading-worker-0/INFO] [com.temporal.api.ApiMod/]: Scanned: strategy - DependencyStrategy, class - CompatCore
[19ago2025 19:07:54.967] [modloading-worker-0/INFO] [com.temporal.api.ApiMod/]: Scanned: strategy - DependencyStrategy, class - CompatCore
[19ago2025 19:07:54.967] [modloading-worker-0/INFO] [com.temporal.api.ApiMod/]: Scanned: strategy - DependencyStrategy, class - CompatCore
[19ago2025 19:07:54.967] [modloading-worker-0/INFO] [com.temporal.api.ApiMod/]: Scanned: strategy - RegistryFieldStrategy, class - CompatCore
[19ago2025 19:07:54.967] [modloading-worker-0/INFO] [com.temporal.api.ApiMod/]: Scanned: strategy - RegistryFieldStrategy, class - CompatCore
[19ago2025 19:07:54.967] [modloading-worker-0/INFO] [com.temporal.api.ApiMod/]: Scanned: strategy - RegistryFieldStrategy, class - CompatCore
[19ago2025 19:07:54.967] [modloading-worker-0/INFO] [com.temporal.api.ApiMod/]: Scanned: strategy - RegistryFieldStrategy, class - CompatCore
[19ago2025 19:07:54.967] [modloading-worker-0/INFO] [com.temporal.api.ApiMod/]: Scanned: strategy - RegistryFieldStrategy, class - CompatCore
[19ago2025 19:07:54.968] [modloading-worker-0/INFO] [com.temporal.api.ApiMod/]: Scanned: strategy - RegistryFieldStrategy, class - CompatCore
[19ago2025 19:07:54.968] [modloading-worker-0/INFO] [com.temporal.api.ApiMod/]: Scanned: strategy - RegistryFieldStrategy, class - CompatCore
[19ago2025 19:07:54.968] [modloading-worker-0/INFO] [com.temporal.api.ApiMod/]: Scanned: strategy - RegistryFieldStrategy, class - CompatCore
[19ago2025 19:07:54.968] [modloading-worker-0/INFO] [com.temporal.api.ApiMod/]: Scanned: strategy - RegistryFieldStrategy, class - CompatCore
[19ago2025 19:07:54.968] [modloading-worker-0/INFO] [com.temporal.api.ApiMod/]: Scanned: strategy - RegistryFieldStrategy, class - CompatCore
[19ago2025 19:07:54.968] [modloading-worker-0/INFO] [com.temporal.api.ApiMod/]: Scanned: strategy - RegistryFieldStrategy, class - CompatCore
[19ago2025 19:07:54.968] [modloading-worker-0/INFO] [com.temporal.api.ApiMod/]: Scanned: strategy - RegistryFieldStrategy, class - CompatCore
[19ago2025 19:07:54.968] [modloading-worker-0/INFO] [com.temporal.api.ApiMod/]: Scanned: strategy - RegistryFieldStrategy, class - CompatCore
[19ago2025 19:07:54.968] [modloading-worker-0/INFO] [com.temporal.api.ApiMod/]: Scanned: strategy - RegistryFieldStrategy, class - CompatCore
[19ago2025 19:07:54.968] [modloading-worker-0/INFO] [com.temporal.api.ApiMod/]: Scanned: strategy - RegistryFieldStrategy, class - CompatCore
[19ago2025 19:07:54.968] [modloading-worker-0/INFO] [com.temporal.api.ApiMod/]: Scanned: strategy - RegistryFieldStrategy, class - CompatCore
[19ago2025 19:07:54.968] [modloading-worker-0/INFO] [com.temporal.api.ApiMod/]: Scanned: strategy - RegistryFieldStrategy, class - CompatCore
[19ago2025 19:07:54.968] [modloading-worker-0/INFO] [com.temporal.api.ApiMod/]: Scanned: strategy - RegistryFieldStrategy, class - CompatCore
[19ago2025 19:07:54.972] [modloading-worker-0/INFO] [com.temporal.api.ApiMod/]: Scanned: strategy - ExecutionStrategy, class - CompatCore
[19ago2025 19:07:54.972] [modloading-worker-0/INFO] [com.temporal.api.ApiMod/]: Scanned: strategy - ExecutionStrategy, class - CompatCore
[19ago2025 19:07:54.972] [modloading-worker-0/INFO] [com.temporal.api.ApiMod/]: Scanned: strategy - ExecutionStrategy, class - CompatCore
[19ago2025 19:07:54.972] [modloading-worker-0/INFO] [com.temporal.api.ApiMod/]: Scanned: strategy - ExecutionStrategy, class - CompatCore
[19ago2025 19:07:54.976] [modloading-worker-0/INFO] [com.temporal.api.ApiMod/]: Scanned: strategy - BlockModelStrategy, class - ExtraCompatBlocks
[19ago2025 19:07:54.977] [modloading-worker-0/INFO] [com.temporal.api.ApiMod/]: Scanned: strategy - ItemModelStrategy, class - ExtraCompatBlocks
[19ago2025 19:07:54.977] [modloading-worker-0/INFO] [com.temporal.api.ApiMod/]: Scanned: strategy - BlockLootTableStrategy, class - ExtraCompatBlocks
[19ago2025 19:07:54.977] [modloading-worker-0/INFO] [com.temporal.api.ApiMod/]: Scanned: strategy - RecipeStrategy, class - ExtraCompatBlocks
[19ago2025 19:07:54.977] [modloading-worker-0/INFO] [com.temporal.api.ApiMod/]: Scanned: strategy - BlockModelStrategy, class - ExtraCompatItems
[19ago2025 19:07:54.977] [modloading-worker-0/INFO] [com.temporal.api.ApiMod/]: Scanned: strategy - ItemModelStrategy, class - ExtraCompatItems
[19ago2025 19:07:54.977] [modloading-worker-0/INFO] [com.temporal.api.ApiMod/]: Scanned: strategy - BlockLootTableStrategy, class - ExtraCompatItems
[19ago2025 19:07:54.978] [modloading-worker-0/INFO] [com.temporal.api.ApiMod/]: Scanned: strategy - RecipeStrategy, class - ExtraCompatItems
[19ago2025 19:07:54.978] [modloading-worker-0/INFO] [com.temporal.api.ApiMod/]: Scanned: strategy - BlockModelStrategy, class - CompatCore
[19ago2025 19:07:54.978] [modloading-worker-0/INFO] [com.temporal.api.ApiMod/]: Scanned: strategy - BlockModelStrategy, class - CompatCore
[19ago2025 19:07:54.978] [modloading-worker-0/INFO] [com.temporal.api.ApiMod/]: Scanned: strategy - BlockModelStrategy, class - CompatCore
[19ago2025 19:07:54.978] [modloading-worker-0/INFO] [com.temporal.api.ApiMod/]: Scanned: strategy - BlockModelStrategy, class - CompatCore
[19ago2025 19:07:54.978] [modloading-worker-0/INFO] [com.temporal.api.ApiMod/]: Scanned: strategy - BlockModelStrategy, class - CompatCore
[19ago2025 19:07:54.978] [modloading-worker-0/INFO] [com.temporal.api.ApiMod/]: Scanned: strategy - BlockModelStrategy, class - CompatCore
[19ago2025 19:07:54.978] [modloading-worker-0/INFO] [com.temporal.api.ApiMod/]: Scanned: strategy - BlockModelStrategy, class - CompatCore
[19ago2025 19:07:54.978] [modloading-worker-0/INFO] [com.temporal.api.ApiMod/]: Scanned: strategy - BlockModelStrategy, class - CompatCore
[19ago2025 19:07:54.978] [modloading-worker-0/INFO] [com.temporal.api.ApiMod/]: Scanned: strategy - BlockModelStrategy, class - CompatCore
[19ago2025 19:07:54.978] [modloading-worker-0/INFO] [com.temporal.api.ApiMod/]: Scanned: strategy - BlockModelStrategy, class - CompatCore
[19ago2025 19:07:54.978] [modloading-worker-0/INFO] [com.temporal.api.ApiMod/]: Scanned: strategy - BlockModelStrategy, class - CompatCore
[19ago2025 19:07:54.978] [modloading-worker-0/INFO] [com.temporal.api.ApiMod/]: Scanned: strategy - BlockModelStrategy, class - CompatCore
[19ago2025 19:07:54.979] [modloading-worker-0/INFO] [com.temporal.api.ApiMod/]: Scanned: strategy - BlockModelStrategy, class - CompatCore
[19ago2025 19:07:54.979] [modloading-worker-0/INFO] [com.temporal.api.ApiMod/]: Scanned: strategy - BlockModelStrategy, class - CompatCore
[19ago2025 19:07:54.979] [modloading-worker-0/INFO] [com.temporal.api.ApiMod/]: Scanned: strategy - BlockModelStrategy, class - CompatCore
[19ago2025 19:07:54.979] [modloading-worker-0/INFO] [com.temporal.api.ApiMod/]: Scanned: strategy - BlockModelStrategy, class - CompatCore
[19ago2025 19:07:54.979] [modloading-worker-0/INFO] [com.temporal.api.ApiMod/]: Scanned: strategy - BlockModelStrategy, class - CompatCore
[19ago2025 19:07:54.979] [modloading-worker-0/INFO] [Puzzles Lib/]: Constructing common components for skeletonaifix:main
[19ago2025 19:07:54.979] [modloading-worker-0/INFO] [com.temporal.api.ApiMod/]: Scanned: strategy - BlockModelStrategy, class - CompatCore
[19ago2025 19:07:54.979] [modloading-worker-0/INFO] [com.temporal.api.ApiMod/]: Scanned: strategy - ItemModelStrategy, class - CompatCore
[19ago2025 19:07:54.979] [modloading-worker-0/INFO] [com.temporal.api.ApiMod/]: Scanned: strategy - ItemModelStrategy, class - CompatCore
[19ago2025 19:07:54.979] [modloading-worker-0/INFO] [com.temporal.api.ApiMod/]: Scanned: strategy - ItemModelStrategy, class - CompatCore
[19ago2025 19:07:54.979] [modloading-worker-0/INFO] [com.temporal.api.ApiMod/]: Scanned: strategy - ItemModelStrategy, class - CompatCore
[19ago2025 19:07:54.979] [modloading-worker-0/INFO] [com.temporal.api.ApiMod/]: Scanned: strategy - ItemModelStrategy, class - CompatCore
[19ago2025 19:07:54.979] [modloading-worker-0/INFO] [com.temporal.api.ApiMod/]: Scanned: strategy - ItemModelStrategy, class - CompatCore
[19ago2025 19:07:54.980] [modloading-worker-0/INFO] [com.temporal.api.ApiMod/]: Scanned: strategy - ItemModelStrategy, class - CompatCore
[19ago2025 19:07:54.980] [modloading-worker-0/INFO] [com.temporal.api.ApiMod/]: Scanned: strategy - ItemModelStrategy, class - CompatCore
[19ago2025 19:07:54.980] [modloading-worker-0/INFO] [com.temporal.api.ApiMod/]: Scanned: strategy - ItemModelStrategy, class - CompatCore
[19ago2025 19:07:54.980] [modloading-worker-0/INFO] [com.temporal.api.ApiMod/]: Scanned: strategy - ItemModelStrategy, class - CompatCore
[19ago2025 19:07:54.980] [modloading-worker-0/INFO] [com.temporal.api.ApiMod/]: Scanned: strategy - ItemModelStrategy, class - CompatCore
[19ago2025 19:07:54.980] [modloading-worker-0/INFO] [com.temporal.api.ApiMod/]: Scanned: strategy - ItemModelStrategy, class - CompatCore
[19ago2025 19:07:54.980] [modloading-worker-0/INFO] [com.temporal.api.ApiMod/]: Scanned: strategy - ItemModelStrategy, class - CompatCore
[19ago2025 19:07:54.980] [modloading-worker-0/INFO] [com.temporal.api.ApiMod/]: Scanned: strategy - ItemModelStrategy, class - CompatCore
[19ago2025 19:07:54.980] [modloading-worker-0/INFO] [com.temporal.api.ApiMod/]: Scanned: strategy - ItemModelStrategy, class - CompatCore
[19ago2025 19:07:54.980] [modloading-worker-0/INFO] [com.temporal.api.ApiMod/]: Scanned: strategy - ItemModelStrategy, class - CompatCore
[19ago2025 19:07:54.980] [modloading-worker-0/INFO] [com.temporal.api.ApiMod/]: Scanned: strategy - ItemModelStrategy, class - CompatCore
[19ago2025 19:07:54.980] [modloading-worker-0/INFO] [com.temporal.api.ApiMod/]: Scanned: strategy - ItemModelStrategy, class - CompatCore
[19ago2025 19:07:54.980] [modloading-worker-0/INFO] [com.temporal.api.ApiMod/]: Scanned: strategy - BlockLootTableStrategy, class - CompatCore
[19ago2025 19:07:54.980] [modloading-worker-0/INFO] [com.temporal.api.ApiMod/]: Scanned: strategy - BlockLootTableStrategy, class - CompatCore
[19ago2025 19:07:54.980] [modloading-worker-0/INFO] [com.temporal.api.ApiMod/]: Scanned: strategy - BlockLootTableStrategy, class - CompatCore
[19ago2025 19:07:54.980] [modloading-worker-0/INFO] [com.temporal.api.ApiMod/]: Scanned: strategy - BlockLootTableStrategy, class - CompatCore
[19ago2025 19:07:54.980] [modloading-worker-0/INFO] [com.temporal.api.ApiMod/]: Scanned: strategy - BlockLootTableStrategy, class - CompatCore
[19ago2025 19:07:54.980] [modloading-worker-0/INFO] [com.temporal.api.ApiMod/]: Scanned: strategy - BlockLootTableStrategy, class - CompatCore
[19ago2025 19:07:54.982] [modloading-worker-0/INFO] [com.temporal.api.ApiMod/]: Scanned: strategy - BlockLootTableStrategy, class - CompatCore
[19ago2025 19:07:54.982] [modloading-worker-0/INFO] [com.temporal.api.ApiMod/]: Scanned: strategy - BlockLootTableStrategy, class - CompatCore
[19ago2025 19:07:54.982] [modloading-worker-0/INFO] [com.temporal.api.ApiMod/]: Scanned: strategy - BlockLootTableStrategy, class - CompatCore
[19ago2025 19:07:54.982] [modloading-worker-0/INFO] [com.temporal.api.ApiMod/]: Scanned: strategy - BlockLootTableStrategy, class - CompatCore
[19ago2025 19:07:54.982] [modloading-worker-0/INFO] [com.temporal.api.ApiMod/]: Scanned: strategy - BlockLootTableStrategy, class - CompatCore
[19ago2025 19:07:54.982] [modloading-worker-0/INFO] [com.temporal.api.ApiMod/]: Scanned: strategy - BlockLootTableStrategy, class - CompatCore
[19ago2025 19:07:54.982] [modloading-worker-0/INFO] [com.temporal.api.ApiMod/]: Scanned: strategy - BlockLootTableStrategy, class - CompatCore
[19ago2025 19:07:54.982] [modloading-worker-0/INFO] [com.temporal.api.ApiMod/]: Scanned: strategy - BlockLootTableStrategy, class - CompatCore
[19ago2025 19:07:54.982] [modloading-worker-0/INFO] [com.temporal.api.ApiMod/]: Scanned: strategy - BlockLootTableStrategy, class - CompatCore
[19ago2025 19:07:54.982] [modloading-worker-0/INFO] [com.temporal.api.ApiMod/]: Scanned: strategy - BlockLootTableStrategy, class - CompatCore
[19ago2025 19:07:54.982] [modloading-worker-0/INFO] [com.temporal.api.ApiMod/]: Scanned: strategy - BlockLootTableStrategy, class - CompatCore
[19ago2025 19:07:54.982] [modloading-worker-0/INFO] [com.temporal.api.ApiMod/]: Scanned: strategy - BlockLootTableStrategy, class - CompatCore
[19ago2025 19:07:54.982] [modloading-worker-0/INFO] [com.temporal.api.ApiMod/]: Scanned: strategy - RecipeStrategy, class - CompatCore
[19ago2025 19:07:54.982] [modloading-worker-0/INFO] [com.temporal.api.ApiMod/]: Scanned: strategy - RecipeStrategy, class - CompatCore
[19ago2025 19:07:54.982] [modloading-worker-0/INFO] [com.temporal.api.ApiMod/]: Scanned: strategy - RecipeStrategy, class - CompatCore
[19ago2025 19:07:54.983] [modloading-worker-0/INFO] [com.temporal.api.ApiMod/]: Scanned: strategy - RecipeStrategy, class - CompatCore
[19ago2025 19:07:54.983] [modloading-worker-0/INFO] [com.temporal.api.ApiMod/]: Scanned: strategy - RecipeStrategy, class - CompatCore
[19ago2025 19:07:54.983] [modloading-worker-0/INFO] [com.temporal.api.ApiMod/]: Scanned: strategy - RecipeStrategy, class - CompatCore
[19ago2025 19:07:54.983] [modloading-worker-0/INFO] [com.temporal.api.ApiMod/]: Scanned: strategy - RecipeStrategy, class - CompatCore
[19ago2025 19:07:54.983] [modloading-worker-0/INFO] [com.temporal.api.ApiMod/]: Scanned: strategy - RecipeStrategy, class - CompatCore
[19ago2025 19:07:54.983] [modloading-worker-0/INFO] [com.temporal.api.ApiMod/]: Scanned: strategy - RecipeStrategy, class - CompatCore
[19ago2025 19:07:54.983] [modloading-worker-0/INFO] [com.temporal.api.ApiMod/]: Scanned: strategy - RecipeStrategy, class - CompatCore
[19ago2025 19:07:54.983] [modloading-worker-0/INFO] [com.temporal.api.ApiMod/]: Scanned: strategy - RecipeStrategy, class - CompatCore
[19ago2025 19:07:54.983] [modloading-worker-0/INFO] [com.temporal.api.ApiMod/]: Scanned: strategy - RecipeStrategy, class - CompatCore
[19ago2025 19:07:54.983] [modloading-worker-0/INFO] [com.temporal.api.ApiMod/]: Scanned: strategy - RecipeStrategy, class - CompatCore
[19ago2025 19:07:54.983] [modloading-worker-0/INFO] [com.temporal.api.ApiMod/]: Scanned: strategy - RecipeStrategy, class - CompatCore
[19ago2025 19:07:54.983] [modloading-worker-0/INFO] [com.temporal.api.ApiMod/]: Scanned: strategy - RecipeStrategy, class - CompatCore
[19ago2025 19:07:54.984] [modloading-worker-0/INFO] [com.temporal.api.ApiMod/]: Scanned: strategy - RecipeStrategy, class - CompatCore
[19ago2025 19:07:54.984] [modloading-worker-0/INFO] [com.temporal.api.ApiMod/]: Scanned: strategy - RecipeStrategy, class - CompatCore
[19ago2025 19:07:54.984] [modloading-worker-0/INFO] [com.temporal.api.ApiMod/]: Scanned: strategy - RecipeStrategy, class - CompatCore
[19ago2025 19:07:54.984] [modloading-worker-0/INFO] [com.temporal.api.ApiMod/]: IOLayer has been loaded!
[19ago2025 19:07:54.987] [modloading-worker-0/INFO] [com.temporal.api.ApiMod/]: Mod: ForgeMod{name=ExtraCompat, clazz=class net.cyber_rat.extra_compat.ExtraCompat, modId=extra_compat} has been registered as a TemporalEngine component!
[19ago2025 19:07:55.055] [modloading-worker-0/INFO] [coroutil/]: forge loader environment detected
[19ago2025 19:07:55.086] [modloading-worker-0/INFO] [azurelib/FileWatching]: Registered azurelib config for auto-sync function
[19ago2025 19:07:55.087] [modloading-worker-0/INFO] [Puzzles Lib/]: Constructing common components for magnumtorch:main
[19ago2025 19:07:55.132] [modloading-worker-0/INFO] [Puzzles Lib/]: Constructing common components for barteringstation:main
[19ago2025 19:07:55.145] [modloading-worker-0/INFO] [quark/]: Initializing TerraBlender underground biome compat
[19ago2025 19:07:55.166] [modloading-worker-0/INFO] [Puzzles Lib/]: Constructing common components for thinair:main
[19ago2025 19:07:55.272] [modloading-worker-0/INFO] [Puzzles Lib/]: Constructing common components for diagonalfences:main
[19ago2025 19:07:55.278] [modloading-worker-0/INFO] [Rhino Script Remapper/]: Loading Rhino Minecraft remapper...
[19ago2025 19:07:55.282] [modloading-worker-0/INFO] [dev.latvian.mods.rhino.mod.util.RhinoProperties/]: Rhino properties loaded.
[19ago2025 19:07:55.286] [modloading-worker-0/INFO] [Rhino Script Remapper/]: Loading mappings for 1.20.1
[19ago2025 19:07:55.290] [modloading-worker-0/WARN] [de.keksuccino.justzoom.JustZoom/]: [JUST ZOOM] Disabling 'Just Zoom' since it's a client-side mod and current environment is server!
[19ago2025 19:07:55.297] [modloading-worker-0/INFO] [com.liberty.mekanism.addon.adastra.ForgeMod/]: Registered 16 items from the mod
[19ago2025 19:07:55.341] [modloading-worker-0/INFO] [Puzzles Lib/]: Constructing common components for overflowingbars:main
[19ago2025 19:07:55.352] [modloading-worker-0/INFO] [toughasnails/]: Serene Seasons detected. Enabling season modifier.
[19ago2025 19:07:55.404] [modloading-worker-0/INFO] [Rhino Script Remapper/]: Done in 0,126 s
[19ago2025 19:07:55.459] [modloading-worker-0/INFO] [quark-zeta/]: Discovered 164 modules to load.
[19ago2025 19:07:55.459] [modloading-worker-0/INFO] [quark-zeta/]: Constructing module Abacus...
[19ago2025 19:07:55.464] [modloading-worker-0/INFO] [quark-zeta/]: Constructing module Adjustable Chat...
[19ago2025 19:07:55.464] [modloading-worker-0/INFO] [quark-zeta/]: Constructing module Ambient Discs...
[19ago2025 19:07:55.466] [modloading-worker-0/INFO] [quark-zeta/]: Constructing module Ancient Tomes...
[19ago2025 19:07:55.470] [modloading-worker-0/INFO] [quark-zeta/]: Constructing module Ancient Wood...
[19ago2025 19:07:55.530] [modloading-worker-0/INFO] [quark-zeta/]: Constructing module Armed Armor Stands...
[19ago2025 19:07:55.530] [modloading-worker-0/INFO] [quark-zeta/]: Constructing module Auto Walk Keybind...
[19ago2025 19:07:55.530] [modloading-worker-0/INFO] [quark-zeta/]: Constructing module Automatic Recipe Unlock...
[19ago2025 19:07:55.531] [modloading-worker-0/INFO] [quark-zeta/]: Constructing module Automatic Tool Restock...
[19ago2025 19:07:55.533] [modloading-worker-0/INFO] [quark-zeta/]: Constructing module Azalea Wood...
[19ago2025 19:07:55.533] [modloading-worker-0/INFO] [quark-zeta/]: Constructing module Back Button Keybind...
[19ago2025 19:07:55.533] [modloading-worker-0/INFO] [quark-zeta/]: Constructing module Backpack...
[19ago2025 19:07:55.537] [modloading-worker-0/INFO] [quark-zeta/]: Constructing module Beacon Redirection...
[19ago2025 19:07:55.539] [modloading-worker-0/INFO] [quark-zeta/]: Constructing module Better Elytra Rocket...
[19ago2025 19:07:55.539] [modloading-worker-0/INFO] [quark-zeta/]: Constructing module Big Stone Clusters...
[19ago2025 19:07:55.544] [modloading-worker-0/INFO] [quark-zeta/]: Constructing module Blossom Trees...
[19ago2025 19:07:55.545] [modloading-worker-0/INFO] [quark-zeta/]: Constructing module Bottled Cloud...
[19ago2025 19:07:55.547] [modloading-worker-0/INFO] [quark-zeta/]: Constructing module Buckets Show Inhabitants...
[19ago2025 19:07:55.547] [modloading-worker-0/INFO] [quark-zeta/]: Constructing module Camera...
[19ago2025 19:07:55.548] [modloading-worker-0/INFO] [quark-zeta/]: Constructing module Campfires Boost Elytra...
[19ago2025 19:07:55.548] [modloading-worker-0/INFO] [quark-zeta/]: Constructing module Celebratory Lamps...
[19ago2025 19:07:55.550] [modloading-worker-0/INFO] [quark-zeta/]: Constructing module Chains Connect Blocks...
[19ago2025 19:07:55.550] [modloading-worker-0/INFO] [quark-zeta/]: Constructing module Chest Searching...
[19ago2025 19:07:55.550] [modloading-worker-0/INFO] [quark-zeta/]: Constructing module Chorus Vegetation...
[19ago2025 19:07:55.552] [modloading-worker-0/INFO] [quark-zeta/]: Constructing module Chute...
[19ago2025 19:07:55.552] [modloading-worker-0/INFO] [quark-zeta/]: Constructing module Climate Control Remover...
[19ago2025 19:07:55.552] [modloading-worker-0/INFO] [quark-zeta/]: Constructing module Color Runes...
[19ago2025 19:07:55.555] [modloading-worker-0/INFO] [quark-zeta/]: Constructing module Compasses Work Everywhere...
[19ago2025 19:07:55.556] [modloading-worker-0/INFO] [quark-zeta/]: Constructing module Compressed Blocks...
[19ago2025 19:07:55.556] [modloading-worker-0/INFO] [quark-zeta/]: Constructing module Coral On Cactus...
[19ago2025 19:07:55.557] [modloading-worker-0/INFO] [quark-zeta/]: Constructing module Corundum...
[19ago2025 19:07:55.574] [modloading-worker-0/INFO] [quark-zeta/]: Constructing module Crabs...
[19ago2025 19:07:55.576] [modloading-worker-0/INFO] [quark-zeta/]: Constructing module Crafter...
[19ago2025 19:07:55.580] [modloading-worker-0/INFO] [quark-zeta/]: Constructing module Crate...
[19ago2025 19:07:55.582] [modloading-worker-0/INFO] [quark-zeta/]: Constructing module Diamond Repair...
[19ago2025 19:07:55.582] [modloading-worker-0/INFO] [quark-zeta/]: Constructing module Dispensers Place Blocks...
[19ago2025 19:07:55.582] [modloading-worker-0/INFO] [quark-zeta/]: Constructing module Double Door Opening...
[19ago2025 19:07:55.582] [modloading-worker-0/INFO] [quark-zeta/]: Constructing module Dragon Scales...
[19ago2025 19:07:55.583] [modloading-worker-0/INFO] [quark-zeta/]: Constructing module Duskbound Blocks...
[19ago2025 19:07:55.583] [modloading-worker-0/INFO] [quark-zeta/]: Constructing module Dyeable Item Frames...
[19ago2025 19:07:55.583] [modloading-worker-0/INFO] [quark-zeta/]: Constructing module Easy Transfering...
[19ago2025 19:07:55.583] [modloading-worker-0/INFO] [quark-zeta/]: Constructing module Elytra Indicator...
[19ago2025 19:07:55.585] [modloading-worker-0/INFO] [quark-zeta/]: Constructing module Emotes...
[19ago2025 19:07:55.585] [modloading-worker-0/INFO] [quark-zeta/]: Constructing module Enchantment Predicates...
[19ago2025 19:07:55.585] [modloading-worker-0/INFO] [quark-zeta/]: Constructing module Enchantments Begone...
[19ago2025 19:07:55.587] [modloading-worker-0/INFO] [quark-zeta/]: Constructing module Ender Watcher...
[19ago2025 19:07:55.588] [modloading-worker-0/INFO] [quark-zeta/]: Constructing module Endermosh Music Disc...
[19ago2025 19:07:55.589] [modloading-worker-0/INFO] [quark-zeta/]: Constructing module Enhanced Ladders...
[19ago2025 19:07:55.589] [modloading-worker-0/INFO] [quark-zeta/]: Constructing module Expanded Item Interactions...
[19ago2025 19:07:55.590] [modloading-worker-0/INFO] [quark-zeta/]: Constructing module Fairy Rings...
[19ago2025 19:07:55.590] [modloading-worker-0/INFO] [quark-zeta/]: Constructing module Fallen Logs...
[19ago2025 19:07:55.592] [modloading-worker-0/INFO] [quark-zeta/]: Constructing module Feeding Trough...
[19ago2025 19:07:55.594] [modloading-worker-0/INFO] [quark-zeta/]: Constructing module Forgotten...
[19ago2025 19:07:55.600] [modloading-worker-0/INFO] [quark-zeta/]: Constructing module Foxhound...
[19ago2025 19:07:55.601] [modloading-worker-0/INFO] [quark-zeta/]: Constructing module Framed Glass...
[19ago2025 19:07:55.601] [modloading-worker-0/INFO] [quark-zeta/]: Constructing module Game Nerfs...
[19ago2025 19:07:55.602] [modloading-worker-0/INFO] [quark-zeta/]: Constructing module Glass Item Frame...
[19ago2025 19:07:55.603] [modloading-worker-0/INFO] [quark-zeta/]: Constructing module Glass Shard...
[19ago2025 19:07:55.604] [modloading-worker-0/INFO] [quark-zeta/]: Constructing module Glimmering Weald...
[19ago2025 19:07:55.614] [modloading-worker-0/INFO] [quark-zeta/]: Constructing module Gold Bars...
[19ago2025 19:07:55.614] [modloading-worker-0/INFO] [quark-zeta/]: Constructing module Gold Tools Have Fortune...
[19ago2025 19:07:55.614] [modloading-worker-0/INFO] [quark-zeta/]: Constructing module Grab Chickens...
[19ago2025 19:07:55.616] [modloading-worker-0/INFO] [quark-zeta/]: Constructing module Grate...
[19ago2025 19:07:55.617] [modloading-worker-0/INFO] [quark-zeta/]: Constructing module Gravisand...
[19ago2025 19:07:55.618] [modloading-worker-0/INFO] [quark-zeta/]: Constructing module Greener Grass...
[19ago2025 19:07:55.620] [modloading-worker-0/INFO] [quark-zeta/]: Constructing module Hedges...
[19ago2025 19:07:55.621] [modloading-worker-0/INFO] [quark-zeta/]: Constructing module Hoe Harvesting...
[19ago2025 19:07:55.621] [modloading-worker-0/INFO] [quark-zeta/]: Constructing module Hollow Logs...
[19ago2025 19:07:55.622] [modloading-worker-0/INFO] [quark-zeta/]: Constructing module Horses Swim...
[19ago2025 19:07:55.622] [modloading-worker-0/INFO] [quark-zeta/]: Constructing module Hotbar Changer...
[19ago2025 19:07:55.622] [modloading-worker-0/INFO] [quark-zeta/]: Constructing module Improved Sponges...
[19ago2025 19:07:55.622] [modloading-worker-0/INFO] [quark-zeta/]: Constructing module Improved Tooltips...
[19ago2025 19:07:55.622] [modloading-worker-0/INFO] [quark-zeta/]: Constructing module Industrial Palette...
[19ago2025 19:07:55.623] [modloading-worker-0/INFO] [quark-zeta/]: Constructing module Inventory Sorting...
[19ago2025 19:07:55.623] [modloading-worker-0/INFO] [quark-zeta/]: Constructing module Iron Rod...
[19ago2025 19:07:55.630] [modloading-worker-0/INFO] [quark-zeta/]: Constructing module Item Sharing...
[19ago2025 19:07:55.630] [modloading-worker-0/INFO] [quark-zeta/]: Constructing module Japanese Palette...
[19ago2025 19:07:55.630] [modloading-worker-0/INFO] [quark-zeta/]: Constructing module Leaf Carpet...
[19ago2025 19:07:55.632] [modloading-worker-0/INFO] [quark-zeta/]: Constructing module Lock Rotation...
[19ago2025 19:07:55.632] [modloading-worker-0/INFO] [quark-zeta/]: Constructing module Long Range Pick Block...
[19ago2025 19:07:55.632] [modloading-worker-0/INFO] [quark-zeta/]: Constructing module Magma Keeps Concrete Powder...
[19ago2025 19:07:55.633] [modloading-worker-0/INFO] [quark-zeta/]: Constructing module Magnets...
[19ago2025 19:07:55.634] [modloading-worker-0/INFO] [quark-zeta/]: Constructing module Map Washing...
[19ago2025 19:07:55.635] [modloading-worker-0/INFO] [quark-zeta/]: Constructing module Matrix Enchanting...
[19ago2025 19:07:55.639] [modloading-worker-0/INFO] [quark-zeta/]: Constructing module Metal Buttons...
[19ago2025 19:07:55.639] [modloading-worker-0/INFO] [quark-zeta/]: Constructing module Microcrafting Helper...
[19ago2025 19:07:55.639] [modloading-worker-0/INFO] [quark-zeta/]: Constructing module Midori...
[19ago2025 19:07:55.640] [modloading-worker-0/INFO] [quark-zeta/]: Constructing module Monster Box...
[19ago2025 19:07:55.640] [modloading-worker-0/INFO] [quark-zeta/]: Constructing module More Banner Layers...
[19ago2025 19:07:55.640] [modloading-worker-0/INFO] [quark-zeta/]: Constructing module More Brick Types...
[19ago2025 19:07:55.641] [modloading-worker-0/INFO] [quark-zeta/]: Constructing module More Mud Blocks...
[19ago2025 19:07:55.641] [modloading-worker-0/INFO] [quark-zeta/]: Constructing module More Note Block Sounds...
[19ago2025 19:07:55.641] [modloading-worker-0/INFO] [quark-zeta/]: Constructing module More Potted Plants...
[19ago2025 19:07:55.642] [modloading-worker-0/INFO] [quark-zeta/]: Constructing module More Villagers...
[19ago2025 19:07:55.642] [modloading-worker-0/INFO] [quark-zeta/]: Constructing module Narrator Readout...
[19ago2025 19:07:55.642] [modloading-worker-0/INFO] [quark-zeta/]: Constructing module Nether Brick Fence Gate...
[19ago2025 19:07:55.642] [modloading-worker-0/INFO] [quark-zeta/]: Constructing module Nether Obsidian Spikes...
[19ago2025 19:07:55.643] [modloading-worker-0/INFO] [quark-zeta/]: Constructing module New Stone Types...
[19ago2025 19:07:55.646] [modloading-worker-0/INFO] [quark-zeta/]: Constructing module No Durability On Cosmetics...
[19ago2025 19:07:55.646] [modloading-worker-0/INFO] [quark-zeta/]: Constructing module No More Lava Pockets...
[19ago2025 19:07:55.646] [modloading-worker-0/INFO] [quark-zeta/]: Constructing module Obsidian Plate...
[19ago2025 19:07:55.646] [modloading-worker-0/INFO] [quark-zeta/]: Constructing module Overlay Shader...
[19ago2025 19:07:55.647] [modloading-worker-0/INFO] [quark-zeta/]: Constructing module Parrot Eggs...
[19ago2025 19:07:55.647] [modloading-worker-0/INFO] [quark-zeta/]: Constructing module Pat The Dogs...
[19ago2025 19:07:55.648] [modloading-worker-0/INFO] [quark-zeta/]: Constructing module Pathfinder Maps...
[19ago2025 19:07:55.649] [modloading-worker-0/INFO] [quark-zeta/]: Constructing module Permafrost...
[19ago2025 19:07:55.649] [modloading-worker-0/INFO] [quark-zeta/]: Constructing module Petals On Water...
[19ago2025 19:07:55.650] [modloading-worker-0/INFO] [quark-zeta/]: Constructing module Pickarang...
[19ago2025 19:07:55.652] [modloading-worker-0/INFO] [quark-zeta/]: Constructing module Pig Litters...
[19ago2025 19:07:55.652] [modloading-worker-0/INFO] [quark-zeta/]: Constructing module Pipes...
[19ago2025 19:07:55.655] [modloading-worker-0/INFO] [quark-zeta/]: Constructing module Pistons Move Tile Entities...
[19ago2025 19:07:55.655] [modloading-worker-0/INFO] [quark-zeta/]: Constructing module Poison Potato Usage...
[19ago2025 19:07:55.657] [modloading-worker-0/INFO] [quark-zeta/]: Constructing module Quick Armor Swapping...
[19ago2025 19:07:55.657] [modloading-worker-0/INFO] [quark-zeta/]: Constructing module Rainbow Lamps...
[19ago2025 19:07:55.657] [modloading-worker-0/INFO] [quark-zeta/]: Constructing module Raw Metal Bricks...
[19ago2025 19:07:55.657] [modloading-worker-0/INFO] [quark-zeta/]: Constructing module Reacharound Placing...
[19ago2025 19:07:55.659] [modloading-worker-0/INFO] [quark-zeta/]: Constructing module Redstone Randomizer...
[19ago2025 19:07:55.660] [modloading-worker-0/INFO] [quark-zeta/]: Constructing module Renewable Spore Blossoms...
[19ago2025 19:07:55.661] [modloading-worker-0/INFO] [quark-zeta/]: Constructing module Replace Scaffolding...
[19ago2025 19:07:55.661] [modloading-worker-0/INFO] [quark-zeta/]: Constructing module Rope...
[19ago2025 19:07:55.662] [modloading-worker-0/INFO] [quark-zeta/]: Constructing module Safer Creatures...
[19ago2025 19:07:55.662] [modloading-worker-0/INFO] [quark-zeta/]: Constructing module Seed Pouch...
[19ago2025 19:07:55.664] [modloading-worker-0/INFO] [quark-zeta/]: Constructing module Shear Vines...
[19ago2025 19:07:55.669] [modloading-worker-0/INFO] [quark-zeta/]: Constructing module Shiba...
[19ago2025 19:07:55.669] [modloading-worker-0/INFO] [quark-zeta/]: Constructing module Shingles...
[19ago2025 19:07:55.670] [modloading-worker-0/INFO] [quark-zeta/]: Constructing module Shulker Packing...
[19ago2025 19:07:55.670] [modloading-worker-0/INFO] [quark-zeta/]: Constructing module Simple Harvest...
[19ago2025 19:07:55.670] [modloading-worker-0/INFO] [quark-zeta/]: Constructing module Skull Pikes...
[19ago2025 19:07:55.673] [modloading-worker-0/INFO] [quark-zeta/]: Constructing module Slabs To Blocks...
[19ago2025 19:07:55.674] [modloading-worker-0/INFO] [quark-zeta/]: Constructing module Slime In A Bucket...
[19ago2025 19:07:55.675] [modloading-worker-0/INFO] [quark-zeta/]: Constructing module Slimes To Magma Cubes...
[19ago2025 19:07:55.675] [modloading-worker-0/INFO] [quark-zeta/]: Constructing module Snow Golem Player Heads...
[19ago2025 19:07:55.676] [modloading-worker-0/INFO] [quark-zeta/]: Constructing module Soul Candles...
[19ago2025 19:07:55.676] [modloading-worker-0/INFO] [quark-zeta/]: Constructing module Soul Sandstone...
[19ago2025 19:07:55.676] [modloading-worker-0/INFO] [quark-zeta/]: Constructing module Spawner Replacer...
[19ago2025 19:07:55.676] [modloading-worker-0/INFO] [quark-zeta/]: Constructing module Spiral Spires...
[19ago2025 19:07:55.678] [modloading-worker-0/INFO] [quark-zeta/]: Constructing module Stonelings...
[19ago2025 19:07:55.679] [modloading-worker-0/INFO] [quark-zeta/]: Constructing module Stools...
[19ago2025 19:07:55.679] [modloading-worker-0/INFO] [quark-zeta/]: Constructing module Sturdy Stone...
[19ago2025 19:07:55.680] [modloading-worker-0/INFO] [quark-zeta/]: Constructing module Thatch...
[19ago2025 19:07:55.681] [modloading-worker-0/INFO] [quark-zeta/]: Constructing module Tiny Potato...
[19ago2025 19:07:55.681] [modloading-worker-0/INFO] [quark-zeta/]: Constructing module Torch Arrow...
[19ago2025 19:07:55.682] [modloading-worker-0/INFO] [quark-zeta/]: Constructing module Toretoise...
[19ago2025 19:07:55.683] [modloading-worker-0/INFO] [quark-zeta/]: Constructing module Totem Of Holding...
[19ago2025 19:07:55.684] [modloading-worker-0/INFO] [quark-zeta/]: Constructing module Trowel...
[19ago2025 19:07:55.685] [modloading-worker-0/INFO] [quark-zeta/]: Constructing module Usage Ticker...
[19ago2025 19:07:55.685] [modloading-worker-0/INFO] [quark-zeta/]: Constructing module Uses For Curses...
[19ago2025 19:07:55.685] [modloading-worker-0/INFO] [quark-zeta/]: Constructing module Utility Recipes...
[19ago2025 19:07:55.686] [modloading-worker-0/INFO] [quark-zeta/]: Constructing module Variant Animal Textures...
[19ago2025 19:07:55.686] [modloading-worker-0/INFO] [quark-zeta/]: Constructing module Variant Bookshelves...
[19ago2025 19:07:55.686] [modloading-worker-0/INFO] [quark-zeta/]: Constructing module Variant Chests...
[19ago2025 19:07:55.687] [modloading-worker-0/INFO] [quark-zeta/]: Constructing module Variant Furnaces...
[19ago2025 19:07:55.692] [modloading-worker-0/INFO] [quark-zeta/]: Constructing module Variant Ladders...
[19ago2025 19:07:55.692] [modloading-worker-0/INFO] [quark-zeta/]: Constructing module Variant Selector...
[19ago2025 19:07:55.694] [modloading-worker-0/INFO] [quark-zeta/]: Constructing module Vertical Planks...
[19ago2025 19:07:55.694] [modloading-worker-0/INFO] [quark-zeta/]: Constructing module Vertical Slabs...
[19ago2025 19:07:55.698] [modloading-worker-0/INFO] [quark-zeta/]: Constructing module Vexes Die With Their Masters...
[19ago2025 19:07:55.698] [modloading-worker-0/INFO] [quark-zeta/]: Constructing module Villager Rerolling Rework...
[19ago2025 19:07:55.698] [modloading-worker-0/INFO] [quark-zeta/]: Constructing module Villagers Follow Emeralds...
[19ago2025 19:07:55.699] [modloading-worker-0/INFO] [quark-zeta/]: Constructing module Wooden Posts...
[19ago2025 19:07:55.699] [modloading-worker-0/INFO] [quark-zeta/]: Constructing module Wool Shuts Up Minecarts...
[19ago2025 19:07:55.699] [modloading-worker-0/INFO] [quark-zeta/]: Constructing module Wraith...
[19ago2025 19:07:55.700] [modloading-worker-0/INFO] [quark-zeta/]: Constructing module Zombie Villagers On Normal...
[19ago2025 19:07:55.700] [modloading-worker-0/INFO] [quark-zeta/]: Constructing module More Stone Variants...
[19ago2025 19:07:55.700] [modloading-worker-0/INFO] [quark-zeta/]: Constructed 164 modules.
[19ago2025 19:07:55.705] [modloading-worker-0/INFO] [AutoModpack/]: Syncing main...
[19ago2025 19:07:55.715] [AutoModpackCreation-3/INFO] [AutoModpack/]: generated content for /mods/ConfiguredDefaults-v8.0.4-1.20.1-Forge.jar
[19ago2025 19:07:55.716] [AutoModpackCreation-3/INFO] [AutoModpack/]: generated content for /kubejs/config/common.properties
[19ago2025 19:07:55.750] [modloading-worker-0/INFO] [quark-zeta/]: Doing super early config setup for quark
[19ago2025 19:07:55.753] [modloading-worker-0/INFO] [KubeJS Startup/]: example.js#5: Hello, World! (Loaded startup scripts)
[19ago2025 19:07:55.756] [modloading-worker-0/INFO] [KubeJS Startup/]: Loaded script startup_scripts:example.js in 0.044 s
[19ago2025 19:07:55.759] [modloading-worker-0/INFO] [KubeJS Startup/]: Loaded 1/1 KubeJS startup scripts in 0.351 s with 0 errors and 0 warnings
[19ago2025 19:07:55.797] [AutoModpackCreation-23/INFO] [AutoModpack/]: generated content for /mods/Eldritch_End-FORGE-MC1.20.1-0.3.4.jar
[19ago2025 19:07:55.875] [AutoModpackCreation-15/INFO] [AutoModpack/]: generated content for /mods/MagnumTorch-v8.0.2-1.20.1-Forge.jar
[19ago2025 19:07:55.897] [AutoModpackCreation-14/INFO] [AutoModpack/]: generated content for /mods/YungsBetterMineshafts-1.20-Forge-4.0.4.jar
[19ago2025 19:07:55.897] [AutoModpackCreation-1/INFO] [AutoModpack/]: generated content for /mods/framework-forge-1.20.1-0.7.15.jar
[19ago2025 19:07:55.895] [modloading-worker-0/INFO] [dev.architectury.networking.forge.NetworkManagerImpl/]: Registering C2S receiver with id kubejs:send_data_from_client
[19ago2025 19:07:55.894] [AutoModpackCreation-2/INFO] [AutoModpack/]: generated content for /mods/packetfixer-3.1.4-1.18-1.20.4-merged.jar
[19ago2025 19:07:55.915] [AutoModpackCreation-14/INFO] [AutoModpack/]: generated content for /mods/notenoughanimations-forge-1.10.1-mc1.20.1.jar
[19ago2025 19:07:55.894] [AutoModpackCreation-19/INFO] [AutoModpack/]: generated content for /mods/sound-physics-remastered-forge-1.20.1-1.4.10.jar
[19ago2025 19:07:55.893] [AutoModpackCreation-13/INFO] [AutoModpack/]: generated content for /mods/forgery-3.6.2+1.20.jar
[19ago2025 19:07:55.892] [AutoModpackCreation-18/INFO] [AutoModpack/]: generated content for /mods/dragonmounts-1.20.1-1.2.3-beta.jar
[19ago2025 19:07:55.892] [AutoModpackCreation-10/INFO] [AutoModpack/]: generated content for /mods/botarium-forge-1.20.1-2.3.4.jar
[19ago2025 19:07:55.890] [AutoModpackCreation-7/INFO] [AutoModpack/]: generated content for /mods/chat_heads-0.13.18-forge-1.20.jar
[19ago2025 19:07:55.889] [AutoModpackCreation-5/INFO] [AutoModpack/]: generated content for /mods/TradingPost-v8.0.2-1.20.1-Forge.jar
[19ago2025 19:07:55.889] [AutoModpackCreation-3/INFO] [AutoModpack/]: generated content for /mods/fastpaintings-1.20-1.2.7.jar
[19ago2025 19:07:55.888] [AutoModpackCreation-6/INFO] [AutoModpack/]: generated content for /mods/skinrestorer-2.4.2+1.20-forge.jar
[19ago2025 19:07:55.882] [AutoModpackCreation-24/INFO] [AutoModpack/]: generated content for /mods/decorative_blocks-forge-1.20.1-4.1.3.jar
[19ago2025 19:07:55.882] [AutoModpackCreation-23/INFO] [AutoModpack/]: generated content for /mods/v_slab_compat-1.20-2.5.jar
[19ago2025 19:07:55.946] [modloading-worker-0/INFO] [dev.architectury.networking.forge.NetworkManagerImpl/]: Registering C2S receiver with id kubejs:first_click
[19ago2025 19:07:55.879] [AutoModpackCreation-11/INFO] [AutoModpack/]: generated content for /mods/skinlayers3d-forge-1.8.2-mc1.20.1.jar
[19ago2025 19:07:55.949] [AutoModpackCreation-2/INFO] [AutoModpack/]: generated content for /mods/everycomp-1.20-2.8.13-forge.jar
[19ago2025 19:07:55.944] [AutoModpackCreation-10/INFO] [AutoModpack/]: generated content for /mods/chefs-delight-1.0.3-forge-1.20.1.jar
[19ago2025 19:07:55.942] [AutoModpackCreation-7/INFO] [AutoModpack/]: generated content for /mods/endersdelight-forge-1.20.1-1.1.3.jar
[19ago2025 19:07:55.942] [AutoModpackCreation-20/INFO] [AutoModpack/]: generated content for /mods/handcrafted-forge-1.20.1-3.0.6.jar
[19ago2025 19:07:55.930] [AutoModpackCreation-19/INFO] [AutoModpack/]: generated content for /mods/StylishEffects-v8.0.2-1.20.1-Forge.jar
[19ago2025 19:07:55.964] [AutoModpackCreation-7/INFO] [AutoModpack/]: generated content for /mods/jei-1.20.1-forge-15.20.0.112.jar
[19ago2025 19:07:55.964] [AutoModpackCreation-24/INFO] [AutoModpack/]: generated content for /mods/fastasyncworldsave-1.20.1-2.4.jar
[19ago2025 19:07:55.933] [AutoModpackCreation-18/INFO] [AutoModpack/]: generated content for /mods/ImmediatelyFast-Forge-1.5.1+1.20.4.jar
[19ago2025 19:07:55.978] [AutoModpackCreation-3/INFO] [AutoModpack/]: generated content for /mods/citadel-2.6.2-1.20.1.jar
[19ago2025 19:07:55.981] [AutoModpackCreation-20/INFO] [AutoModpack/]: generated content for /mods/PuzzlesLib-v8.1.32-1.20.1-Forge.jar
[19ago2025 19:07:55.933] [AutoModpackCreation-13/INFO] [AutoModpack/]: generated content for /mods/sodiumdynamiclights-forge-1.0.10-1.20.1.jar
[19ago2025 19:07:55.987] [AutoModpackCreation-18/INFO] [AutoModpack/]: generated content for /mods/OverflowingBars-v8.0.1-1.20.1-Forge.jar
[19ago2025 19:07:55.918] [AutoModpackCreation-4/INFO] [AutoModpack/]: generated content for /mods/FarmersDelight-1.20.1-1.2.8.jar
[19ago2025 19:07:55.913] [AutoModpackCreation-12/INFO] [AutoModpack/]: generated content for /mods/Twigs-1.20.1-3.1.0.jar
[19ago2025 19:07:55.912] [AutoModpackCreation-17/INFO] [AutoModpack/]: generated content for /mods/moonlight-1.20-2.14.13-forge.jar
[19ago2025 19:07:55.905] [AutoModpackCreation-16/INFO] [AutoModpack/]: generated content for /mods/transparent-forge-8.0.1+1.20.1.jar
[19ago2025 19:07:55.901] [AutoModpackCreation-8/INFO] [AutoModpack/]: generated content for /mods/structure_layout_optimizer-forge-1.0.10.jar
[19ago2025 19:07:55.998] [AutoModpackCreation-13/INFO] [AutoModpack/]: generated content for /mods/caelus-forge-3.2.0+1.20.1.jar
[19ago2025 19:07:55.997] [AutoModpackCreation-20/INFO] [AutoModpack/]: generated content for /mods/ConnectorExtras-1.11.2+1.20.1.jar
[19ago2025 19:07:56.003] [AutoModpackCreation-4/INFO] [AutoModpack/]: generated content for /mods/justzoom_forge_2.1.1_MC_1.20.1.jar
[19ago2025 19:07:56.010] [AutoModpackCreation-13/INFO] [AutoModpack/]: generated content for /mods/Grass_Overhaul-Forge-23.10.10-MC1.20.1.jar
[19ago2025 19:07:56.012] [AutoModpackCreation-21/INFO] [AutoModpack/]: generated content for /mods/Mekanism-1.20.1-10.4.16.80.jar
[19ago2025 19:07:56.015] [AutoModpackCreation-18/INFO] [AutoModpack/]: generated content for /mods/stalwart-dungeons-1.20.1-1.2.8.jar
[19ago2025 19:07:55.994] [AutoModpackCreation-24/INFO] [AutoModpack/]: generated content for /mods/Xaeros_Minimap_25.2.10_Forge_1.20.jar
[19ago2025 19:07:55.985] [AutoModpackCreation-14/INFO] [AutoModpack/]: generated content for /mods/txnilib-forge-1.0.24-1.20.1.jar
[19ago2025 19:07:55.984] [AutoModpackCreation-19/INFO] [AutoModpack/]: generated content for /mods/MekanismGenerators-1.20.1-10.4.16.80.jar
[19ago2025 19:07:55.982] [AutoModpackCreation-11/INFO] [AutoModpack/]: generated content for /mods/clientsort-forge-2.0.0-beta.9+1.20.1.jar
[19ago2025 19:07:56.027] [AutoModpackCreation-17/INFO] [AutoModpack/]: generated content for /mods/hearth_and_home-forge-1.20.1-2.0.3.jar
[19ago2025 19:07:55.977] [AutoModpackCreation-23/INFO] [AutoModpack/]: generated content for /mods/SkeletonAIFix-v20.1.1-1.20.1-Forge.jar
[19ago2025 19:07:55.976] [AutoModpackCreation-6/INFO] [AutoModpack/]: generated content for /mods/villagesandpillages-forge-mc1.20.1-1.0.2.jar
[19ago2025 19:07:56.033] [AutoModpackCreation-21/INFO] [AutoModpack/]: generated content for /mods/palegarden-1.0.7-forge-1.20.1.jar
[19ago2025 19:07:55.974] [AutoModpackCreation-15/INFO] [AutoModpack/]: generated content for /mods/lionfishapi-2.4-Fix.jar
[19ago2025 19:07:55.974] [AutoModpackCreation-7/INFO] [AutoModpack/]: generated content for /mods/YungsBetterWitchHuts-1.20-Forge-3.0.3.jar
[19ago2025 19:07:55.960] [AutoModpackCreation-22/INFO] [AutoModpack/]: generated content for /mods/repurposed_structures-7.1.17+1.20.1-forge.jar
[19ago2025 19:07:55.959] [AutoModpackCreation-5/INFO] [AutoModpack/]: generated content for /mods/redirected-forge-1.0.0-1.20.1.jar
[19ago2025 19:07:56.043] [AutoModpackCreation-9/INFO] [AutoModpack/]: generated content for /mods/alexsmobs-1.22.9.jar
[19ago2025 19:07:55.959] [AutoModpackCreation-2/INFO] [AutoModpack/]: generated content for /mods/structureessentials-1.20.1-4.8.jar
[19ago2025 19:07:56.045] [AutoModpackCreation-7/INFO] [AutoModpack/]: generated content for /mods/NoChatReports-FORGE-1.20.1-v2.2.2.jar
[19ago2025 19:07:56.045] [AutoModpackCreation-21/INFO] [AutoModpack/]: generated content for /mods/explorations-forge-1.20.1-1.6.1.jar
[19ago2025 19:07:56.038] [AutoModpackCreation-11/INFO] [AutoModpack/]: generated content for /mods/Kiwi-1.20.1-Forge-11.8.31.jar
[19ago2025 19:07:56.053] [AutoModpackCreation-10/INFO] [AutoModpack/]: generated content for /mods/chipped-forge-1.20.1-3.0.7.jar
[19ago2025 19:07:56.033] [AutoModpackCreation-19/INFO] [AutoModpack/]: generated content for /mods/Iceberg-1.20.1-forge-1.1.25.jar
[19ago2025 19:07:56.032] [AutoModpackCreation-24/INFO] [AutoModpack/]: generated content for /mods/sparsestructuresreforged-1.20.1-0.0.1.jar
[19ago2025 19:07:56.056] [AutoModpackCreation-21/INFO] [AutoModpack/]: generated content for /mods/SereneSeasons-forge-1.20.1-9.1.0.2.jar
[19ago2025 19:07:56.030] [AutoModpackCreation-14/INFO] [AutoModpack/]: generated content for /mods/lithostitched-forge-1.20.1-1.4.11.jar
[19ago2025 19:07:56.026] [AutoModpackCreation-3/INFO] [AutoModpack/]: generated content for /mods/friendsandfoes-forge-mc1.20.1-3.0.9.jar
[19ago2025 19:07:56.016] [AutoModpackCreation-12/INFO] [AutoModpack/]: generated content for /mods/flib-1.20.1-0.0.15.jar
[19ago2025 19:07:56.015] [AutoModpackCreation-4/INFO] [AutoModpack/]: generated content for /mods/resourcefullib-forge-1.20.1-2.1.29.jar
[19ago2025 19:07:56.015] [AutoModpackCreation-13/INFO] [AutoModpack/]: generated content for /kubejs/config/client.properties
[19ago2025 19:07:56.006] [AutoModpackCreation-16/INFO] [AutoModpack/]: generated content for /mods/Clumps-forge-1.20.1-12.0.0.4.jar
[19ago2025 19:07:56.003] [AutoModpackCreation-8/INFO] [AutoModpack/]: generated content for /mods/fasterrandom-5.1.0.jar
[19ago2025 19:07:56.067] [AutoModpackCreation-21/INFO] [AutoModpack/]: generated content for /mods/corpse-forge-1.20.1-1.0.21.jar
[19ago2025 19:07:56.066] [AutoModpackCreation-20/INFO] [AutoModpack/]: generated content for /mods/ad_astra-forge-1.20.1-1.15.20.jar
[19ago2025 19:07:56.066] [AutoModpackCreation-14/INFO] [AutoModpack/]: generated content for /mods/alltheleaks-0.1.4-beta+1.20.1-forge.jar
[19ago2025 19:07:56.065] [AutoModpackCreation-24/INFO] [AutoModpack/]: generated content for /mods/FastItemFrames-v20.1.3-1.20.1-Forge.jar
[19ago2025 19:07:56.063] [AutoModpackCreation-19/INFO] [AutoModpack/]: generated content for /mods/SimpleStorageNetwork-1.20.1-1.12.2.jar
[19ago2025 19:07:56.062] [AutoModpackCreation-10/INFO] [AutoModpack/]: generated content for /mods/recipeessentials-1.20.1-4.0.jar
[19ago2025 19:07:56.077] [AutoModpackCreation-16/INFO] [AutoModpack/]: generated content for /mods/clientcrafting-1.20.1-1.8.jar
[19ago2025 19:07:56.062] [AutoModpackCreation-11/INFO] [AutoModpack/]: generated content for /mods/Hearths v1.0.4 f12-80.mod.jar
[19ago2025 19:07:56.061] [AutoModpackCreation-5/INFO] [AutoModpack/]: generated content for /mods/ShieldExpansion-1.20.1-1.2.2.jar
[19ago2025 19:07:56.055] [AutoModpackCreation-9/INFO] [AutoModpack/]: generated content for /mods/carryon-forge-1.20.1-2.1.2.7.jar
[19ago2025 19:07:56.055] [AutoModpackCreation-7/INFO] [AutoModpack/]: generated content for /mods/Structory_1.20.x_v1.3.5.jar
[19ago2025 19:07:56.053] [AutoModpackCreation-22/INFO] [AutoModpack/]: generated content for /mods/architectury-9.2.14-forge.jar
[19ago2025 19:07:56.085] [AutoModpackCreation-4/INFO] [AutoModpack/]: generated content for /mods/Stoneworks-v8.0.0-1.20.1-Forge.jar
[19ago2025 19:07:56.085] [AutoModpackCreation-10/INFO] [AutoModpack/]: generated content for /mods/simple_snowy_fix-forge-2.1.4.jar
[19ago2025 19:07:56.053] [AutoModpackCreation-23/INFO] [AutoModpack/]: generated content for /mods/suppsquared-1.20-1.1.21.jar
[19ago2025 19:07:56.052] [AutoModpackCreation-2/INFO] [AutoModpack/]: generated content for /mods/visuality-forge-2.0.2.jar
[19ago2025 19:07:56.092] [AutoModpackCreation-24/INFO] [AutoModpack/]: generated content for /mods/radium-mc1.20.1-0.12.4+git.26c9d8e.jar
[19ago2025 19:07:56.050] [AutoModpackCreation-18/INFO] [AutoModpack/]: generated content for /mods/ad_astra_rocketed-forge-1.20.1-1.0.5.jar
[19ago2025 19:07:56.049] [AutoModpackCreation-15/INFO] [AutoModpack/]: generated content for /mods/extra_compat-1.5.25.jar
[19ago2025 19:07:56.046] [AutoModpackCreation-6/INFO] [AutoModpack/]: generated content for /mods/revampedwolf-1.20.1-6.1.0.jar
[19ago2025 19:07:56.045] [AutoModpackCreation-17/INFO] [AutoModpack/]: generated content for /mods/YungsBetterEndIsland-1.20-Forge-2.0.6.jar
[19ago2025 19:07:56.099] [AutoModpackCreation-4/INFO] [AutoModpack/]: generated content for /mods/immersivearmorhud-forge-1.0.1-1.20.1.jar
[19ago2025 19:07:56.096] [AutoModpackCreation-22/INFO] [AutoModpack/]: generated content for /mods/elevatorid-1.20.1-1.9.1-forge.jar
[19ago2025 19:07:56.096] [AutoModpackCreation-5/INFO] [AutoModpack/]: generated content for /mods/polymorph-forge-0.49.10+1.20.1.jar
[19ago2025 19:07:56.101] [AutoModpackCreation-23/INFO] [AutoModpack/]: generated content for /mods/lmft-1.0.4+1.20.1-forge.jar
[19ago2025 19:07:56.096] [AutoModpackCreation-16/INFO] [AutoModpack/]: generated content for /mods/IllagerInvasion-v8.0.7-1.20.1-Forge.jar
[19ago2025 19:07:56.094] [AutoModpackCreation-7/INFO] [AutoModpack/]: generated content for /mods/snowundertrees-1.20.1-1.4.12.jar
[19ago2025 19:07:56.092] [AutoModpackCreation-11/INFO] [AutoModpack/]: generated content for /mods/Necronomicon-Forge-1.6.0+1.20.1.jar
[19ago2025 19:07:56.083] [AutoModpackCreation-19/INFO] [AutoModpack/]: generated content for /mods/entity_texture_features_forge_1.20.1-6.2.9.jar
[19ago2025 19:07:56.082] [AutoModpackCreation-21/INFO] [AutoModpack/]: generated content for /mods/ThinAir-v8.1.7-1.20.1-Forge.jar
[19ago2025 19:07:56.080] [AutoModpackCreation-8/INFO] [AutoModpack/]: generated content for /mods/YungsBetterJungleTemples-1.20-Forge-2.0.5.jar
[19ago2025 19:07:56.077] [AutoModpackCreation-20/INFO] [AutoModpack/]: generated content for /mods/Zeta-1.0-30.jar
[19ago2025 19:07:56.109] [AutoModpackCreation-2/INFO] [AutoModpack/]: generated content for /mods/another_furniture-forge-1.20.1-3.0.2.jar
[19ago2025 19:07:56.074] [AutoModpackCreation-13/INFO] [AutoModpack/]: generated content for /mods/thinairastra-0.0.2.jar
[19ago2025 19:07:56.072] [AutoModpackCreation-14/INFO] [AutoModpack/]: generated content for /kubejs/assets/kubejs/textures/block/example_block.png
[19ago2025 19:07:56.070] [AutoModpackCreation-3/INFO] [AutoModpack/]: generated content for /mods/ToughAsNails-forge-1.20.1-9.2.0.171.jar
[19ago2025 19:07:56.128] [AutoModpackCreation-13/INFO] [AutoModpack/]: generated content for /mods/rhino-forge-2001.2.3-build.10.jar
[19ago2025 19:07:56.126] [AutoModpackCreation-14/INFO] [AutoModpack/]: generated content for /mods/blossom.jar
[19ago2025 19:07:56.126] [AutoModpackCreation-2/INFO] [AutoModpack/]: generated content for /mods/DiagonalFences-v8.1.5-1.20.1-Forge.jar
[19ago2025 19:07:56.124] [AutoModpackCreation-20/INFO] [AutoModpack/]: generated content for /mods/waystones-forge-1.20.1-14.1.15.jar
[19ago2025 19:07:56.122] [AutoModpackCreation-23/INFO] [AutoModpack/]: generated content for /mods/blueprint-1.20.1-7.1.3.jar
[19ago2025 19:07:56.120] [AutoModpackCreation-19/INFO] [AutoModpack/]: generated content for /mods/entityculling-forge-1.8.2-mc1.20.1.jar
[19ago2025 19:07:56.136] [AutoModpackCreation-13/INFO] [AutoModpack/]: generated content for /mods/SnowRealMagic-1.20.1-Forge-10.6.4.jar
[19ago2025 19:07:56.119] [AutoModpackCreation-10/INFO] [AutoModpack/]: generated content for /mods/sodiumoptionsapi-forge-1.0.10-1.20.1.jar
[19ago2025 19:07:56.118] [AutoModpackCreation-17/INFO] [AutoModpack/]: generated content for /mods/watut-forge-1.20.1-1.2.3.jar
[19ago2025 19:07:56.118] [AutoModpackCreation-5/INFO] [AutoModpack/]: generated content for /mods/cloth-config-11.1.136-forge.jar
[19ago2025 19:07:56.145] [AutoModpackCreation-19/INFO] [AutoModpack/]: generated content for /mods/cristellib-1.1.6-forge.jar
[19ago2025 19:07:56.117] [AutoModpackCreation-7/INFO] [AutoModpack/]: generated content for /mods/sawmill-1.20-1.4.7.jar
[19ago2025 19:07:56.114] [AutoModpackCreation-12/INFO] [AutoModpack/]: generated content for /mods/the-conjurer-1.20.1-1.1.6.jar
[19ago2025 19:07:56.113] [AutoModpackCreation-24/INFO] [AutoModpack/]: generated content for /mods/Ad-Astra-Giselle-Addon-forge-1.20.1-6.18.jar
[19ago2025 19:07:56.112] [AutoModpackCreation-6/INFO] [AutoModpack/]: generated content for /mods/distraction_free_recipes-forge-1.2.1-1.20.1.jar
[19ago2025 19:07:56.112] [AutoModpackCreation-18/INFO] [AutoModpack/]: generated content for /mods/formationsnether-1.0.5.jar
[19ago2025 19:07:56.155] [AutoModpackCreation-7/INFO] [AutoModpack/]: generated content for /mods/YungsBetterStrongholds-1.20-Forge-4.0.3.jar
[19ago2025 19:07:56.156] [AutoModpackCreation-19/INFO] [AutoModpack/]: generated content for /mods/modernfix-forge-5.24.3+mc1.20.1.jar
[19ago2025 19:07:56.157] [AutoModpackCreation-6/INFO] [AutoModpack/]: generated content for /mods/mes-1.3.4-1.20-forge.jar
[19ago2025 19:07:56.112] [AutoModpackCreation-16/INFO] [AutoModpack/]: generated content for /mods/adastraextra-forge-1.20.1-1.2.3.jar
[19ago2025 19:07:56.109] [AutoModpackCreation-8/INFO] [AutoModpack/]: generated content for /kubejs/assets/kubejs/textures/item/example_item.png
[19ago2025 19:07:56.106] [AutoModpackCreation-4/INFO] [AutoModpack/]: generated content for /mods/Jade-1.20.1-Forge-11.13.1.jar
[19ago2025 19:07:56.105] [AutoModpackCreation-15/INFO] [AutoModpack/]: generated content for /mods/alternate_current-mc1.20-1.7.0.jar
[19ago2025 19:07:56.101] [AutoModpackCreation-22/INFO] [AutoModpack/]: generated content for /kubejs/startup_scripts/example.js
[19ago2025 19:07:56.164] [AutoModpackCreation-19/INFO] [AutoModpack/]: generated content for /mods/resourcefulconfig-forge-1.20.1-2.1.3.jar
[19ago2025 19:07:56.100] [AutoModpackCreation-9/INFO] [AutoModpack/]: generated content for /mods/YungsBetterOceanMonuments-1.20-Forge-3.0.4.jar
[19ago2025 19:07:56.165] [AutoModpackCreation-18/INFO] [AutoModpack/]: generated content for /mods/DiagonalWalls-v8.0.4-1.20.1-Forge.jar
[19ago2025 19:07:56.162] [AutoModpackCreation-24/INFO] [AutoModpack/]: generated content for /mods/CrabbersDelight-1.20.1-1.1.7e.jar
[19ago2025 19:07:56.161] [AutoModpackCreation-7/INFO] [AutoModpack/]: generated content for /mods/noisium-forge-2.3.0+mc1.20-1.20.1.jar
[19ago2025 19:07:56.168] [AutoModpackCreation-19/INFO] [AutoModpack/]: generated content for /mods/oceansdelight-1.0.2-1.20.jar
[19ago2025 19:07:56.155] [AutoModpackCreation-12/INFO] [AutoModpack/]: generated content for /mods/EasyMagic-v8.0.1-1.20.1-Forge.jar
[19ago2025 19:07:56.154] [AutoModpackCreation-10/INFO] [AutoModpack/]: generated content for /mods/incubation-1.20.1-4.0.4.jar
[19ago2025 19:07:56.152] [AutoModpackCreation-17/INFO] [AutoModpack/]: generated content for /mods/pet_cemetery-1.20.1-2.0.0.jar
[19ago2025 19:07:56.151] [AutoModpackCreation-5/INFO] [AutoModpack/]: generated content for /mods/comforts-forge-6.4.0+1.20.1.jar
[19ago2025 19:07:56.148] [AutoModpackCreation-23/INFO] [AutoModpack/]: generated content for /mods/KryptonReforged-0.2.3.jar
[19ago2025 19:07:56.147] [AutoModpackCreation-13/INFO] [AutoModpack/]: generated content for /mods/FallingTree-1.20.1-4.3.4.jar
[19ago2025 19:07:56.147] [AutoModpackCreation-3/INFO] [AutoModpack/]: generated content for /mods/structure_gel-1.20.1-2.16.2.jar
[19ago2025 19:07:56.144] [AutoModpackCreation-20/INFO] [AutoModpack/]: generated content for /mods/connectivity-1.20.1-7.1.jar
[19ago2025 19:07:56.143] [AutoModpackCreation-14/INFO] [AutoModpack/]: generated content for /mods/entity_model_features_forge_1.20.1-2.4.1.jar
[19ago2025 19:07:56.143] [AutoModpackCreation-2/INFO] [AutoModpack/]: generated content for /mods/azurelib-neo-1.20.1-3.0.9.jar
[19ago2025 19:07:56.175] [AutoModpackCreation-19/INFO] [AutoModpack/]: generated content for /mods/lootintegrations-1.20.1-4.7.jar
[19ago2025 19:07:56.188] [AutoModpackCreation-10/INFO] [AutoModpack/]: generated content for /mods/JustEnoughResources-1.20.1-1.4.0.247.jar
[19ago2025 19:07:56.174] [AutoModpackCreation-4/INFO] [AutoModpack/]: generated content for /mods/fabric-api-0.92.2+1.11.12+1.20.1.jar
[19ago2025 19:07:56.170] [AutoModpackCreation-15/INFO] [AutoModpack/]: generated content for /mods/coroutil-forge-1.20.1-1.3.7.jar
[19ago2025 19:07:56.170] [AutoModpackCreation-16/INFO] [AutoModpack/]: generated content for /mods/ftb-library-forge-2001.2.9.jar
[19ago2025 19:07:56.168] [AutoModpackCreation-6/INFO] [AutoModpack/]: generated content for /mods/ftb-teams-forge-2001.3.1.jar
[19ago2025 19:07:56.168] [AutoModpackCreation-9/INFO] [AutoModpack/]: generated content for /kubejs/client_scripts/example.js
[19ago2025 19:07:56.166] [AutoModpackCreation-21/INFO] [AutoModpack/]: generated content for /mods/YungsCaveBiomes-1.20.1-Forge-2.0.5.jar
[19ago2025 19:07:56.200] [AutoModpackCreation-19/INFO] [AutoModpack/]: generated content for /mods/ClimateRivers-v20.1.0-1.20.1-Forge.jar
[19ago2025 19:07:56.196] [AutoModpackCreation-4/INFO] [AutoModpack/]: generated content for /kubejs/README.txt
[19ago2025 19:07:56.195] [AutoModpackCreation-23/INFO] [AutoModpack/]: generated content for /mods/NetherChested-v8.0.4-1.20.1-Forge.jar
[19ago2025 19:07:56.194] [AutoModpackCreation-22/INFO] [AutoModpack/]: generated content for /mods/XaeroPlus-2.27.6+forge-1.20.1-WM1.39.12-MM25.2.10.jar
[19ago2025 19:07:56.193] [AutoModpackCreation-14/INFO] [AutoModpack/]: generated content for /mods/konkrete_forge_1.8.0_MC_1.20-1.20.1.jar
[19ago2025 19:07:56.193] [AutoModpackCreation-5/INFO] [AutoModpack/]: generated content for /mods/despawntweaks-forge-1.0.0-1.20.1.jar
[19ago2025 19:07:56.192] [AutoModpackCreation-2/INFO] [AutoModpack/]: generated content for /mods/VillagersPlus_3.1_(FORGE)_for_1.20.1.jar
[19ago2025 19:07:56.189] [AutoModpackCreation-3/INFO] [AutoModpack/]: generated content for /mods/crawlondemand-1.20.x-1.0.0.jar
[19ago2025 19:07:56.186] [AutoModpackCreation-13/INFO] [AutoModpack/]: generated content for /mods/Searchables-forge-1.20.1-1.0.3.jar
[19ago2025 19:07:56.184] [AutoModpackCreation-18/INFO] [AutoModpack/]: generated content for /mods/mns-1.0.3-1.20-forge.jar
[19ago2025 19:07:56.183] [AutoModpackCreation-24/INFO] [AutoModpack/]: generated content for /mods/amendments-1.20-1.2.19.jar
[19ago2025 19:07:56.182] [AutoModpackCreation-7/INFO] [AutoModpack/]: generated content for /mods/Towns-and-Towers-1.12-Fabric+Forge.jar
[19ago2025 19:07:56.180] [AutoModpackCreation-12/INFO] [AutoModpack/]: generated content for /mods/GlitchCore-forge-1.20.1-0.0.1.1.jar
[19ago2025 19:07:56.227] [AutoModpackCreation-5/INFO] [AutoModpack/]: generated content for /mods/MouseTweaks-forge-mc1.20.1-2.25.1.jar
[19ago2025 19:07:56.227] [AutoModpackCreation-2/INFO] [AutoModpack/]: generated content for /mods/dragon_mounts_patches-1.0.0.jar
[19ago2025 19:07:56.226] [AutoModpackCreation-22/INFO] [AutoModpack/]: generated content for /mods/formations-1.0.4-forge-mc1.20.2.jar
[19ago2025 19:07:56.222] [AutoModpackCreation-14/INFO] [AutoModpack/]: generated content for /mods/lootintegrations_yungs-1.4.jar
[19ago2025 19:07:56.222] [AutoModpackCreation-20/INFO] [AutoModpack/]: generated content for /mods/supplementaries-1.20-3.1.36.jar
[19ago2025 19:07:56.222] [AutoModpackCreation-23/INFO] [AutoModpack/]: generated content for /mods/boatload-1.20.1-5.0.1.jar
[19ago2025 19:07:56.221] [AutoModpackCreation-4/INFO] [AutoModpack/]: generated content for /mods/formationsoverworld-1.0.4.jar
[19ago2025 19:07:56.214] [AutoModpackCreation-21/INFO] [AutoModpack/]: generated content for /mods/LeavesBeGone-v8.0.0-1.20.1-Forge.jar
[19ago2025 19:07:56.212] [AutoModpackCreation-19/INFO] [AutoModpack/]: generated content for /mods/underlay-1.20.1-v0.9.4-f.jar
[19ago2025 19:07:56.212] [AutoModpackCreation-10/INFO] [AutoModpack/]: generated content for /mods/chunkactivitytracker-forge-1.0.1-1.20.1.jar
[19ago2025 19:07:56.210] [AutoModpackCreation-15/INFO] [AutoModpack/]: generated content for /mods/sodiumoptionsmodcompat-forge-1.0.0-1.20.1.jar
[19ago2025 19:07:56.210] [AutoModpackCreation-16/INFO] [AutoModpack/]: generated content for /mods/Ping-Wheel-1.10.3-forge-1.20.1.jar
[19ago2025 19:07:56.210] [AutoModpackCreation-9/INFO] [AutoModpack/]: generated content for /mods/temporalapi-1.6.7.jar
[19ago2025 19:07:56.255] [AutoModpackCreation-19/INFO] [AutoModpack/]: generated content for /mods/dungeons-and-taverns-ancient-city-overhaul-1 [Forge].jar
[19ago2025 19:07:56.252] [AutoModpackCreation-21/INFO] [AutoModpack/]: generated content for /mods/LongerChatHistory-1.3-Forge.jar
[19ago2025 19:07:56.256] [AutoModpackCreation-10/INFO] [AutoModpack/]: generated content for /mods/ferritecore-6.0.1-forge.jar
[19ago2025 19:07:56.245] [AutoModpackCreation-5/INFO] [AutoModpack/]: generated content for /mods/YungsBetterDungeons-1.20-Forge-4.0.4.jar
[19ago2025 19:07:56.245] [AutoModpackCreation-14/INFO] [AutoModpack/]: generated content for /mods/athena-forge-1.20.1-3.1.2.jar
[19ago2025 19:07:56.243] [AutoModpackCreation-2/INFO] [AutoModpack/]: generated content for /mods/bmcpalegardenpatcher-0.1.0.jar
[19ago2025 19:07:56.243] [AutoModpackCreation-12/INFO] [AutoModpack/]: generated content for /mods/biomemusic-1.20.1-3.5.jar
[19ago2025 19:07:56.263] [AutoModpackCreation-19/INFO] [AutoModpack/]: generated content for /mods/Highlighter-1.20.1-forge-1.1.9.jar
[19ago2025 19:07:56.240] [AutoModpackCreation-3/INFO] [AutoModpack/]: generated content for /mods/Feature-Recycler-forge-1.0.1.jar
[19ago2025 19:07:56.237] [AutoModpackCreation-7/INFO] [AutoModpack/]: generated content for /mods/ResourcePackOverrides-v8.0.3-1.20.1-Forge.jar
[19ago2025 19:07:56.237] [AutoModpackCreation-18/INFO] [AutoModpack/]: generated content for /mods/gallery-1.20.1-1.0.3.jar
[19ago2025 19:07:56.236] [AutoModpackCreation-17/INFO] [AutoModpack/]: generated content for /mods/deeperdarker-forge-1.20.1-1.3.3.jar
[19ago2025 19:07:56.232] [AutoModpackCreation-13/INFO] [AutoModpack/]: generated content for /mods/goblintraders-forge-1.20.1-1.9.3.jar
[19ago2025 19:07:56.271] [AutoModpackCreation-5/INFO] [AutoModpack/]: generated content for /mods/BarteringStation-v8.0.0-1.20.1-Forge.jar
[19ago2025 19:07:56.270] [AutoModpackCreation-21/INFO] [AutoModpack/]: generated content for /mods/whatareyouvotingfor2023-1.20.1-1.2.5.jar
[19ago2025 19:07:56.274] [AutoModpackCreation-2/INFO] [AutoModpack/]: generated content for /mods/immersivelanterns-forge-1.0.6-1.20.1.jar
[19ago2025 19:07:56.268] [AutoModpackCreation-16/INFO] [AutoModpack/]: generated content for /mods/botarium-forge-1.20.1-2.3.3.jar
[19ago2025 19:07:56.267] [AutoModpackCreation-14/INFO] [AutoModpack/]: generated content for /mods/smarterfarmers-1.20-2.1.2.jar
[19ago2025 19:07:56.267] [AutoModpackCreation-20/INFO] [AutoModpack/]: generated content for /mods/MyNethersDelight-1.20.1-0.1.8.jar
[19ago2025 19:07:56.266] [AutoModpackCreation-19/INFO] [AutoModpack/]: generated content for /mods/betterend-crashed-ships-1.0.0.jar
[19ago2025 19:07:56.266] [AutoModpackCreation-9/INFO] [AutoModpack/]: generated content for /mods/smoothchunk-1.20.1-4.1.jar
[19ago2025 19:07:56.258] [AutoModpackCreation-4/INFO] [AutoModpack/]: generated content for /mods/backpacked-forge-1.20.1-3.0.0-beta.9.jar
[19ago2025 19:07:56.282] [AutoModpackCreation-18/INFO] [AutoModpack/]: generated content for /mods/geckolib-forge-1.20.1-4.7.3.jar
[19ago2025 19:07:56.281] [AutoModpackCreation-13/INFO] [AutoModpack/]: generated content for /mods/cerulean-forge-1.0.0-1.20.1.jar
[19ago2025 19:07:56.283] [AutoModpackCreation-16/INFO] [AutoModpack/]: generated content for /mods/cupboard-1.20.1-2.7.jar
[19ago2025 19:07:56.283] [AutoModpackCreation-2/INFO] [AutoModpack/]: generated content for /mods/YungsApi-1.20-Forge-4.0.6.jar
[19ago2025 19:07:56.278] [AutoModpackCreation-3/INFO] [AutoModpack/]: generated content for /mods/VisualWorkbench-v8.0.0-1.20.1-Forge.jar
[19ago2025 19:07:56.276] [AutoModpackCreation-1/INFO] [AutoModpack/]: generated content for /mods/better-end-4.0.11.jar
[19ago2025 19:07:56.273] [AutoModpackCreation-10/INFO] [AutoModpack/]: generated content for /mods/Structory_Towers_1.20.x_v1.0.7.jar
[19ago2025 19:07:56.285] [AutoModpackCreation-19/INFO] [AutoModpack/]: generated content for /mods/curios-forge-5.14.1+1.20.1.jar
[19ago2025 19:07:56.284] [AutoModpackCreation-8/INFO] [AutoModpack/]: generated content for /mods/Galosphere-1.20.1-1.4.1-Forge.jar
[19ago2025 19:07:56.283] [AutoModpackCreation-21/INFO] [AutoModpack/]: generated content for /mods/netherportalfix-forge-1.20-13.0.1.jar
[19ago2025 19:07:56.286] [AutoModpackCreation-20/INFO] [AutoModpack/]: generated content for /mods/does_it_tick-forge-1.1.4-1.20.1.jar
[19ago2025 19:07:56.292] [AutoModpackCreation-8/INFO] [AutoModpack/]: generated content for /mods/misctweaks-1.1.2+1.20.1.jar
[19ago2025 19:07:56.293] [AutoModpackCreation-1/INFO] [AutoModpack/]: generated content for /mods/mekanism-ad-astra-ores-forge-1.20.1-1.1.0.jar
[19ago2025 19:07:56.293] [AutoModpackCreation-3/INFO] [AutoModpack/]: generated content for /mods/gpumemleakfix-1.20.1-1.8.jar
[19ago2025 19:07:56.293] [AutoModpackCreation-20/INFO] [AutoModpack/]: generated content for /mods/Patchouli-1.20.1-84.1-FORGE.jar
[19ago2025 19:07:56.293] [AutoModpackCreation-5/INFO] [AutoModpack/]: generated content for /mods/chunksending-1.20.1-2.8.jar
[19ago2025 19:07:56.293] [AutoModpackCreation-18/INFO] [AutoModpack/]: generated content for /mods/abridged-2.0.0-forge-1.20.1.jar
[19ago2025 19:07:56.293] [AutoModpackCreation-21/INFO] [AutoModpack/]: generated content for /mods/Raided-1.20.1-0.1.4.jar
[19ago2025 19:07:56.295] [AutoModpackCreation-4/INFO] [AutoModpack/]: generated content for /mods/kubejs-forge-2001.6.5-build.16.jar
[19ago2025 19:07:56.296] [AutoModpackCreation-16/INFO] [AutoModpack/]: generated content for /mods/spark-1.10.53-forge.jar
[19ago2025 19:07:56.298] [AutoModpackCreation-24/INFO] [AutoModpack/]: generated content for /mods/Delightful-1.20.1-3.7.3.jar
[19ago2025 19:07:56.298] [AutoModpackCreation-1/INFO] [AutoModpack/]: generated content for /mods/EasyAnvils-v8.0.2-1.20.1-Forge.jar
[19ago2025 19:07:56.299] [AutoModpackCreation-20/INFO] [AutoModpack/]: generated content for /mods/XaerosWorldMap_1.39.12_Forge_1.20.jar
[19ago2025 19:07:56.300] [AutoModpackCreation-5/INFO] [AutoModpack/]: generated content for /mods/AutochefsDelight-1.20.1-Forge-1.0.7.jar
[19ago2025 19:07:56.301] [AutoModpackCreation-10/INFO] [AutoModpack/]: generated content for /mods/Connector-1.0.0-beta.46+1.20.1.jar
[19ago2025 19:07:56.301] [AutoModpackCreation-16/INFO] [AutoModpack/]: generated content for /mods/elytraslot-forge-6.4.4+1.20.1.jar
[19ago2025 19:07:56.302] [AutoModpackCreation-4/INFO] [AutoModpack/]: generated content for /mods/YungsBetterNetherFortresses-1.20-Forge-2.0.6.jar
[19ago2025 19:07:56.302] [AutoModpackCreation-24/INFO] [AutoModpack/]: generated content for /mods/TerraBlender-forge-1.20.1-3.0.1.10.jar
[19ago2025 19:07:56.305] [AutoModpackCreation-1/INFO] [AutoModpack/]: generated content for /mods/bclib-3.0.14.jar
[19ago2025 19:07:56.310] [AutoModpackCreation-24/INFO] [AutoModpack/]: generated content for /mods/balm-forge-1.20.1-7.3.33-all.jar
[19ago2025 19:07:56.311] [AutoModpackCreation-23/INFO] [AutoModpack/]: generated content for /mods/Quark-4.0-462.jar
[19ago2025 19:07:56.315] [AutoModpackCreation-1/INFO] [AutoModpack/]: generated content for /mods/xenon-0.3.31+mc1.20.1.jar
[19ago2025 19:07:56.315] [AutoModpackCreation-23/INFO] [AutoModpack/]: generated content for /mods/ash_api-forge-3.0.2+1.20.1.jar
[19ago2025 19:07:56.327] [AutoModpackCreation-18/INFO] [AutoModpack/]: generated content for /mods/better-nether-9.0.10.jar
[19ago2025 19:07:56.364] [AutoModpackCreation-23/INFO] [AutoModpack/]: generated content for /mods/BiomesOPlenty-forge-1.20.1-19.0.0.96.jar
[19ago2025 19:07:56.418] [AutoModpackCreation-11/INFO] [AutoModpack/]: generated content for /mods/L_Enders_Cataclysm-3.08.jar
[19ago2025 19:07:56.426] [modloading-worker-0/INFO] [AutoModpack/]: Modpack generated! took 2421ms
[19ago2025 19:07:56.431] [modloading-worker-0/INFO] [AutoModpack/]: AutoModpack launched! took 2441ms
[19ago2025 19:07:56.643] [main/INFO] [net.minecraft.resources.RegistryDataLoader/]: Capturing existing worldgen registries
[19ago2025 19:07:56.644] [main/INFO] [net.minecraft.resources.RegistryDataLoader/]: Found 2 injected RegistryDataLoader worldgen registries
[19ago2025 19:07:57.436] [main/INFO] [snownee.kiwi.Kiwi/INIT]: Module [snowrealmagic:core] initialized
[19ago2025 19:07:57.437] [main/INFO] [snownee.kiwi.Kiwi/INIT]: 		block: 7, block_entity_type: 2, entity_type: 1, loot_pool_entry_type: 1
[19ago2025 19:07:57.438] [main/INFO] [snownee.kiwi.Kiwi/INIT]: Module [kiwi:block_templates] initialized
[19ago2025 19:07:57.438] [main/INFO] [snownee.kiwi.Kiwi/INIT]: Module [kiwi:block_components] initialized
[19ago2025 19:07:57.438] [main/INFO] [snownee.kiwi.Kiwi/INIT]: Module [kiwi:data] initialized
[19ago2025 19:07:57.438] [main/INFO] [snownee.kiwi.Kiwi/INIT]: 		recipe_serializer: 3
[19ago2025 19:07:57.438] [main/INFO] [snownee.kiwi.Kiwi/INIT]: Module [kiwi:item_templates] initialized
[19ago2025 19:07:58.183] [main/INFO] [Diagonal Blocks/]: Constructing shapes for ForgeDiagonalWallBlock[NodeWidth=0.0,ExtensionWidth=3.0,NodeTop=24.0,ExtensionBottom=0.0,ExtensionTop=24.0] took 18ms
[19ago2025 19:07:58.218] [main/INFO] [Diagonal Blocks/]: Constructing shapes for ForgeDiagonalWallBlock[NodeWidth=0.0,ExtensionWidth=3.0,NodeTop=0.0,ExtensionBottom=0.0,ExtensionTop=14.0] took 33ms
[19ago2025 19:07:58.259] [main/INFO] [Diagonal Blocks/]: Constructing shapes for ForgeDiagonalWallBlock[NodeWidth=4.0,ExtensionWidth=3.0,NodeTop=16.0,ExtensionBottom=0.0,ExtensionTop=14.0] took 37ms
[19ago2025 19:07:58.272] [main/INFO] [Diagonal Blocks/]: Constructing shapes for ForgeDiagonalWallBlock[NodeWidth=4.0,ExtensionWidth=3.0,NodeTop=24.0,ExtensionBottom=0.0,ExtensionTop=24.0] took 11ms
[19ago2025 19:07:58.388] [main/INFO] [Diagonal Blocks/]: Constructing shapes for ForgeDiagonalFenceBlock[NodeWidth=2.0,ExtensionWidth=2.0,NodeTop=24.0,ExtensionBottom=0.0,ExtensionTop=24.0] took 10ms
[19ago2025 19:07:58.409] [main/INFO] [Diagonal Blocks/]: Constructing shapes for ForgeDiagonalFenceBlock[NodeWidth=2.0,ExtensionWidth=2.0,NodeTop=16.0,ExtensionBottom=0.0,ExtensionTop=16.0] took 19ms
[19ago2025 19:07:58.462] [main/INFO] [Diagonal Blocks/]: Constructing shapes for ForgeDiagonalFenceBlock[NodeWidth=2.0,ExtensionWidth=1.0,NodeTop=16.0,ExtensionBottom=6.0,ExtensionTop=15.0] took 51ms
[19ago2025 19:08:00.120] [main/ERROR] [net.minecraftforge.fml.loading.RuntimeDistCleaner/DISTXFORM]: Attempted to load class com/mojang/blaze3d/vertex/PoseStack for invalid dist DEDICATED_SERVER
[19ago2025 19:08:00.120] [main/WARN] [Radium Class Analysis/]: Radium Class Analysis Error: Class net.mehvahdjukaar.supplementaries.common.block.blocks.CannonBlock cannot be analysed, because getting declared methods crashes with RuntimeException: Attempted to load class com/mojang/blaze3d/vertex/PoseStack for invalid dist DEDICATED_SERVER. This is usually caused by modded entities declaring methods that have a return type or parameter type that is annotated with @OnlyIn(Dist.CLIENT). Loading the type is not possible, because it only exists in the CLIENT environment. The recommended fix is to annotate the method with this argument or return type with the same annotation. Lithium handles this error by assuming the class cannot be included in some optimizations.
[19ago2025 19:08:00.121] [main/ERROR] [net.minecraftforge.fml.loading.RuntimeDistCleaner/DISTXFORM]: Attempted to load class com/mojang/blaze3d/vertex/PoseStack for invalid dist DEDICATED_SERVER
[19ago2025 19:08:00.121] [main/WARN] [Radium Class Analysis/]: Radium Class Analysis Error: Class net.mehvahdjukaar.supplementaries.common.block.blocks.CannonBlock cannot be analysed, because getting declared methods crashes with RuntimeException: Attempted to load class com/mojang/blaze3d/vertex/PoseStack for invalid dist DEDICATED_SERVER. This is usually caused by modded entities declaring methods that have a return type or parameter type that is annotated with @OnlyIn(Dist.CLIENT). Loading the type is not possible, because it only exists in the CLIENT environment. The recommended fix is to annotate the method with this argument or return type with the same annotation. Lithium handles this error by assuming the class cannot be included in some optimizations.
[19ago2025 19:08:00.713] [main/INFO] [net.mehvahdjukaar.vsc.VSC/]: Initialized slab sets in: 41 ms
[19ago2025 19:08:00.782] [main/INFO] [Moonlight/]: Initialized block sets in 110ms
[19ago2025 19:08:00.808] [main/INFO] [Every Compat/]: Registering Compat WoodType Blocks
[19ago2025 19:08:00.952] [main/INFO] [Every Compat/]: [module: another_furniture]: registered 289 WoodType blocks
[19ago2025 19:08:00.954] [main/INFO] [Every Compat/]: [module: backpacked]: registered 37 WoodType blocks
[19ago2025 19:08:01.342] [main/INFO] [Every Compat/]: [module: chipped]: registered 5804 WoodType blocks
[19ago2025 19:08:01.367] [main/INFO] [Every Compat/]: [module: decorative_blocks]: registered 168 WoodType blocks
[19ago2025 19:08:01.369] [main/INFO] [Every Compat/]: [module: farmersdelight]: registered 42 WoodType blocks
[19ago2025 19:08:01.370] [main/INFO] [Every Compat/]: [module: friendsandfoes]: registered 44 WoodType blocks
[19ago2025 19:08:01.482] [main/INFO] [Every Compat/]: [module: handcrafted]: registered 641 WoodType blocks
[19ago2025 19:08:01.489] [main/INFO] [Every Compat/]: [module: hearth_and_home]: registered 220 WoodType blocks
[19ago2025 19:08:01.809] [main/INFO] [Every Compat/]: [module: quark]: registered 225 WoodType blocks
[19ago2025 19:08:01.815] [main/INFO] [Every Compat/]: [module: twigs]: registered 44 WoodType blocks
[19ago2025 19:08:01.817] [main/INFO] [Every Compat/]: [module: villagersplus]: registered 37 WoodType blocks
[19ago2025 19:08:01.817] [main/INFO] [Every Compat/]: Registering Compat LeavesType Blocks
[19ago2025 19:08:02.032] [main/INFO] [Every Compat/]: [module: quark]: registered 195 LeavesType blocks
[19ago2025 19:08:02.920] [main/INFO] [ModernFix/]: Bypassed Mojang DFU
[19ago2025 19:08:02.920] [main/INFO] [ModernFix/]: Instantiating Mojang DFU
[19ago2025 19:08:03.676] [main/INFO] [ModdingLegacy/StructureGel/]: [structure_gel] Registering data for structure_gel:loot_table_alias
[19ago2025 19:08:03.683] [main/INFO] [ModdingLegacy/StructureGel/]: [structure_gel] Registering data for structure_gel:data_handler_type
[19ago2025 19:08:03.685] [main/INFO] [ModdingLegacy/StructureGel/]: [structure_gel] Registering data for structure_gel:dynamic_spawner
[19ago2025 19:08:03.686] [main/INFO] [ModdingLegacy/StructureGel/]: [structure_gel] Registering data for structure_gel:jigsaw_type
[19ago2025 19:08:03.717] [main/WARN] [net.minecraftforge.registries.ForgeRegistry/REGISTRIES]: Registry forge:global_loot_modifier_serializers: The object RecordCodec[UnitDecoder[vectorwing.farmersdelight.common.loot.modifier.AddItemModifier$$Lambda/0x0000016203a5cdd8@18e4921e] * Field[conditions: passthrough[flatXmapped]] * Field[item: net.minecraftforge.registries.ForgeRegistry$RegistryCodec@4f54d3d8] * OptionalFieldCodec[count: Int][xmapped]] has been registered twice for the same name farmersdelight:add_item.
[19ago2025 19:08:03.717] [main/WARN] [net.minecraftforge.registries.ForgeRegistry/REGISTRIES]: Registry forge:global_loot_modifier_serializers: The object RecordCodec[UnitDecoder[vectorwing.farmersdelight.common.loot.modifier.ReplaceItemModifier$$Lambda/0x0000016203a5d8c8@32f23592] * Field[conditions: passthrough[flatXmapped]] * Field[removed_item: net.minecraftforge.registries.ForgeRegistry$RegistryCodec@4f54d3d8] * Field[added_item: net.minecraftforge.registries.ForgeRegistry$RegistryCodec@4f54d3d8] * OptionalFieldCodec[count: Int][xmapped]] has been registered twice for the same name farmersdelight:replace_item.
[19ago2025 19:08:03.717] [main/WARN] [net.minecraftforge.registries.ForgeRegistry/REGISTRIES]: Registry forge:global_loot_modifier_serializers: The object RecordCodec[UnitDecoder[vectorwing.farmersdelight.common.loot.modifier.AddLootTableModifier$$Lambda/0x0000016203a5df68@6a241dda] * Field[conditions: passthrough[flatXmapped]] * Field[lootTable: String[comapFlatMapped]]] has been registered twice for the same name farmersdelight:add_loot_table.
[19ago2025 19:08:03.717] [main/WARN] [net.minecraftforge.registries.ForgeRegistry/REGISTRIES]: Registry forge:global_loot_modifier_serializers: The object RecordCodec[UnitDecoder[vectorwing.farmersdelight.common.loot.modifier.PastrySlicingModifier$$Lambda/0x0000016203a5e5e8@56ec06e2] * Field[conditions: passthrough[flatXmapped]] * Field[slice: net.minecraftforge.registries.ForgeRegistry$RegistryCodec@4f54d3d8]] has been registered twice for the same name farmersdelight:pastry_slicing.
[19ago2025 19:08:04.090] [main/INFO] [Puzzles Lib/]: Loading common config for stoneworks
[19ago2025 19:08:04.519] [modloading-worker-0/INFO] [mekanism.common.Mekanism/]: Version 10.4.16 initializing...
[19ago2025 19:08:04.532] [Forge Version Check/INFO] [net.minecraftforge.fml.VersionChecker/]: [easyanvils] Starting version check at https://raw.githubusercontent.com/Fuzss/modresources/main/update/easyanvils.json
[19ago2025 19:08:04.537] [modloading-worker-0/INFO] [com.biomemusic.BiomeMusic/]: biomemusic mod initialized
[19ago2025 19:08:04.537] [modloading-worker-0/INFO] [com.chunksending.ChunkSending/]: chunksending mod initialized
[19ago2025 19:08:04.538] [modloading-worker-0/INFO] [com.recipeessentials.RecipeEssentials/]: recipeessentials mod initialized
[19ago2025 19:08:04.538] [modloading-worker-0/INFO] [com.connectivity.Connectivity/]: Connectivity initialized
[19ago2025 19:08:04.538] [modloading-worker-0/INFO] [com.gpumemleakfix.Gpumemleakfix/]: gpumemleakfix mod initialized
[19ago2025 19:08:04.538] [modloading-worker-0/INFO] [com.structureessentials.StructureEssentials/]: structureessentials mod initialized
[19ago2025 19:08:04.540] [modloading-worker-0/INFO] [com.lootintegrations.LootintegrationsMod/]: lootintegrations mod initialized
[19ago2025 19:08:04.548] [modloading-worker-0/INFO] [mekanism.common.Mekanism/]: Loaded 'Mekanism: Generators' module.
[19ago2025 19:08:04.562] [Modding Legacy/conjurer_illager/Supporters thread/INFO] [ModdingLegacy/conjurer_illager/Supporter/]: Attempting to load the Modding Legacy supporters list from https://moddinglegacy.com/supporters-changelogs/supporters.txt
[19ago2025 19:08:04.578] [modloading-worker-0/INFO] [me.steinborn.krypton.mod.shared.Krypton/]: Compression will use Java, encryption will use Java
[19ago2025 19:08:04.579] [modloading-worker-0/INFO] [STDOUT/]: [toni.lib.TxniLib:onInitialize:75]: TxniLib onInitialize!
[19ago2025 19:08:04.582] [modloading-worker-0/ERROR] [patchouli/]: Failed to load book betternether:betternether_book defined by mod betternether, skipping
java.lang.IllegalArgumentException: Book betternether:betternether_book has use_resource_pack set to false. This behaviour was removed in 1.20. The book author should enable this flag and move all book contents clientside to /assets/, leaving the book.json in /data/. See https://vazkiimods.github.io/Patchouli/docs/upgrading/upgrade-guide-120 for details.
	at vazkii.patchouli.common.book.Book.<init>(Book.java:145) ~[Patchouli-1.20.1-84.1-FORGE.jar%23489!/:1.20.1-84.1-FORGE]
	at vazkii.patchouli.common.book.BookRegistry.loadBook(BookRegistry.java:90) ~[Patchouli-1.20.1-84.1-FORGE.jar%23489!/:1.20.1-84.1-FORGE]
	at vazkii.patchouli.common.book.BookRegistry.lambda$init$3(BookRegistry.java:75) ~[Patchouli-1.20.1-84.1-FORGE.jar%23489!/:1.20.1-84.1-FORGE]
	at java.util.HashMap.forEach(HashMap.java:1429) ~[?:?]
	at vazkii.patchouli.common.book.BookRegistry.init(BookRegistry.java:70) ~[Patchouli-1.20.1-84.1-FORGE.jar%23489!/:1.20.1-84.1-FORGE]
	at vazkii.patchouli.forge.common.ForgeModInitializer.onInitialize(ForgeModInitializer.java:76) ~[Patchouli-1.20.1-84.1-FORGE.jar%23489!/:1.20.1-84.1-FORGE]
	at vazkii.patchouli.forge.common.__ForgeModInitializer_onInitialize_FMLCommonSetupEvent.invoke(.dynamic) ~[Patchouli-1.20.1-84.1-FORGE.jar%23489!/:1.20.1-84.1-FORGE]
	at net.minecraftforge.eventbus.ASMEventHandler.invoke(ASMEventHandler.java:73) ~[eventbus-6.0.5.jar%2352!/:?]
	at net.minecraftforge.eventbus.EventBus.post(EventBus.java:315) ~[eventbus-6.0.5.jar%2352!/:?]
	at net.minecraftforge.eventbus.EventBus.post(EventBus.java:296) ~[eventbus-6.0.5.jar%2352!/:?]
	at net.minecraftforge.fml.javafmlmod.FMLModContainer.acceptEvent(FMLModContainer.java:121) ~[javafmllanguage-1.20.1-47.4.0.jar%23572!/:?]
	at net.minecraftforge.fml.ModContainer.lambda$buildTransitionHandler$5(ModContainer.java:127) ~[fmlcore-1.20.1-47.4.0.jar%23571!/:?]
	at java.util.concurrent.CompletableFuture$AsyncRun.run(CompletableFuture.java:1804) ~[?:?]
	at java.util.concurrent.CompletableFuture$AsyncRun.exec(CompletableFuture.java:1796) ~[?:?]
	at java.util.concurrent.ForkJoinTask.doExec(ForkJoinTask.java:387) ~[?:?]
	at java.util.concurrent.ForkJoinPool$WorkQueue.topLevelExec(ForkJoinPool.java:1310) ~[?:?]
	at java.util.concurrent.ForkJoinPool.scan(ForkJoinPool.java:1841) ~[?:?]
	at java.util.concurrent.ForkJoinPool.runWorker(ForkJoinPool.java:1806) ~[?:?]
	at java.util.concurrent.ForkJoinWorkerThread.run(ForkJoinWorkerThread.java:188) ~[?:?]
[19ago2025 19:08:04.603] [modloading-worker-0/WARN] [net.minecraftforge.common.ForgeConfigSpec/CORE]: Configuration file C:\Users\LucaS\OneDrive\Desktop\Server-Modpack-1.20.1\config\storagenetwork.toml is not correct. Correcting
[19ago2025 19:08:04.604] [modloading-worker-0/WARN] [net.minecraftforge.common.ForgeConfigSpec/CORE]: Incorrect key storagenetwork.facades.itemsNotAllowed was corrected from [minecraft:ladder, minecraft:double_plant, minecraft:waterlily, minecraft:torch, minecraft:*_torch, minecraft:redstone, minecraft:iron_bars, minecraft:chest, minecraft:ender_chest, minecraft:sculk_vein, minecraft:string, minecraft:vine, minecraft:rail, minecraft:*_rail, minecraft:brewing_stand, minecraft:*_dripleaf, minecraft:*_pane, minecraft:*_sapling, minecraft:*_sign, minecraft:*_door, minecraft:*_banner, minecraft:*_shulker_box, cyclic:*_pipe, cyclic:*_bars, storagenetwork:*] to its default, [minecraft:ladder, minecraft:double_plant, minecraft:waterlily, minecraft:torch, minecraft:*_torch, minecraft:redstone, minecraft:iron_bars, minecraft:chest, minecraft:ender_chest, minecraft:sculk_vein, minecraft:string, minecraft:vine, minecraft:rail, minecraft:*_rail, minecraft:brewing_stand, minecraft:*_dripleaf, minecraft:*_pane, minecraft:*_sapling, minecraft:*_sign, minecraft:*_door, minecraft:*_banner, minecraft:*_shulker_box, cyclic:*_pipe, cyclic:*_bars, storagenetwork:*]. 
[19ago2025 19:08:04.609] [Forge Version Check/INFO] [net.minecraftforge.fml.VersionChecker/]: [easyanvils] Found status: UP_TO_DATE Current: 8.0.2 Target: null
[19ago2025 19:08:04.609] [Forge Version Check/INFO] [net.minecraftforge.fml.VersionChecker/]: [mr_dungeons_andtavernsancientcityoverhaul] Starting version check at https://api.modrinth.com/updates/DNuNq5bb/forge_updates.json
[19ago2025 19:08:04.623] [modloading-worker-0/INFO] [mekanism.common.Mekanism/]: Fake player readout: UUID = 46e82cd0-d480-3d48-800a-77431ede078e, name = [Mekanism]
[19ago2025 19:08:04.623] [modloading-worker-0/INFO] [mekanism.common.Mekanism/]: Mod loaded.
[19ago2025 19:08:04.736] [main/INFO] [terrablender/]: Registered region minecraft:overworld to index 0 for type OVERWORLD
[19ago2025 19:08:04.736] [main/INFO] [terrablender/]: Registered region minecraft:nether to index 0 for type NETHER
[19ago2025 19:08:04.736] [main/INFO] [terrablender/]: Registered region biomesoplenty:overworld_primary to index 1 for type OVERWORLD
[19ago2025 19:08:04.736] [main/INFO] [terrablender/]: Registered region biomesoplenty:overworld_secondary to index 2 for type OVERWORLD
[19ago2025 19:08:04.736] [main/INFO] [terrablender/]: Registered region biomesoplenty:overworld_rare to index 3 for type OVERWORLD
[19ago2025 19:08:04.737] [main/INFO] [terrablender/]: Registered region biomesoplenty:nether_common to index 1 for type NETHER
[19ago2025 19:08:04.737] [main/INFO] [terrablender/]: Registered region biomesoplenty:nether_rare to index 2 for type NETHER
[19ago2025 19:08:04.746] [main/INFO] [zeta/]: Common setup: Performing initial refresh of zeta's config on thread 'main'
[19ago2025 19:08:04.746] [main/INFO] [zeta/]: 'zeta' is enabling Zeta's piston structure resolver.
[19ago2025 19:08:04.749] [main/INFO] [zeta/]: Waiting for server start before accepting filewatcher changes to zeta's config
[19ago2025 19:08:04.772] [main/INFO] [Framework/SYNCED_ENTITY_DATA]: Registered synced data key backpacked:unlock_tracker for minecraft:player
[19ago2025 19:08:04.772] [main/INFO] [Framework/SYNCED_ENTITY_DATA]: Registered synced data key backpacked:trader_pickpocketing for minecraft:wandering_trader
[19ago2025 19:08:04.853] [main/INFO] [terrablender/]: Registered region yungscavebiomes:overworld to index 4 for type OVERWORLD
[19ago2025 19:08:04.860] [main/WARN] [Every Compat/]: Chipped is installed. The mod on its own adds a ludicrous amount of blocks. With Every Compat this can easily explode. You have been warned
[19ago2025 19:08:04.860] [main/WARN] [Every Compat/]: Registered 7802 compat children making up 34,69% of total children registered
[19ago2025 19:08:04.861] [main/INFO] [Every Compat/]: Registered 7802 compat children making up 34,69% of total children registered
[19ago2025 19:08:04.862] [main/ERROR] [Every Compat/]: Every Compat registered children make up more than one third of your registered children, taking up memory and load time.
[19ago2025 19:08:04.862] [main/ERROR] [Every Compat/]: You might want to uninstall some mods, biggest offender was CHIPPED (5804 children)
[19ago2025 19:08:04.972] [main/INFO] [Moonlight/]: Initialized color sets in 105ms
[19ago2025 19:08:04.974] [main/INFO] [terrablender/]: Registered region quark:biome_provider to index 5 for type OVERWORLD
[19ago2025 19:08:04.974] [main/INFO] [quark-zeta/]: Common setup: Performing initial refresh of quark's config on thread 'main'
[19ago2025 19:08:04.990] [main/INFO] [quark-zeta/]: Waiting for server start before accepting filewatcher changes to quark's config
[19ago2025 19:08:05.022] [main/INFO] [Supplementaries/]: Finished mod setup in: [0, 5, 0, 0, 0, 0, 11, 10, 1] ms
[19ago2025 19:08:05.101] [Forge Version Check/INFO] [net.minecraftforge.fml.VersionChecker/]: [mr_dungeons_andtavernsancientcityoverhaul] Found status: OUTDATED Current: 1 Target: 1+mod
[19ago2025 19:08:05.101] [Forge Version Check/INFO] [net.minecraftforge.fml.VersionChecker/]: [resourcepackoverrides] Starting version check at https://raw.githubusercontent.com/Fuzss/modresources/main/update/resourcepackoverrides.json
[19ago2025 19:08:05.129] [Forge Version Check/INFO] [net.minecraftforge.fml.VersionChecker/]: [resourcepackoverrides] Found status: UP_TO_DATE Current: 8.0.3 Target: null
[19ago2025 19:08:05.129] [Forge Version Check/INFO] [net.minecraftforge.fml.VersionChecker/]: [sound_physics_remastered] Starting version check at https://update.maxhenkel.de/forge/sound_physics_remastered
[19ago2025 19:08:05.137] [modloading-worker-0/INFO] [xaero.minimap.XaeroMinimap/]: Loading Xaero's Minimap - Stage 1/2 (Server)
[19ago2025 19:08:05.138] [modloading-worker-0/INFO] [xaero.map.server.WorldMapServer/]: Loading Xaero's World Map - Stage 1/2 (Server)
[19ago2025 19:08:05.162] [main/INFO] [xaero.map.server.WorldMapServer/]: Loading Xaero's World Map - Stage 2/2 (Server)
[19ago2025 19:08:05.162] [main/INFO] [xaero.minimap.XaeroMinimap/]: Loading Xaero's Minimap - Stage 2/2 (Server)
[19ago2025 19:08:05.372] [Modding Legacy/conjurer_illager/Supporters thread/INFO] [ModdingLegacy/conjurer_illager/Supporter/]: Successfully loaded the Modding Legacy supporters list.
[19ago2025 19:08:05.474] [modloading-worker-0/INFO] [Jade/]: Start loading plugin at net.blay09.mods.balm.forge.compat.hudinfo.ForgeJadeModCompat
[19ago2025 19:08:05.476] [modloading-worker-0/INFO] [Jade/]: Start loading plugin at snownee.snow.compat.jade.JadeCompat
[19ago2025 19:08:05.477] [modloading-worker-0/INFO] [Jade/]: Start loading plugin at de.maxhenkel.corpse.integration.waila.PluginCorpse
[19ago2025 19:08:05.477] [modloading-worker-0/INFO] [Jade/]: Start loading plugin at snownee.kiwi.customization.compat.jade.JadeCompat
[19ago2025 19:08:05.477] [modloading-worker-0/INFO] [Jade/]: Start loading plugin at mekanism.common.integration.lookingat.jade.MekanismJadePlugin
[19ago2025 19:08:05.479] [modloading-worker-0/INFO] [Jade/]: Start loading plugin at net.blay09.mods.waystones.compat.JadeIntegration
[19ago2025 19:08:05.480] [modloading-worker-0/INFO] [Jade/]: Start loading plugin at snownee.jade.addon.vanilla.VanillaPlugin
[19ago2025 19:08:05.485] [modloading-worker-0/INFO] [Jade/]: Start loading plugin at snownee.jade.addon.universal.UniversalPlugin
[19ago2025 19:08:05.487] [modloading-worker-0/INFO] [Jade/]: Start loading plugin at snownee.jade.addon.core.CorePlugin
[19ago2025 19:08:05.488] [modloading-worker-0/INFO] [Jade/]: Start loading plugin at net.mehvahdjukaar.supplementaries.integration.JadeCompat
[19ago2025 19:08:05.488] [modloading-worker-0/INFO] [Jade/]: Start loading plugin at net.brnbrd.delightful.compat.jade.DelightfulJadePlugin
[19ago2025 19:08:05.523] [main/INFO] [citadel/]: adding citadel surface rules via terrablender...
[19ago2025 19:08:05.523] [main/INFO] [citadel/]: Added 0 vanilla biome surface rule types via terrablender
[19ago2025 19:08:05.523] [main/INFO] [citadel/]: Added 0 modded biome surface rule types via terrablender
[19ago2025 19:08:06.405] [Forge Version Check/INFO] [net.minecraftforge.fml.VersionChecker/]: [sound_physics_remastered] Found status: OUTDATED Current: 1.20.1-1.4.10 Target: 1.20.1-1.4.15
[19ago2025 19:08:06.405] [Forge Version Check/INFO] [net.minecraftforge.fml.VersionChecker/]: [leavesbegone] Starting version check at https://raw.githubusercontent.com/Fuzss/modresources/main/update/leavesbegone.json
[19ago2025 19:08:06.429] [Forge Version Check/INFO] [net.minecraftforge.fml.VersionChecker/]: [leavesbegone] Found status: UP_TO_DATE Current: 8.0.0 Target: null
[19ago2025 19:08:06.429] [Forge Version Check/INFO] [net.minecraftforge.fml.VersionChecker/]: [structure_gel] Starting version check at http://changelogs.moddinglegacy.com/structure-gel.json
[19ago2025 19:08:06.885] [Forge Version Check/INFO] [net.minecraftforge.fml.VersionChecker/]: [structure_gel] Found status: BETA Current: 2.16.2 Target: null
[19ago2025 19:08:06.885] [Forge Version Check/INFO] [net.minecraftforge.fml.VersionChecker/]: [corpse] Starting version check at https://update.maxhenkel.de/forge/corpse
[19ago2025 19:08:06.913] [main/INFO] [com.mojang.authlib.yggdrasil.YggdrasilAuthenticationService/]: Environment: authHost='https://authserver.mojang.com', accountsHost='https://api.mojang.com', sessionHost='https://sessionserver.mojang.com', servicesHost='https://api.minecraftservices.com', name='PROD'
[19ago2025 19:08:07.174] [Forge Version Check/INFO] [net.minecraftforge.fml.VersionChecker/]: [corpse] Found status: AHEAD Current: 1.20.1-1.0.21 Target: null
[19ago2025 19:08:07.174] [Forge Version Check/INFO] [net.minecraftforge.fml.VersionChecker/]: [climaterivers] Starting version check at https://raw.githubusercontent.com/Fuzss/modresources/main/update/climaterivers.json
[19ago2025 19:08:07.198] [Forge Version Check/INFO] [net.minecraftforge.fml.VersionChecker/]: [climaterivers] Found status: UP_TO_DATE Current: 20.1.0 Target: null
[19ago2025 19:08:07.198] [Forge Version Check/INFO] [net.minecraftforge.fml.VersionChecker/]: [highlighter] Starting version check at https://mc-update-check.anthonyhilyard.com/521590
[19ago2025 19:08:07.991] [Forge Version Check/INFO] [net.minecraftforge.fml.VersionChecker/]: [highlighter] Found status: UP_TO_DATE Current: 1.1.9 Target: null
[19ago2025 19:08:07.991] [Forge Version Check/INFO] [net.minecraftforge.fml.VersionChecker/]: [searchables] Starting version check at https://updates.blamejared.com/get?n=searchables&gv=1.20.1
[19ago2025 19:08:07.992] [main/INFO] [org.betterx.worlds.together.util.Logger/]: [DataFixerAPI] Applying Patch{betternether:5.3.5:21020677}
[19ago2025 19:08:07.993] [main/INFO] [org.betterx.worlds.together.util.Logger/]: [DataFixerAPI] Applying Patch{betternether:8.2.2:33587202}
[19ago2025 19:08:07.993] [main/INFO] [org.betterx.worlds.together.util.Logger/]: [DataFixerAPI] Applying Patch{betternether:9.0.1:37748737}
[19ago2025 19:08:07.993] [main/INFO] [org.betterx.worlds.together.util.Logger/]: [DataFixerAPI] Applying Patch{bclib:3.0.11:12582923}
[19ago2025 19:08:07.993] [main/INFO] [org.betterx.worlds.together.util.Logger/]: [bclib] Running Pre Patchers on .\world\.
[19ago2025 19:08:08.029] [main/WARN] [org.betterx.worlds.together.util.Logger/]: [bclib] Applying Fixes on Level
[19ago2025 19:08:08.030] [main/INFO] [org.betterx.worlds.together.util.Logger/]: [bclib] Patcher Stage... message.bclib.datafixer.progress.reading%
[19ago2025 19:08:08.101] [main/INFO] [org.betterx.worlds.together.util.Logger/]: [bclib] Patcher Stage... message.bclib.datafixer.progress.players%
[19ago2025 19:08:08.103] [main/INFO] [org.betterx.worlds.together.util.Logger/]: [DataFixerAPI] Inspecting .\world\.\playerdata\a25699af-ad03-3714-8f4a-2fa1fa4655c5.dat
[19ago2025 19:08:08.104] [ForkJoinPool.commonPool-worker-1/INFO] [org.betterx.worlds.together.util.Logger/]: [DataFixerAPI] Inspecting .\world\.\playerdata\67e1a190-fc1d-3771-969c-217216caf553.dat
[19ago2025 19:08:08.104] [ForkJoinPool.commonPool-worker-3/INFO] [org.betterx.worlds.together.util.Logger/]: [DataFixerAPI] Inspecting .\world\.\playerdata\46998091-05e6-3b36-8e3b-c4a8d11f2acd.dat
[19ago2025 19:08:08.104] [ForkJoinPool.commonPool-worker-2/INFO] [org.betterx.worlds.together.util.Logger/]: [DataFixerAPI] Inspecting .\world\.\playerdata\c544d2d9-d3a6-304f-bed3-192ed40ff7b1.dat
[19ago2025 19:08:08.104] [ForkJoinPool.commonPool-worker-4/INFO] [org.betterx.worlds.together.util.Logger/]: [DataFixerAPI] Inspecting .\world\.\playerdata\a6dc4e1e-57bf-3f69-9af1-fc210388aee7.dat
[19ago2025 19:08:08.104] [ForkJoinPool.commonPool-worker-5/INFO] [org.betterx.worlds.together.util.Logger/]: [DataFixerAPI] Inspecting .\world\.\playerdata\6bdae331-7a34-3bac-9157-d462f513295b.dat
[19ago2025 19:08:08.104] [ForkJoinPool.commonPool-worker-6/INFO] [org.betterx.worlds.together.util.Logger/]: [DataFixerAPI] Inspecting .\world\.\playerdata\9792e412-1260-3f79-be76-e15625b99b6e.dat
[19ago2025 19:08:08.130] [main/INFO] [org.betterx.worlds.together.util.Logger/]: [bclib] Patcher Stage... message.bclib.datafixer.progress.level%
[19ago2025 19:08:08.130] [main/INFO] [org.betterx.worlds.together.util.Logger/]: [DataFixerAPI] Inspecting level.dat in .\world\.
[19ago2025 19:08:08.130] [main/INFO] [org.betterx.worlds.together.util.Logger/]: [bclib] Patcher Stage... message.bclib.datafixer.progress.worlddata%
[19ago2025 19:08:08.130] [main/INFO] [org.betterx.worlds.together.util.Logger/]: [bclib] Patcher Stage... message.bclib.datafixer.progress.regions%
[19ago2025 19:08:08.132] [main/INFO] [org.betterx.worlds.together.util.Logger/]: [DataFixerAPI] Inspecting .\world\.\region\r.-1.-11.mca
[19ago2025 19:08:08.132] [ForkJoinPool.commonPool-worker-5/INFO] [org.betterx.worlds.together.util.Logger/]: [DataFixerAPI] Inspecting .\world\.\entities\r.3.1.mca
[19ago2025 19:08:08.132] [ForkJoinPool.commonPool-worker-6/INFO] [org.betterx.worlds.together.util.Logger/]: [DataFixerAPI] Inspecting .\world\.\region\r.2.-5.mca
[19ago2025 19:08:08.132] [ForkJoinPool.commonPool-worker-2/INFO] [org.betterx.worlds.together.util.Logger/]: [DataFixerAPI] Inspecting .\world\.\poi\r.1.-6.mca
[19ago2025 19:08:08.132] [ForkJoinPool.commonPool-worker-4/INFO] [org.betterx.worlds.together.util.Logger/]: [DataFixerAPI] Inspecting .\world\.\poi\r.2.-6.mca
[19ago2025 19:08:08.132] [ForkJoinPool.commonPool-worker-1/INFO] [org.betterx.worlds.together.util.Logger/]: [DataFixerAPI] Inspecting .\world\.\poi\r.0.-10.mca
[19ago2025 19:08:08.132] [ForkJoinPool.commonPool-worker-10/INFO] [org.betterx.worlds.together.util.Logger/]: [DataFixerAPI] Inspecting .\world\.\region\r.0.1.mca
[19ago2025 19:08:08.132] [ForkJoinPool.commonPool-worker-7/INFO] [org.betterx.worlds.together.util.Logger/]: [DataFixerAPI] Inspecting .\world\.\region\r.0.-12.mca
[19ago2025 19:08:08.132] [ForkJoinPool.commonPool-worker-3/INFO] [org.betterx.worlds.together.util.Logger/]: [DataFixerAPI] Inspecting .\world\.\entities\r.-2.-7.mca
[19ago2025 19:08:08.132] [ForkJoinPool.commonPool-worker-11/INFO] [org.betterx.worlds.together.util.Logger/]: [DataFixerAPI] Inspecting .\world\.\region\r.1.-6.mca
[19ago2025 19:08:08.132] [ForkJoinPool.commonPool-worker-8/INFO] [org.betterx.worlds.together.util.Logger/]: [DataFixerAPI] Inspecting .\world\.\region\r.3.1.mca
[19ago2025 19:08:08.132] [ForkJoinPool.commonPool-worker-9/INFO] [org.betterx.worlds.together.util.Logger/]: [DataFixerAPI] Inspecting .\world\.\DIM-1\region\r.2.0.mca
[19ago2025 19:08:08.143] [ForkJoinPool.commonPool-worker-9/INFO] [org.betterx.worlds.together.util.Logger/]: [DataFixerAPI] Inspecting .\world\.\entities\r.-1.-1.mca
[19ago2025 19:08:08.144] [ForkJoinPool.commonPool-worker-7/INFO] [org.betterx.worlds.together.util.Logger/]: [DataFixerAPI] Inspecting .\world\.\region\r.0.-2.mca
[19ago2025 19:08:08.144] [ForkJoinPool.commonPool-worker-4/INFO] [org.betterx.worlds.together.util.Logger/]: [DataFixerAPI] Inspecting .\world\.\poi\r.2.-7.mca
[19ago2025 19:08:08.143] [ForkJoinPool.commonPool-worker-3/INFO] [org.betterx.worlds.together.util.Logger/]: [DataFixerAPI] Inspecting .\world\.\entities\r.-2.-9.mca
[19ago2025 19:08:08.144] [ForkJoinPool.commonPool-worker-2/INFO] [org.betterx.worlds.together.util.Logger/]: [DataFixerAPI] Inspecting .\world\.\poi\r.1.-7.mca
[19ago2025 19:08:08.144] [ForkJoinPool.commonPool-worker-6/INFO] [org.betterx.worlds.together.util.Logger/]: [DataFixerAPI] Inspecting .\world\.\region\r.2.-6.mca
[19ago2025 19:08:08.144] [ForkJoinPool.commonPool-worker-1/INFO] [org.betterx.worlds.together.util.Logger/]: [DataFixerAPI] Inspecting .\world\.\poi\r.0.-11.mca
[19ago2025 19:08:08.146] [ForkJoinPool.commonPool-worker-4/INFO] [org.betterx.worlds.together.util.Logger/]: [DataFixerAPI] Inspecting .\world\.\poi\r.2.-8.mca
[19ago2025 19:08:08.148] [ForkJoinPool.commonPool-worker-1/INFO] [org.betterx.worlds.together.util.Logger/]: [DataFixerAPI] Inspecting .\world\.\poi\r.0.-12.mca
[19ago2025 19:08:08.148] [ForkJoinPool.commonPool-worker-3/INFO] [org.betterx.worlds.together.util.Logger/]: [DataFixerAPI] Inspecting .\world\.\entities\r.0.-1.mca
[19ago2025 19:08:08.149] [ForkJoinPool.commonPool-worker-2/INFO] [org.betterx.worlds.together.util.Logger/]: [DataFixerAPI] Inspecting .\world\.\poi\r.1.-8.mca
[19ago2025 19:08:08.149] [ForkJoinPool.commonPool-worker-1/INFO] [org.betterx.worlds.together.util.Logger/]: [DataFixerAPI] Inspecting .\world\.\poi\r.0.-2.mca
[19ago2025 19:08:08.150] [ForkJoinPool.commonPool-worker-4/INFO] [org.betterx.worlds.together.util.Logger/]: [DataFixerAPI] Inspecting .\world\.\poi\r.2.-9.mca
[19ago2025 19:08:08.152] [ForkJoinPool.commonPool-worker-2/INFO] [org.betterx.worlds.together.util.Logger/]: [DataFixerAPI] Inspecting .\world\.\poi\r.1.-9.mca
[19ago2025 19:08:08.152] [ForkJoinPool.commonPool-worker-1/INFO] [org.betterx.worlds.together.util.Logger/]: [DataFixerAPI] Inspecting .\world\.\poi\r.-2.-8.mca
[19ago2025 19:08:08.155] [ForkJoinPool.commonPool-worker-4/INFO] [org.betterx.worlds.together.util.Logger/]: [DataFixerAPI] Inspecting .\world\.\poi\r.2.-2.mca
[19ago2025 19:08:08.155] [ForkJoinPool.commonPool-worker-5/INFO] [org.betterx.worlds.together.util.Logger/]: [DataFixerAPI] Inspecting .\world\.\entities\r.4.-1.mca
[19ago2025 19:08:08.155] [ForkJoinPool.commonPool-worker-1/INFO] [org.betterx.worlds.together.util.Logger/]: [DataFixerAPI] Inspecting .\world\.\poi\r.-2.-9.mca
[19ago2025 19:08:08.156] [ForkJoinPool.commonPool-worker-2/INFO] [org.betterx.worlds.together.util.Logger/]: [DataFixerAPI] Inspecting .\world\.\poi\r.1.0.mca
[19ago2025 19:08:08.157] [ForkJoinPool.commonPool-worker-4/INFO] [org.betterx.worlds.together.util.Logger/]: [DataFixerAPI] Inspecting .\world\.\poi\r.2.-3.mca
[19ago2025 19:08:08.158] [ForkJoinPool.commonPool-worker-1/INFO] [org.betterx.worlds.together.util.Logger/]: [DataFixerAPI] Inspecting .\world\.\poi\r.0.-1.mca
[19ago2025 19:08:08.160] [ForkJoinPool.commonPool-worker-4/INFO] [org.betterx.worlds.together.util.Logger/]: [DataFixerAPI] Inspecting .\world\.\poi\r.2.-4.mca
[19ago2025 19:08:08.160] [ForkJoinPool.commonPool-worker-2/INFO] [org.betterx.worlds.together.util.Logger/]: [DataFixerAPI] Inspecting .\world\.\poi\r.1.1.mca
[19ago2025 19:08:08.162] [ForkJoinPool.commonPool-worker-1/INFO] [org.betterx.worlds.together.util.Logger/]: [DataFixerAPI] Inspecting .\world\.\poi\r.0.-7.mca
[19ago2025 19:08:08.164] [ForkJoinPool.commonPool-worker-2/INFO] [org.betterx.worlds.together.util.Logger/]: [DataFixerAPI] Inspecting .\world\.\poi\r.2.-1.mca
[19ago2025 19:08:08.164] [ForkJoinPool.commonPool-worker-5/INFO] [org.betterx.worlds.together.util.Logger/]: [DataFixerAPI] Inspecting .\world\.\entities\r.4.-2.mca
[19ago2025 19:08:08.164] [ForkJoinPool.commonPool-worker-4/INFO] [org.betterx.worlds.together.util.Logger/]: [DataFixerAPI] Inspecting .\world\.\poi\r.3.-3.mca
[19ago2025 19:08:08.213] [ForkJoinPool.commonPool-worker-1/INFO] [org.betterx.worlds.together.util.Logger/]: [DataFixerAPI] Inspecting .\world\.\poi\r.0.-8.mca
[19ago2025 19:08:08.214] [ForkJoinPool.commonPool-worker-4/INFO] [org.betterx.worlds.together.util.Logger/]: [DataFixerAPI] Inspecting .\world\.\poi\r.3.-4.mca
[19ago2025 19:08:08.214] [ForkJoinPool.commonPool-worker-2/INFO] [org.betterx.worlds.together.util.Logger/]: [DataFixerAPI] Inspecting .\world\.\poi\r.1.-2.mca
[19ago2025 19:08:08.215] [ForkJoinPool.commonPool-worker-5/INFO] [org.betterx.worlds.together.util.Logger/]: [DataFixerAPI] Inspecting .\world\.\entities\r.4.0.mca
[19ago2025 19:08:08.216] [ForkJoinPool.commonPool-worker-4/INFO] [org.betterx.worlds.together.util.Logger/]: [DataFixerAPI] Inspecting .\world\.\poi\r.3.0.mca
[19ago2025 19:08:08.217] [ForkJoinPool.commonPool-worker-1/INFO] [org.betterx.worlds.together.util.Logger/]: [DataFixerAPI] Inspecting .\world\.\poi\r.0.-9.mca
[19ago2025 19:08:08.220] [ForkJoinPool.commonPool-worker-2/INFO] [org.betterx.worlds.together.util.Logger/]: [DataFixerAPI] Inspecting .\world\.\poi\r.1.-3.mca
[19ago2025 19:08:08.220] [ForkJoinPool.commonPool-worker-5/INFO] [org.betterx.worlds.together.util.Logger/]: [DataFixerAPI] Inspecting .\world\.\entities\r.3.-2.mca
[19ago2025 19:08:08.220] [ForkJoinPool.commonPool-worker-4/INFO] [org.betterx.worlds.together.util.Logger/]: [DataFixerAPI] Inspecting .\world\.\poi\r.3.1.mca
[19ago2025 19:08:08.222] [ForkJoinPool.commonPool-worker-1/INFO] [org.betterx.worlds.together.util.Logger/]: [DataFixerAPI] Inspecting .\world\.\poi\r.0.0.mca
[19ago2025 19:08:08.224] [ForkJoinPool.commonPool-worker-2/INFO] [org.betterx.worlds.together.util.Logger/]: [DataFixerAPI] Inspecting .\world\.\poi\r.1.-4.mca
[19ago2025 19:08:08.224] [ForkJoinPool.commonPool-worker-4/INFO] [org.betterx.worlds.together.util.Logger/]: [DataFixerAPI] Inspecting .\world\.\poi\r.2.0.mca
[19ago2025 19:08:08.226] [ForkJoinPool.commonPool-worker-9/INFO] [org.betterx.worlds.together.util.Logger/]: [DataFixerAPI] Inspecting .\world\.\entities\r.-1.-10.mca
[19ago2025 19:08:08.226] [ForkJoinPool.commonPool-worker-5/INFO] [org.betterx.worlds.together.util.Logger/]: [DataFixerAPI] Inspecting .\world\.\entities\r.3.-3.mca
[19ago2025 19:08:08.226] [ForkJoinPool.commonPool-worker-1/INFO] [org.betterx.worlds.together.util.Logger/]: [DataFixerAPI] Inspecting .\world\.\poi\r.0.-3.mca
[19ago2025 19:08:08.227] [ForkJoinPool.commonPool-worker-4/INFO] [org.betterx.worlds.together.util.Logger/]: [DataFixerAPI] Inspecting .\world\.\poi\r.2.1.mca
[19ago2025 19:08:08.227] [ForkJoinPool.commonPool-worker-2/INFO] [org.betterx.worlds.together.util.Logger/]: [DataFixerAPI] Inspecting .\world\.\poi\r.1.-5.mca
[19ago2025 19:08:08.230] [ForkJoinPool.commonPool-worker-5/INFO] [org.betterx.worlds.together.util.Logger/]: [DataFixerAPI] Inspecting .\world\.\entities\r.3.0.mca
[19ago2025 19:08:08.230] [ForkJoinPool.commonPool-worker-1/INFO] [org.betterx.worlds.together.util.Logger/]: [DataFixerAPI] Inspecting .\world\.\poi\r.0.-4.mca
[19ago2025 19:08:08.230] [ForkJoinPool.commonPool-worker-4/INFO] [org.betterx.worlds.together.util.Logger/]: [DataFixerAPI] Inspecting .\world\.\poi\r.3.-1.mca
[19ago2025 19:08:08.231] [ForkJoinPool.commonPool-worker-2/INFO] [org.betterx.worlds.together.util.Logger/]: [DataFixerAPI] Inspecting .\world\.\poi\r.0.1.mca
[19ago2025 19:08:08.232] [ForkJoinPool.commonPool-worker-4/INFO] [org.betterx.worlds.together.util.Logger/]: [DataFixerAPI] Inspecting .\world\.\poi\r.3.-2.mca
[19ago2025 19:08:08.232] [ForkJoinPool.commonPool-worker-1/INFO] [org.betterx.worlds.together.util.Logger/]: [DataFixerAPI] Inspecting .\world\.\poi\r.0.-5.mca
[19ago2025 19:08:08.234] [ForkJoinPool.commonPool-worker-2/INFO] [org.betterx.worlds.together.util.Logger/]: [DataFixerAPI] Inspecting .\world\.\poi\r.1.-1.mca
[19ago2025 19:08:08.235] [ForkJoinPool.commonPool-worker-4/INFO] [org.betterx.worlds.together.util.Logger/]: [DataFixerAPI] Inspecting .\world\.\region\r.-2.-10.mca
[19ago2025 19:08:08.236] [ForkJoinPool.commonPool-worker-2/INFO] [org.betterx.worlds.together.util.Logger/]: [DataFixerAPI] Inspecting .\world\.\poi\r.1.-10.mca
[19ago2025 19:08:08.238] [ForkJoinPool.commonPool-worker-1/INFO] [org.betterx.worlds.together.util.Logger/]: [DataFixerAPI] Inspecting .\world\.\poi\r.0.-6.mca
[19ago2025 19:08:08.239] [ForkJoinPool.commonPool-worker-2/INFO] [org.betterx.worlds.together.util.Logger/]: [DataFixerAPI] Inspecting .\world\.\region\r.-1.0.mca
[19ago2025 19:08:08.241] [ForkJoinPool.commonPool-worker-1/INFO] [org.betterx.worlds.together.util.Logger/]: [DataFixerAPI] Inspecting .\world\.\poi\r.-2.-1.mca
[19ago2025 19:08:08.242] [ForkJoinPool.commonPool-worker-1/INFO] [org.betterx.worlds.together.util.Logger/]: [DataFixerAPI] Inspecting .\world\.\poi\r.-2.-10.mca
[19ago2025 19:08:08.245] [ForkJoinPool.commonPool-worker-1/INFO] [org.betterx.worlds.together.util.Logger/]: [DataFixerAPI] Inspecting .\world\.\poi\r.-2.-11.mca
[19ago2025 19:08:08.245] [ForkJoinPool.commonPool-worker-3/INFO] [org.betterx.worlds.together.util.Logger/]: [DataFixerAPI] Inspecting .\world\.\entities\r.0.-10.mca
[19ago2025 19:08:08.247] [ForkJoinPool.commonPool-worker-1/INFO] [org.betterx.worlds.together.util.Logger/]: [DataFixerAPI] Inspecting .\world\.\poi\r.-2.-2.mca
[19ago2025 19:08:08.249] [ForkJoinPool.commonPool-worker-3/INFO] [org.betterx.worlds.together.util.Logger/]: [DataFixerAPI] Inspecting .\world\.\entities\r.0.-11.mca
[19ago2025 19:08:08.251] [ForkJoinPool.commonPool-worker-5/INFO] [org.betterx.worlds.together.util.Logger/]: [DataFixerAPI] Inspecting .\world\.\poi\r.-1.-12.mca
[19ago2025 19:08:08.251] [ForkJoinPool.commonPool-worker-1/INFO] [org.betterx.worlds.together.util.Logger/]: [DataFixerAPI] Inspecting .\world\.\poi\r.-2.-3.mca
[19ago2025 19:08:08.254] [ForkJoinPool.commonPool-worker-5/INFO] [org.betterx.worlds.together.util.Logger/]: [DataFixerAPI] Inspecting .\world\.\poi\r.-1.-2.mca
[19ago2025 19:08:08.254] [ForkJoinPool.commonPool-worker-3/INFO] [org.betterx.worlds.together.util.Logger/]: [DataFixerAPI] Inspecting .\world\.\entities\r.0.-2.mca
[19ago2025 19:08:08.255] [ForkJoinPool.commonPool-worker-1/INFO] [org.betterx.worlds.together.util.Logger/]: [DataFixerAPI] Inspecting .\world\.\poi\r.-2.-6.mca
[19ago2025 19:08:08.257] [ForkJoinPool.commonPool-worker-5/INFO] [org.betterx.worlds.together.util.Logger/]: [DataFixerAPI] Inspecting .\world\.\poi\r.-1.-3.mca
[19ago2025 19:08:08.258] [ForkJoinPool.commonPool-worker-1/INFO] [org.betterx.worlds.together.util.Logger/]: [DataFixerAPI] Inspecting .\world\.\poi\r.-2.-7.mca
[19ago2025 19:08:08.259] [ForkJoinPool.commonPool-worker-5/INFO] [org.betterx.worlds.together.util.Logger/]: [DataFixerAPI] Inspecting .\world\.\poi\r.-1.-4.mca
[19ago2025 19:08:08.260] [ForkJoinPool.commonPool-worker-1/INFO] [org.betterx.worlds.together.util.Logger/]: [DataFixerAPI] Inspecting .\world\.\poi\r.-1.-8.mca
[19ago2025 19:08:08.262] [ForkJoinPool.commonPool-worker-5/INFO] [org.betterx.worlds.together.util.Logger/]: [DataFixerAPI] Inspecting .\world\.\entities\r.4.1.mca
[19ago2025 19:08:08.264] [ForkJoinPool.commonPool-worker-1/INFO] [org.betterx.worlds.together.util.Logger/]: [DataFixerAPI] Inspecting .\world\.\poi\r.-1.-9.mca
[19ago2025 19:08:08.267] [ForkJoinPool.commonPool-worker-1/INFO] [org.betterx.worlds.together.util.Logger/]: [DataFixerAPI] Inspecting .\world\.\poi\r.-1.0.mca
[19ago2025 19:08:08.267] [ForkJoinPool.commonPool-worker-5/INFO] [org.betterx.worlds.together.util.Logger/]: [DataFixerAPI] Inspecting .\world\.\poi\r.-1.-1.mca
[19ago2025 19:08:08.270] [ForkJoinPool.commonPool-worker-1/INFO] [org.betterx.worlds.together.util.Logger/]: [DataFixerAPI] Inspecting .\world\.\poi\r.-1.1.mca
[19ago2025 19:08:08.270] [ForkJoinPool.commonPool-worker-9/INFO] [org.betterx.worlds.together.util.Logger/]: [DataFixerAPI] Inspecting .\world\.\entities\r.-1.-11.mca
[19ago2025 19:08:08.270] [ForkJoinPool.commonPool-worker-5/INFO] [org.betterx.worlds.together.util.Logger/]: [DataFixerAPI] Inspecting .\world\.\poi\r.-1.-10.mca
[19ago2025 19:08:08.271] [ForkJoinPool.commonPool-worker-1/INFO] [org.betterx.worlds.together.util.Logger/]: [DataFixerAPI] Inspecting .\world\.\poi\r.-1.-5.mca
[19ago2025 19:08:08.273] [ForkJoinPool.commonPool-worker-5/INFO] [org.betterx.worlds.together.util.Logger/]: [DataFixerAPI] Inspecting .\world\.\poi\r.-1.-11.mca
[19ago2025 19:08:08.273] [ForkJoinPool.commonPool-worker-1/INFO] [org.betterx.worlds.together.util.Logger/]: [DataFixerAPI] Inspecting .\world\.\poi\r.-1.-6.mca
[19ago2025 19:08:08.276] [ForkJoinPool.commonPool-worker-1/INFO] [org.betterx.worlds.together.util.Logger/]: [DataFixerAPI] Inspecting .\world\.\poi\r.-1.-7.mca
[19ago2025 19:08:08.276] [ForkJoinPool.commonPool-worker-5/INFO] [org.betterx.worlds.together.util.Logger/]: [DataFixerAPI] Inspecting .\world\.\entities\r.2.-6.mca
[19ago2025 19:08:08.277] [ForkJoinPool.commonPool-worker-1/INFO] [org.betterx.worlds.together.util.Logger/]: [DataFixerAPI] Inspecting .\world\.\entities\r.2.-1.mca
[19ago2025 19:08:08.280] [ForkJoinPool.commonPool-worker-5/INFO] [org.betterx.worlds.together.util.Logger/]: [DataFixerAPI] Inspecting .\world\.\entities\r.2.-7.mca
[19ago2025 19:08:08.284] [ForkJoinPool.commonPool-worker-3/INFO] [org.betterx.worlds.together.util.Logger/]: [DataFixerAPI] Inspecting .\world\.\entities\r.0.-3.mca
[19ago2025 19:08:08.292] [ForkJoinPool.commonPool-worker-9/INFO] [org.betterx.worlds.together.util.Logger/]: [DataFixerAPI] Inspecting .\world\.\DIM-1\region\r.1.-1.mca
[19ago2025 19:08:08.294] [ForkJoinPool.commonPool-worker-5/INFO] [org.betterx.worlds.together.util.Logger/]: [DataFixerAPI] Inspecting .\world\.\entities\r.2.-8.mca
[19ago2025 19:08:08.296] [ForkJoinPool.commonPool-worker-9/INFO] [org.betterx.worlds.together.util.Logger/]: [DataFixerAPI] Inspecting .\world\.\DIM-1\region\r.1.0.mca
[19ago2025 19:08:08.296] [ForkJoinPool.commonPool-worker-1/INFO] [org.betterx.worlds.together.util.Logger/]: [DataFixerAPI] Inspecting .\world\.\entities\r.2.-2.mca
[19ago2025 19:08:08.299] [ForkJoinPool.commonPool-worker-9/INFO] [org.betterx.worlds.together.util.Logger/]: [DataFixerAPI] Inspecting .\world\.\DIM-1\region\r.2.-1.mca
[19ago2025 19:08:08.300] [ForkJoinPool.commonPool-worker-9/INFO] [org.betterx.worlds.together.util.Logger/]: [DataFixerAPI] Inspecting .\world\.\entities\r.-1.-6.mca
[19ago2025 19:08:08.306] [ForkJoinPool.commonPool-worker-5/INFO] [org.betterx.worlds.together.util.Logger/]: [DataFixerAPI] Inspecting .\world\.\entities\r.2.-9.mca
[19ago2025 19:08:08.310] [ForkJoinPool.commonPool-worker-3/INFO] [org.betterx.worlds.together.util.Logger/]: [DataFixerAPI] Inspecting .\world\.\entities\r.-2.-10.mca
[19ago2025 19:08:08.311] [ForkJoinPool.commonPool-worker-5/INFO] [org.betterx.worlds.together.util.Logger/]: [DataFixerAPI] Inspecting .\world\.\entities\r.2.0.mca
[19ago2025 19:08:08.311] [ForkJoinPool.commonPool-worker-1/INFO] [org.betterx.worlds.together.util.Logger/]: [DataFixerAPI] Inspecting .\world\.\entities\r.2.-3.mca
[19ago2025 19:08:08.313] [ForkJoinPool.commonPool-worker-3/INFO] [org.betterx.worlds.together.util.Logger/]: [DataFixerAPI] Inspecting .\world\.\entities\r.-2.-11.mca
[19ago2025 19:08:08.314] [ForkJoinPool.commonPool-worker-9/INFO] [org.betterx.worlds.together.util.Logger/]: [DataFixerAPI] Inspecting .\world\.\entities\r.-1.-7.mca
[19ago2025 19:08:08.317] [ForkJoinPool.commonPool-worker-1/INFO] [org.betterx.worlds.together.util.Logger/]: [DataFixerAPI] Inspecting .\world\.\entities\r.2.-4.mca
[19ago2025 19:08:08.317] [ForkJoinPool.commonPool-worker-3/INFO] [org.betterx.worlds.together.util.Logger/]: [DataFixerAPI] Inspecting .\world\.\entities\r.-2.-2.mca
[19ago2025 19:08:08.319] [ForkJoinPool.commonPool-worker-3/INFO] [org.betterx.worlds.together.util.Logger/]: [DataFixerAPI] Inspecting .\world\.\entities\r.-2.-6.mca
[19ago2025 19:08:08.322] [ForkJoinPool.commonPool-worker-3/INFO] [org.betterx.worlds.together.util.Logger/]: [DataFixerAPI] Inspecting .\world\.\entities\r.-1.0.mca
[19ago2025 19:08:08.322] [ForkJoinPool.commonPool-worker-5/INFO] [org.betterx.worlds.together.util.Logger/]: [DataFixerAPI] Inspecting .\world\.\entities\r.2.1.mca
[19ago2025 19:08:08.324] [ForkJoinPool.commonPool-worker-5/INFO] [org.betterx.worlds.together.util.Logger/]: [DataFixerAPI] Inspecting .\world\.\entities\r.3.-1.mca
[19ago2025 19:08:08.327] [ForkJoinPool.commonPool-worker-1/INFO] [org.betterx.worlds.together.util.Logger/]: [DataFixerAPI] Inspecting .\world\.\entities\r.1.-8.mca
[19ago2025 19:08:08.360] [ForkJoinPool.commonPool-worker-9/INFO] [org.betterx.worlds.together.util.Logger/]: [DataFixerAPI] Inspecting .\world\.\entities\r.-1.-8.mca
[19ago2025 19:08:08.361] [ForkJoinPool.commonPool-worker-3/INFO] [org.betterx.worlds.together.util.Logger/]: [DataFixerAPI] Inspecting .\world\.\entities\r.-1.1.mca
[19ago2025 19:08:08.368] [ForkJoinPool.commonPool-worker-4/INFO] [org.betterx.worlds.together.util.Logger/]: [DataFixerAPI] Inspecting .\world\.\region\r.-2.-11.mca
[19ago2025 19:08:08.370] [ForkJoinPool.commonPool-worker-9/INFO] [org.betterx.worlds.together.util.Logger/]: [DataFixerAPI] Inspecting .\world\.\entities\r.-1.-9.mca
[19ago2025 19:08:08.371] [ForkJoinPool.commonPool-worker-3/INFO] [org.betterx.worlds.together.util.Logger/]: [DataFixerAPI] Inspecting .\world\.\entities\r.-2.-1.mca
[19ago2025 19:08:08.372] [ForkJoinPool.commonPool-worker-5/INFO] [org.betterx.worlds.together.util.Logger/]: [DataFixerAPI] Inspecting .\world\.\poi\r.4.0.mca
[19ago2025 19:08:08.373] [ForkJoinPool.commonPool-worker-3/INFO] [org.betterx.worlds.together.util.Logger/]: [DataFixerAPI] Inspecting .\world\.\entities\r.0.1.mca
[19ago2025 19:08:08.375] [ForkJoinPool.commonPool-worker-5/INFO] [org.betterx.worlds.together.util.Logger/]: [DataFixerAPI] Inspecting .\world\.\poi\r.4.1.mca
[19ago2025 19:08:08.377] [ForkJoinPool.commonPool-worker-5/INFO] [org.betterx.worlds.together.util.Logger/]: [DataFixerAPI] Inspecting .\world\.\region\r.-1.-1.mca
[19ago2025 19:08:08.379] [ForkJoinPool.commonPool-worker-3/INFO] [org.betterx.worlds.together.util.Logger/]: [DataFixerAPI] Inspecting .\world\.\entities\r.1.-1.mca
[19ago2025 19:08:08.386] [ForkJoinPool.commonPool-worker-1/INFO] [org.betterx.worlds.together.util.Logger/]: [DataFixerAPI] Inspecting .\world\.\entities\r.1.-9.mca
[19ago2025 19:08:08.390] [ForkJoinPool.commonPool-worker-9/INFO] [org.betterx.worlds.together.util.Logger/]: [DataFixerAPI] Inspecting .\world\.\entities\r.-1.-2.mca
[19ago2025 19:08:08.400] [ForkJoinPool.commonPool-worker-3/INFO] [org.betterx.worlds.together.util.Logger/]: [DataFixerAPI] Inspecting .\world\.\entities\r.1.-2.mca
[19ago2025 19:08:08.406] [ForkJoinPool.commonPool-worker-9/INFO] [org.betterx.worlds.together.util.Logger/]: [DataFixerAPI] Inspecting .\world\.\entities\r.-1.-3.mca
[19ago2025 19:08:08.407] [ForkJoinPool.commonPool-worker-1/INFO] [org.betterx.worlds.together.util.Logger/]: [DataFixerAPI] Inspecting .\world\.\entities\r.1.0.mca
[19ago2025 19:08:08.417] [ForkJoinPool.commonPool-worker-3/INFO] [org.betterx.worlds.together.util.Logger/]: [DataFixerAPI] Inspecting .\world\.\entities\r.1.-3.mca
[19ago2025 19:08:08.422] [ForkJoinPool.commonPool-worker-6/INFO] [org.betterx.worlds.together.util.Logger/]: [DataFixerAPI] Inspecting .\world\.\region\r.2.-7.mca
[19ago2025 19:08:08.424] [ForkJoinPool.commonPool-worker-9/INFO] [org.betterx.worlds.together.util.Logger/]: [DataFixerAPI] Inspecting .\world\.\entities\r.-1.-4.mca
[19ago2025 19:08:08.428] [ForkJoinPool.commonPool-worker-1/INFO] [org.betterx.worlds.together.util.Logger/]: [DataFixerAPI] Inspecting .\world\.\poi\r.4.-1.mca
[19ago2025 19:08:08.432] [ForkJoinPool.commonPool-worker-1/INFO] [org.betterx.worlds.together.util.Logger/]: [DataFixerAPI] Inspecting .\world\.\poi\r.4.-2.mca
[19ago2025 19:08:08.433] [ForkJoinPool.commonPool-worker-1/INFO] [org.betterx.worlds.together.util.Logger/]: [DataFixerAPI] Inspecting .\world\.\poi\r.4.-3.mca
[19ago2025 19:08:08.434] [ForkJoinPool.commonPool-worker-1/INFO] [org.betterx.worlds.together.util.Logger/]: [DataFixerAPI] Inspecting .\world\.\entities\r.0.-7.mca
[19ago2025 19:08:08.440] [ForkJoinPool.commonPool-worker-3/INFO] [org.betterx.worlds.together.util.Logger/]: [DataFixerAPI] Inspecting .\world\.\entities\r.1.-4.mca
[19ago2025 19:08:08.441] [ForkJoinPool.commonPool-worker-9/INFO] [org.betterx.worlds.together.util.Logger/]: [DataFixerAPI] Inspecting .\world\.\entities\r.-1.-5.mca
[19ago2025 19:08:08.446] [ForkJoinPool.commonPool-worker-4/INFO] [org.betterx.worlds.together.util.Logger/]: [DataFixerAPI] Inspecting .\world\.\region\r.-2.-12.mca
[19ago2025 19:08:08.448] [ForkJoinPool.commonPool-worker-4/INFO] [org.betterx.worlds.together.util.Logger/]: [DataFixerAPI] Inspecting .\world\.\region\r.-2.-2.mca
[19ago2025 19:08:08.452] [ForkJoinPool.commonPool-worker-3/INFO] [org.betterx.worlds.together.util.Logger/]: [DataFixerAPI] Inspecting .\world\.\entities\r.1.-5.mca
[19ago2025 19:08:08.457] [ForkJoinPool.commonPool-worker-3/INFO] [org.betterx.worlds.together.util.Logger/]: [DataFixerAPI] Inspecting .\world\.\entities\r.1.-6.mca
[19ago2025 19:08:08.457] [ForkJoinPool.commonPool-worker-9/INFO] [org.betterx.worlds.together.util.Logger/]: [DataFixerAPI] Inspecting .\world\.\DIM-1\poi\r.0.-1.mca
[19ago2025 19:08:08.459] [ForkJoinPool.commonPool-worker-9/INFO] [org.betterx.worlds.together.util.Logger/]: [DataFixerAPI] Inspecting .\world\.\DIM-1\poi\r.0.0.mca
[19ago2025 19:08:08.463] [ForkJoinPool.commonPool-worker-9/INFO] [org.betterx.worlds.together.util.Logger/]: [DataFixerAPI] Inspecting .\world\.\DIM-1\poi\r.1.0.mca
[19ago2025 19:08:08.465] [ForkJoinPool.commonPool-worker-9/INFO] [org.betterx.worlds.together.util.Logger/]: [DataFixerAPI] Inspecting .\world\.\DIM-1\region\r.-1.-1.mca
[19ago2025 19:08:08.474] [ForkJoinPool.commonPool-worker-9/INFO] [org.betterx.worlds.together.util.Logger/]: [DataFixerAPI] Inspecting .\world\.\DIM-1\region\r.-1.0.mca
[19ago2025 19:08:08.474] [ForkJoinPool.commonPool-worker-1/INFO] [org.betterx.worlds.together.util.Logger/]: [DataFixerAPI] Inspecting .\world\.\entities\r.0.-8.mca
[19ago2025 19:08:08.479] [ForkJoinPool.commonPool-worker-3/INFO] [org.betterx.worlds.together.util.Logger/]: [DataFixerAPI] Inspecting .\world\.\entities\r.1.-7.mca
[19ago2025 19:08:08.487] [ForkJoinPool.commonPool-worker-4/INFO] [org.betterx.worlds.together.util.Logger/]: [DataFixerAPI] Inspecting .\world\.\region\r.-2.-3.mca
[19ago2025 19:08:08.492] [ForkJoinPool.commonPool-worker-4/INFO] [org.betterx.worlds.together.util.Logger/]: [DataFixerAPI] Inspecting .\world\.\region\r.-2.-4.mca
[19ago2025 19:08:08.495] [ForkJoinPool.commonPool-worker-4/INFO] [org.betterx.worlds.together.util.Logger/]: [DataFixerAPI] Inspecting .\world\.\region\r.-2.-5.mca
[19ago2025 19:08:08.498] [ForkJoinPool.commonPool-worker-4/INFO] [org.betterx.worlds.together.util.Logger/]: [DataFixerAPI] Inspecting .\world\.\region\r.-2.-6.mca
[19ago2025 19:08:08.503] [ForkJoinPool.commonPool-worker-1/INFO] [org.betterx.worlds.together.util.Logger/]: [DataFixerAPI] Inspecting .\world\.\entities\r.0.-9.mca
[19ago2025 19:08:08.507] [ForkJoinPool.commonPool-worker-3/INFO] [org.betterx.worlds.together.util.Logger/]: [DataFixerAPI] Inspecting .\world\.\region\r.-1.-3.mca
[19ago2025 19:08:08.509] [ForkJoinPool.commonPool-worker-9/INFO] [org.betterx.worlds.together.util.Logger/]: [DataFixerAPI] Inspecting .\world\.\DIM-1\region\r.0.-1.mca
[19ago2025 19:08:08.519] [ForkJoinPool.commonPool-worker-1/INFO] [org.betterx.worlds.together.util.Logger/]: [DataFixerAPI] Inspecting .\world\.\entities\r.0.0.mca
[19ago2025 19:08:08.524] [ForkJoinPool.commonPool-worker-8/INFO] [org.betterx.worlds.together.util.Logger/]: [DataFixerAPI] Inspecting .\world\.\region\r.4.-1.mca
[19ago2025 19:08:08.534] [ForkJoinPool.commonPool-worker-4/INFO] [org.betterx.worlds.together.util.Logger/]: [DataFixerAPI] Inspecting .\world\.\region\r.1.-2.mca
[19ago2025 19:08:08.550] [ForkJoinPool.commonPool-worker-1/INFO] [org.betterx.worlds.together.util.Logger/]: [DataFixerAPI] Inspecting .\world\.\entities\r.0.-4.mca
[19ago2025 19:08:08.570] [ForkJoinPool.commonPool-worker-1/INFO] [org.betterx.worlds.together.util.Logger/]: [DataFixerAPI] Inspecting .\world\.\entities\r.0.-5.mca
[19ago2025 19:08:08.599] [ForkJoinPool.commonPool-worker-1/INFO] [org.betterx.worlds.together.util.Logger/]: [DataFixerAPI] Inspecting .\world\.\entities\r.0.-6.mca
[19ago2025 19:08:08.600] [ForkJoinPool.commonPool-worker-10/INFO] [org.betterx.worlds.together.util.Logger/]: [DataFixerAPI] Inspecting .\world\.\region\r.0.2.mca
[19ago2025 19:08:08.602] [ForkJoinPool.commonPool-worker-10/INFO] [org.betterx.worlds.together.util.Logger/]: [DataFixerAPI] Inspecting .\world\.\region\r.1.-1.mca
[19ago2025 19:08:08.615] [ForkJoinPool.commonPool-worker-2/INFO] [org.betterx.worlds.together.util.Logger/]: [DataFixerAPI] Inspecting .\world\.\region\r.-1.1.mca
[19ago2025 19:08:08.615] [ForkJoinPool.commonPool-worker-9/INFO] [org.betterx.worlds.together.util.Logger/]: [DataFixerAPI] Inspecting .\world\.\DIM-1\region\r.0.0.mca
[19ago2025 19:08:08.636] [ForkJoinPool.commonPool-worker-1/INFO] [org.betterx.worlds.together.util.Logger/]: [DataFixerAPI] Inspecting .\world\.\region\r.-1.-7.mca
[19ago2025 19:08:08.778] [ForkJoinPool.commonPool-worker-2/INFO] [org.betterx.worlds.together.util.Logger/]: [DataFixerAPI] Inspecting .\world\.\region\r.-1.2.mca
[19ago2025 19:08:08.779] [ForkJoinPool.commonPool-worker-6/INFO] [org.betterx.worlds.together.util.Logger/]: [DataFixerAPI] Inspecting .\world\.\region\r.2.-8.mca
[19ago2025 19:08:08.782] [ForkJoinPool.commonPool-worker-2/INFO] [org.betterx.worlds.together.util.Logger/]: [DataFixerAPI] Inspecting .\world\.\region\r.-2.-1.mca
[19ago2025 19:08:08.814] [ForkJoinPool.commonPool-worker-9/INFO] [org.betterx.worlds.together.util.Logger/]: [DataFixerAPI] Inspecting .\world\.\DIM-1\entities\r.0.0.mca
[19ago2025 19:08:08.824] [ForkJoinPool.commonPool-worker-8/INFO] [org.betterx.worlds.together.util.Logger/]: [DataFixerAPI] Inspecting .\world\.\region\r.4.-2.mca
[19ago2025 19:08:08.825] [ForkJoinPool.commonPool-worker-9/INFO] [org.betterx.worlds.together.util.Logger/]: [DataFixerAPI] Inspecting .\world\.\DIM-1\entities\r.1.0.mca
[19ago2025 19:08:08.827] [ForkJoinPool.commonPool-worker-9/INFO] [org.betterx.worlds.together.util.Logger/]: [DataFixerAPI] Inspecting .\world\.\DIM-1\poi\r.-1.-1.mca
[19ago2025 19:08:08.829] [ForkJoinPool.commonPool-worker-9/INFO] [org.betterx.worlds.together.util.Logger/]: [DataFixerAPI] Inspecting .\world\.\DIM-1\poi\r.-1.0.mca
[19ago2025 19:08:08.831] [ForkJoinPool.commonPool-worker-9/INFO] [org.betterx.worlds.together.util.Logger/]: [DataFixerAPI] Inspecting .\world\.\DIM-1\entities\r.-1.-1.mca
[19ago2025 19:08:08.832] [ForkJoinPool.commonPool-worker-9/INFO] [org.betterx.worlds.together.util.Logger/]: [DataFixerAPI] Inspecting .\world\.\DIM-1\entities\r.-1.0.mca
[19ago2025 19:08:08.834] [ForkJoinPool.commonPool-worker-9/INFO] [org.betterx.worlds.together.util.Logger/]: [DataFixerAPI] Inspecting .\world\.\DIM-1\entities\r.0.-1.mca
[19ago2025 19:08:08.840] [main/INFO] [org.betterx.worlds.together.util.Logger/]: [DataFixerAPI] Inspecting .\world\.\region\r.-1.-12.mca
[19ago2025 19:08:08.841] [ForkJoinPool.commonPool-worker-9/INFO] [org.betterx.worlds.together.util.Logger/]: [DataFixerAPI] Inspecting .\world\.\region\r.2.-10.mca
[19ago2025 19:08:08.842] [main/INFO] [org.betterx.worlds.together.util.Logger/]: [DataFixerAPI] Inspecting .\world\.\region\r.-1.-2.mca
[19ago2025 19:08:08.842] [ForkJoinPool.commonPool-worker-9/INFO] [org.betterx.worlds.together.util.Logger/]: [DataFixerAPI] Inspecting .\world\.\region\r.2.-2.mca
[19ago2025 19:08:08.849] [ForkJoinPool.commonPool-worker-2/INFO] [org.betterx.worlds.together.util.Logger/]: [DataFixerAPI] Inspecting .\world\.\region\r.1.0.mca
[19ago2025 19:08:08.857] [ForkJoinPool.commonPool-worker-8/INFO] [org.betterx.worlds.together.util.Logger/]: [DataFixerAPI] Inspecting .\world\.\region\r.4.-3.mca
[19ago2025 19:08:08.859] [ForkJoinPool.commonPool-worker-8/INFO] [org.betterx.worlds.together.util.Logger/]: [DataFixerAPI] Inspecting .\world\.\region\r.4.0.mca
[19ago2025 19:08:08.918] [ForkJoinPool.commonPool-worker-3/INFO] [org.betterx.worlds.together.util.Logger/]: [DataFixerAPI] Inspecting .\world\.\region\r.-1.-4.mca
[19ago2025 19:08:08.921] [Forge Version Check/INFO] [net.minecraftforge.fml.VersionChecker/]: [searchables] Found status: BETA Current: 1.0.3 Target: 1.0.3
[19ago2025 19:08:08.922] [Forge Version Check/INFO] [net.minecraftforge.fml.VersionChecker/]: [netherchested] Starting version check at https://raw.githubusercontent.com/Fuzss/modresources/main/update/netherchested.json
[19ago2025 19:08:08.930] [ForkJoinPool.commonPool-worker-11/INFO] [org.betterx.worlds.together.util.Logger/]: [DataFixerAPI] Inspecting .\world\.\region\r.1.-7.mca
[19ago2025 19:08:08.949] [Forge Version Check/INFO] [net.minecraftforge.fml.VersionChecker/]: [netherchested] Found status: UP_TO_DATE Current: 8.0.4 Target: null
[19ago2025 19:08:08.949] [Forge Version Check/INFO] [net.minecraftforge.fml.VersionChecker/]: [radium] Starting version check at https://api.modrinth.com/updates/radium/forge_updates.json
[19ago2025 19:08:08.958] [ForkJoinPool.commonPool-worker-7/INFO] [org.betterx.worlds.together.util.Logger/]: [DataFixerAPI] Inspecting .\world\.\region\r.0.-3.mca
[19ago2025 19:08:08.987] [ForkJoinPool.commonPool-worker-5/INFO] [org.betterx.worlds.together.util.Logger/]: [DataFixerAPI] Inspecting .\world\.\region\r.-1.-10.mca
[19ago2025 19:08:09.013] [ForkJoinPool.commonPool-worker-1/INFO] [org.betterx.worlds.together.util.Logger/]: [DataFixerAPI] Inspecting .\world\.\region\r.-1.-8.mca
[19ago2025 19:08:09.094] [ForkJoinPool.commonPool-worker-8/INFO] [org.betterx.worlds.together.util.Logger/]: [bclib] Patching... 78%
[19ago2025 19:08:09.095] [ForkJoinPool.commonPool-worker-8/INFO] [org.betterx.worlds.together.util.Logger/]: [DataFixerAPI] Inspecting .\world\.\region\r.4.1.mca
[19ago2025 19:08:09.137] [ForkJoinPool.commonPool-worker-4/INFO] [org.betterx.worlds.together.util.Logger/]: [DataFixerAPI] Inspecting .\world\.\region\r.1.-3.mca
[19ago2025 19:08:09.154] [Forge Version Check/INFO] [net.minecraftforge.fml.VersionChecker/]: [radium] Found status: AHEAD Current: 0.12.4+git.26c9d8e Target: null
[19ago2025 19:08:09.165] [Forge Version Check/INFO] [net.minecraftforge.fml.VersionChecker/]: [stylisheffects] Starting version check at https://raw.githubusercontent.com/Fuzss/modresources/main/update/stylisheffects.json
[19ago2025 19:08:09.172] [ForkJoinPool.commonPool-worker-6/INFO] [org.betterx.worlds.together.util.Logger/]: [DataFixerAPI] Inspecting .\world\.\region\r.2.-9.mca
[19ago2025 19:08:09.184] [ForkJoinPool.commonPool-worker-10/INFO] [org.betterx.worlds.together.util.Logger/]: [DataFixerAPI] Inspecting .\world\.\region\r.1.-10.mca
[19ago2025 19:08:09.192] [ForkJoinPool.commonPool-worker-10/INFO] [org.betterx.worlds.together.util.Logger/]: [DataFixerAPI] Inspecting .\world\.\region\r.0.-8.mca
[19ago2025 19:08:09.194] [Forge Version Check/INFO] [net.minecraftforge.fml.VersionChecker/]: [stylisheffects] Found status: UP_TO_DATE Current: 8.0.2 Target: null
[19ago2025 19:08:09.206] [Forge Version Check/INFO] [net.minecraftforge.fml.VersionChecker/]: [puzzlesapi] Starting version check at https://raw.githubusercontent.com/Fuzss/modresources/main/update/puzzlesapi.json
[19ago2025 19:08:09.219] [ForkJoinPool.commonPool-worker-8/INFO] [org.betterx.worlds.together.util.Logger/]: [DataFixerAPI] Inspecting .\world\.\region\r.5.-1.mca
[19ago2025 19:08:09.224] [ForkJoinPool.commonPool-worker-8/INFO] [org.betterx.worlds.together.util.Logger/]: [DataFixerAPI] Inspecting .\world\.\region\r.5.0.mca
[19ago2025 19:08:09.229] [ForkJoinPool.commonPool-worker-8/INFO] [org.betterx.worlds.together.util.Logger/]: [DataFixerAPI] Inspecting .\world\.\region\r.3.-5.mca
[19ago2025 19:08:09.235] [ForkJoinPool.commonPool-worker-8/INFO] [org.betterx.worlds.together.util.Logger/]: [DataFixerAPI] Inspecting .\world\.\region\r.3.-7.mca
[19ago2025 19:08:09.237] [ForkJoinPool.commonPool-worker-8/INFO] [org.betterx.worlds.together.util.Logger/]: [DataFixerAPI] Inspecting .\world\.\region\r.3.-8.mca
[19ago2025 19:08:09.239] [ForkJoinPool.commonPool-worker-8/INFO] [org.betterx.worlds.together.util.Logger/]: [DataFixerAPI] Inspecting .\world\.\region\r.3.0.mca
[19ago2025 19:08:09.248] [Forge Version Check/INFO] [net.minecraftforge.fml.VersionChecker/]: [puzzlesapi] Found status: BETA Current: 8.1.7 Target: null
[19ago2025 19:08:09.263] [Forge Version Check/INFO] [net.minecraftforge.fml.VersionChecker/]: [visualworkbench] Starting version check at https://raw.githubusercontent.com/Fuzss/modresources/main/update/visualworkbench.json
[19ago2025 19:08:09.289] [Forge Version Check/INFO] [net.minecraftforge.fml.VersionChecker/]: [visualworkbench] Found status: OUTDATED Current: 8.0.0 Target: 8.0.1
[19ago2025 19:08:09.290] [Forge Version Check/INFO] [net.minecraftforge.fml.VersionChecker/]: [goblintraders] Starting version check at https://mrcrayfish.com/modupdatejson?id=goblintraders
[19ago2025 19:08:09.300] [ForkJoinPool.commonPool-worker-3/INFO] [org.betterx.worlds.together.util.Logger/]: [DataFixerAPI] Inspecting .\world\.\region\r.-1.-5.mca
[19ago2025 19:08:09.323] [ForkJoinPool.commonPool-worker-2/INFO] [org.betterx.worlds.together.util.Logger/]: [DataFixerAPI] Inspecting .\world\.\region\r.1.1.mca
[19ago2025 19:08:09.325] [ForkJoinPool.commonPool-worker-2/INFO] [org.betterx.worlds.together.util.Logger/]: [DataFixerAPI] Inspecting .\world\.\region\r.2.-1.mca
[19ago2025 19:08:09.386] [ForkJoinPool.commonPool-worker-6/INFO] [org.betterx.worlds.together.util.Logger/]: [DataFixerAPI] Inspecting .\world\.\region\r.2.0.mca
[19ago2025 19:08:09.389] [ForkJoinPool.commonPool-worker-9/WARN] [net.minecraft.world.level.chunk.storage.RegionFile/]: Chunk has both internal and external streams
[19ago2025 19:08:09.392] [ForkJoinPool.commonPool-worker-9/ERROR] [net.minecraft.world.level.chunk.storage.RegionFile/]: External chunk path .\world\.\region\c.27.22.mcc is not file
[19ago2025 19:08:09.393] [ForkJoinPool.commonPool-worker-9/ERROR] [org.betterx.worlds.together.util.Logger/]: [bclib] Failed fixing Region.
[19ago2025 19:08:09.395] [ForkJoinPool.commonPool-worker-9/INFO] [STDERR/]: [java.lang.Throwable:printStackTrace:651]: java.lang.NullPointerException: Cannot invoke "java.io.DataInput.readByte()" because "p_128931_" is null
[19ago2025 19:08:09.395] [ForkJoinPool.commonPool-worker-9/INFO] [STDERR/]: [java.lang.Throwable:printStackTrace:651]: 	at TRANSFORMER/minecraft@1.20.1/net.minecraft.nbt.NbtIo.m_128930_(NbtIo.java:144)
[19ago2025 19:08:09.395] [ForkJoinPool.commonPool-worker-9/INFO] [STDERR/]: [java.lang.Throwable:printStackTrace:651]: 	at TRANSFORMER/minecraft@1.20.1/net.minecraft.nbt.NbtIo.m_128934_(NbtIo.java:99)
[19ago2025 19:08:09.395] [ForkJoinPool.commonPool-worker-9/INFO] [STDERR/]: [java.lang.Throwable:printStackTrace:651]: 	at TRANSFORMER/minecraft@1.20.1/net.minecraft.nbt.NbtIo.m_128928_(NbtIo.java:95)
[19ago2025 19:08:09.395] [ForkJoinPool.commonPool-worker-9/INFO] [STDERR/]: [java.lang.Throwable:printStackTrace:651]: 	at TRANSFORMER/bclib@3.0.14/org.betterx.bclib.api.v2.datafixer.DataFixerAPI.fixRegion(DataFixerAPI.java:449)
[19ago2025 19:08:09.396] [ForkJoinPool.commonPool-worker-9/INFO] [STDERR/]: [java.lang.Throwable:printStackTrace:651]: 	at TRANSFORMER/bclib@3.0.14/org.betterx.bclib.api.v2.datafixer.DataFixerAPI.lambda$runDataFixes$7(DataFixerAPI.java:328)
[19ago2025 19:08:09.396] [ForkJoinPool.commonPool-worker-9/INFO] [STDERR/]: [java.lang.Throwable:printStackTrace:651]: 	at java.base/java.util.stream.ForEachOps$ForEachOp$OfRef.accept(ForEachOps.java:184)
[19ago2025 19:08:09.396] [ForkJoinPool.commonPool-worker-9/INFO] [STDERR/]: [java.lang.Throwable:printStackTrace:651]: 	at java.base/java.util.ArrayList$ArrayListSpliterator.forEachRemaining(ArrayList.java:1708)
[19ago2025 19:08:09.396] [ForkJoinPool.commonPool-worker-9/INFO] [STDERR/]: [java.lang.Throwable:printStackTrace:651]: 	at java.base/java.util.stream.AbstractPipeline.copyInto(AbstractPipeline.java:509)
[19ago2025 19:08:09.396] [ForkJoinPool.commonPool-worker-9/INFO] [STDERR/]: [java.lang.Throwable:printStackTrace:651]: 	at java.base/java.util.stream.ForEachOps$ForEachTask.compute(ForEachOps.java:291)
[19ago2025 19:08:09.396] [ForkJoinPool.commonPool-worker-9/INFO] [STDERR/]: [java.lang.Throwable:printStackTrace:651]: 	at java.base/java.util.concurrent.CountedCompleter.exec(CountedCompleter.java:754)
[19ago2025 19:08:09.396] [ForkJoinPool.commonPool-worker-9/INFO] [STDERR/]: [java.lang.Throwable:printStackTrace:651]: 	at java.base/java.util.concurrent.ForkJoinTask.doExec(ForkJoinTask.java:387)
[19ago2025 19:08:09.396] [ForkJoinPool.commonPool-worker-9/INFO] [STDERR/]: [java.lang.Throwable:printStackTrace:651]: 	at java.base/java.util.concurrent.ForkJoinPool$WorkQueue.topLevelExec(ForkJoinPool.java:1310)
[19ago2025 19:08:09.396] [ForkJoinPool.commonPool-worker-9/INFO] [STDERR/]: [java.lang.Throwable:printStackTrace:651]: 	at java.base/java.util.concurrent.ForkJoinPool.scan(ForkJoinPool.java:1841)
[19ago2025 19:08:09.396] [ForkJoinPool.commonPool-worker-9/INFO] [STDERR/]: [java.lang.Throwable:printStackTrace:651]: 	at java.base/java.util.concurrent.ForkJoinPool.runWorker(ForkJoinPool.java:1806)
[19ago2025 19:08:09.396] [ForkJoinPool.commonPool-worker-9/INFO] [STDERR/]: [java.lang.Throwable:printStackTrace:651]: 	at java.base/java.util.concurrent.ForkJoinWorkerThread.run(ForkJoinWorkerThread.java:188)
[19ago2025 19:08:09.396] [ForkJoinPool.commonPool-worker-9/INFO] [org.betterx.worlds.together.util.Logger/]: [DataFixerAPI] Inspecting .\world\.\region\r.2.-3.mca
[19ago2025 19:08:09.396] [ForkJoinPool.commonPool-worker-11/INFO] [org.betterx.worlds.together.util.Logger/]: [DataFixerAPI] Inspecting .\world\.\region\r.1.-8.mca
[19ago2025 19:08:09.396] [main/INFO] [org.betterx.worlds.together.util.Logger/]: [DataFixerAPI] Inspecting .\world\.\region\r.-2.0.mca
[19ago2025 19:08:09.396] [ForkJoinPool.commonPool-worker-5/INFO] [org.betterx.worlds.together.util.Logger/]: [DataFixerAPI] Inspecting .\world\.\region\r.-2.-7.mca
[19ago2025 19:08:09.396] [ForkJoinPool.commonPool-worker-1/INFO] [org.betterx.worlds.together.util.Logger/]: [DataFixerAPI] Inspecting .\world\.\region\r.-1.-9.mca
[19ago2025 19:08:09.397] [ForkJoinPool.commonPool-worker-6/INFO] [org.betterx.worlds.together.util.Logger/]: [DataFixerAPI] Inspecting .\world\.\region\r.2.1.mca
[19ago2025 19:08:09.397] [ForkJoinPool.commonPool-worker-8/INFO] [org.betterx.worlds.together.util.Logger/]: [DataFixerAPI] Inspecting .\world\.\region\r.3.-2.mca
[19ago2025 19:08:09.397] [ForkJoinPool.commonPool-worker-4/INFO] [org.betterx.worlds.together.util.Logger/]: [DataFixerAPI] Inspecting .\world\.\region\r.1.-4.mca
[19ago2025 19:08:09.397] [ForkJoinPool.commonPool-worker-3/INFO] [org.betterx.worlds.together.util.Logger/]: [DataFixerAPI] Inspecting .\world\.\region\r.-1.-6.mca
[19ago2025 19:08:09.397] [ForkJoinPool.commonPool-worker-7/INFO] [org.betterx.worlds.together.util.Logger/]: [DataFixerAPI] Inspecting .\world\.\region\r.0.-4.mca
[19ago2025 19:08:09.397] [ForkJoinPool.commonPool-worker-10/INFO] [org.betterx.worlds.together.util.Logger/]: [DataFixerAPI] Inspecting .\world\.\region\r.0.-9.mca
[19ago2025 19:08:09.398] [main/INFO] [org.betterx.worlds.together.util.Logger/]: [DataFixerAPI] Inspecting .\world\.\region\r.0.-1.mca
[19ago2025 19:08:09.402] [ForkJoinPool.commonPool-worker-5/INFO] [org.betterx.worlds.together.util.Logger/]: [DataFixerAPI] Inspecting .\world\.\region\r.-2.-8.mca
[19ago2025 19:08:09.402] [ForkJoinPool.commonPool-worker-11/INFO] [org.betterx.worlds.together.util.Logger/]: [DataFixerAPI] Inspecting .\world\.\region\r.1.-9.mca
[19ago2025 19:08:09.403] [ForkJoinPool.commonPool-worker-9/INFO] [org.betterx.worlds.together.util.Logger/]: [DataFixerAPI] Inspecting .\world\.\region\r.2.-4.mca
[19ago2025 19:08:09.405] [ForkJoinPool.commonPool-worker-4/INFO] [org.betterx.worlds.together.util.Logger/]: [DataFixerAPI] Inspecting .\world\.\region\r.1.-5.mca
[19ago2025 19:08:09.405] [ForkJoinPool.commonPool-worker-6/INFO] [org.betterx.worlds.together.util.Logger/]: [DataFixerAPI] Inspecting .\world\.\region\r.3.-1.mca
[19ago2025 19:08:09.405] [ForkJoinPool.commonPool-worker-8/INFO] [org.betterx.worlds.together.util.Logger/]: [DataFixerAPI] Inspecting .\world\.\region\r.3.-3.mca
[19ago2025 19:08:09.406] [ForkJoinPool.commonPool-worker-10/INFO] [org.betterx.worlds.together.util.Logger/]: [DataFixerAPI] Inspecting .\world\.\region\r.0.0.mca
[19ago2025 19:08:09.406] [ForkJoinPool.commonPool-worker-7/INFO] [org.betterx.worlds.together.util.Logger/]: [DataFixerAPI] Inspecting .\world\.\region\r.0.-5.mca
[19ago2025 19:08:09.406] [main/INFO] [org.betterx.worlds.together.util.Logger/]: [DataFixerAPI] Inspecting .\world\.\region\r.0.-10.mca
[19ago2025 19:08:09.406] [ForkJoinPool.commonPool-worker-5/INFO] [org.betterx.worlds.together.util.Logger/]: [DataFixerAPI] Inspecting .\world\.\region\r.-2.-9.mca
[19ago2025 19:08:09.412] [ForkJoinPool.commonPool-worker-7/INFO] [org.betterx.worlds.together.util.Logger/]: [DataFixerAPI] Inspecting .\world\.\region\r.0.-6.mca
[19ago2025 19:08:09.412] [ForkJoinPool.commonPool-worker-8/INFO] [org.betterx.worlds.together.util.Logger/]: [DataFixerAPI] Inspecting .\world\.\region\r.3.-4.mca
[19ago2025 19:08:09.413] [main/INFO] [org.betterx.worlds.together.util.Logger/]: [DataFixerAPI] Inspecting .\world\.\region\r.0.-11.mca
[19ago2025 19:08:09.416] [ForkJoinPool.commonPool-worker-7/INFO] [org.betterx.worlds.together.util.Logger/]: [DataFixerAPI] Inspecting .\world\.\region\r.0.-7.mca
[19ago2025 19:08:09.418] [main/ERROR] [org.betterx.worlds.together.util.Logger/]: [DataFixerAPI] There were Errors while fixing the Level:
[19ago2025 19:08:09.419] [main/ERROR] [org.betterx.worlds.together.util.Logger/]: [DataFixerAPI]   - Failed fixing Region in r.2.-2.mca (Cannot invoke "java.io.DataInput.readByte()" because "p_128931_" is null)

[19ago2025 19:08:09.428] [main/WARN] [net.minecraft.server.packs.VanillaPackResourcesBuilder/]: Assets URL 'union:/C:/Users/LucaS/OneDrive/Desktop/Server-Modpack-1.20.1/libraries/net/minecraft/server/1.20.1-20230612.114412/server-1.20.1-20230612.114412-srg.jar%23570!/assets/.mcassetsroot' uses unexpected schema
[19ago2025 19:08:09.435] [main/WARN] [net.minecraft.server.packs.VanillaPackResourcesBuilder/]: Assets URL 'union:/C:/Users/LucaS/OneDrive/Desktop/Server-Modpack-1.20.1/libraries/net/minecraft/server/1.20.1-20230612.114412/server-1.20.1-20230612.114412-srg.jar%23570!/data/.mcassetsroot' uses unexpected schema
[19ago2025 19:08:09.504] [Forge Version Check/WARN] [net.minecraftforge.fml.VersionChecker/]: Failed to process update information
com.google.gson.JsonSyntaxException: java.lang.IllegalStateException: Expected BEGIN_OBJECT but was STRING at line 1 column 1 path $
	at com.google.gson.Gson.fromJson(Gson.java:1226) ~[gson-2.10.jar%2372!/:?]
	at com.google.gson.Gson.fromJson(Gson.java:1124) ~[gson-2.10.jar%2372!/:?]
	at com.google.gson.Gson.fromJson(Gson.java:1034) ~[gson-2.10.jar%2372!/:?]
	at com.google.gson.Gson.fromJson(Gson.java:969) ~[gson-2.10.jar%2372!/:?]
	at net.minecraftforge.fml.VersionChecker$1.process(VersionChecker.java:186) ~[fmlcore-1.20.1-47.4.0.jar%23571!/:?]
	at java.lang.Iterable.forEach(Iterable.java:75) ~[?:?]
	at net.minecraftforge.fml.VersionChecker$1.run(VersionChecker.java:117) ~[fmlcore-1.20.1-47.4.0.jar%23571!/:?]
Caused by: java.lang.IllegalStateException: Expected BEGIN_OBJECT but was STRING at line 1 column 1 path $
	at com.google.gson.stream.JsonReader.beginObject(JsonReader.java:393) ~[gson-2.10.jar%2372!/:?]
	at com.google.gson.internal.bind.MapTypeAdapterFactory$Adapter.read(MapTypeAdapterFactory.java:182) ~[gson-2.10.jar%2372!/:?]
	at com.google.gson.internal.bind.MapTypeAdapterFactory$Adapter.read(MapTypeAdapterFactory.java:144) ~[gson-2.10.jar%2372!/:?]
	at com.google.gson.Gson.fromJson(Gson.java:1214) ~[gson-2.10.jar%2372!/:?]
	... 6 more
[19ago2025 19:08:09.505] [Forge Version Check/INFO] [net.minecraftforge.fml.VersionChecker/]: [stoneworks] Starting version check at https://raw.githubusercontent.com/Fuzss/modresources/main/update/stoneworks.json
[19ago2025 19:08:09.527] [Forge Version Check/INFO] [net.minecraftforge.fml.VersionChecker/]: [stoneworks] Found status: UP_TO_DATE Current: 8.0.0 Target: null
[19ago2025 19:08:09.527] [Forge Version Check/INFO] [net.minecraftforge.fml.VersionChecker/]: [mr_blossom_blade] Starting version check at https://api.modrinth.com/updates/UMmSTwE0/forge_updates.json
[19ago2025 19:08:09.666] [pool-3-thread-2/INFO] [Every Compat/]: Dynamic server resources generation tasks: 187 in batches of: 15
[19ago2025 19:08:09.777] [Forge Version Check/INFO] [net.minecraftforge.fml.VersionChecker/]: [mr_blossom_blade] Found status: OUTDATED Current: 1.2 Target: 1.2+mod
[19ago2025 19:08:09.778] [Forge Version Check/INFO] [net.minecraftforge.fml.VersionChecker/]: [puzzlesaccessapi] Starting version check at https://raw.githubusercontent.com/Fuzss/modresources/main/update/puzzlesaccessapi.json
[19ago2025 19:08:09.799] [Forge Version Check/INFO] [net.minecraftforge.fml.VersionChecker/]: [puzzlesaccessapi] Found status: BETA Current: 20.1.1 Target: null
[19ago2025 19:08:09.799] [Forge Version Check/INFO] [net.minecraftforge.fml.VersionChecker/]: [forge] Starting version check at https://files.minecraftforge.net/net/minecraftforge/forge/promotions_slim.json
[19ago2025 19:08:10.069] [Forge Version Check/INFO] [net.minecraftforge.fml.VersionChecker/]: [forge] Found status: UP_TO_DATE Current: 47.4.0 Target: null
[19ago2025 19:08:10.069] [Forge Version Check/INFO] [net.minecraftforge.fml.VersionChecker/]: [backpacked] Starting version check at https://mrcrayfish.com/modupdatejson?id=backpacked
[19ago2025 19:08:10.118] [Forge Version Check/WARN] [net.minecraftforge.fml.VersionChecker/]: Failed to process update information
com.google.gson.JsonSyntaxException: java.lang.IllegalStateException: Expected BEGIN_OBJECT but was STRING at line 1 column 1 path $
	at com.google.gson.Gson.fromJson(Gson.java:1226) ~[gson-2.10.jar%2372!/:?]
	at com.google.gson.Gson.fromJson(Gson.java:1124) ~[gson-2.10.jar%2372!/:?]
	at com.google.gson.Gson.fromJson(Gson.java:1034) ~[gson-2.10.jar%2372!/:?]
	at com.google.gson.Gson.fromJson(Gson.java:969) ~[gson-2.10.jar%2372!/:?]
	at net.minecraftforge.fml.VersionChecker$1.process(VersionChecker.java:186) ~[fmlcore-1.20.1-47.4.0.jar%23571!/:?]
	at java.lang.Iterable.forEach(Iterable.java:75) ~[?:?]
	at net.minecraftforge.fml.VersionChecker$1.run(VersionChecker.java:117) ~[fmlcore-1.20.1-47.4.0.jar%23571!/:?]
Caused by: java.lang.IllegalStateException: Expected BEGIN_OBJECT but was STRING at line 1 column 1 path $
	at com.google.gson.stream.JsonReader.beginObject(JsonReader.java:393) ~[gson-2.10.jar%2372!/:?]
	at com.google.gson.internal.bind.MapTypeAdapterFactory$Adapter.read(MapTypeAdapterFactory.java:182) ~[gson-2.10.jar%2372!/:?]
	at com.google.gson.internal.bind.MapTypeAdapterFactory$Adapter.read(MapTypeAdapterFactory.java:144) ~[gson-2.10.jar%2372!/:?]
	at com.google.gson.Gson.fromJson(Gson.java:1214) ~[gson-2.10.jar%2372!/:?]
	... 6 more
[19ago2025 19:08:10.119] [Forge Version Check/INFO] [net.minecraftforge.fml.VersionChecker/]: [puzzleslib] Starting version check at https://raw.githubusercontent.com/Fuzss/modresources/main/update/puzzleslib.json
[19ago2025 19:08:10.137] [Forge Version Check/INFO] [net.minecraftforge.fml.VersionChecker/]: [puzzleslib] Found status: UP_TO_DATE Current: 8.1.32 Target: null
[19ago2025 19:08:10.138] [Forge Version Check/INFO] [net.minecraftforge.fml.VersionChecker/]: [ad_astra] Starting version check at https://api.modrinth.com/updates/3ufwT9JF/forge_updates.json
[19ago2025 19:08:10.208] [pool-3-thread-2/INFO] [Every Compat/]: Tasks finished in: 540 ms
[19ago2025 19:08:10.253] [pool-3-thread-2/INFO] [Every Compat/]: Generated runtime SERVER_DATA for pack Everycomp Generated Pack (everycomp) in: 587 ms (multithreaded)
[19ago2025 19:08:10.255] [pool-3-thread-2/INFO] [Every Compat/]: Dynamic server assets generation took: 591.0 ms
[19ago2025 19:08:10.255] [main/INFO] [Moonlight/]: Generated runtime resources for 5 packs in a total of: 592 ms
[19ago2025 19:08:10.281] [pool-3-thread-17/INFO] [Every Compat/]: Dynamic server resources generation tasks: 187 in batches of: 15
[19ago2025 19:08:10.342] [Forge Version Check/INFO] [net.minecraftforge.fml.VersionChecker/]: [ad_astra] Found status: UP_TO_DATE Current: 1.15.20 Target: null
[19ago2025 19:08:10.342] [Forge Version Check/INFO] [net.minecraftforge.fml.VersionChecker/]: [illagerinvasion] Starting version check at https://raw.githubusercontent.com/Fuzss/modresources/main/update/illagerinvasion.json
[19ago2025 19:08:10.359] [pool-3-thread-17/INFO] [Every Compat/]: Tasks finished in: 77 ms
[19ago2025 19:08:10.375] [Forge Version Check/INFO] [net.minecraftforge.fml.VersionChecker/]: [illagerinvasion] Found status: UP_TO_DATE Current: 8.0.7 Target: null
[19ago2025 19:08:10.375] [Forge Version Check/INFO] [net.minecraftforge.fml.VersionChecker/]: [fastitemframes] Starting version check at https://raw.githubusercontent.com/Fuzss/modresources/main/update/fastitemframes.json
[19ago2025 19:08:10.394] [pool-3-thread-17/INFO] [Every Compat/]: Generated runtime SERVER_DATA for pack Everycomp Generated Pack (everycomp) in: 112 ms (multithreaded)
[19ago2025 19:08:10.395] [pool-3-thread-17/INFO] [Every Compat/]: Dynamic server assets generation took: 113.6 ms
[19ago2025 19:08:10.395] [main/INFO] [Moonlight/]: Generated runtime resources for 5 packs in a total of: 113 ms
[19ago2025 19:08:10.402] [Forge Version Check/INFO] [net.minecraftforge.fml.VersionChecker/]: [fastitemframes] Found status: UP_TO_DATE Current: 20.1.3 Target: null
[19ago2025 19:08:10.402] [Forge Version Check/INFO] [net.minecraftforge.fml.VersionChecker/]: [shieldexp] Starting version check at https://infernalstudios.org/api/mods/shieldexpansion/forge
[19ago2025 19:08:10.473] [main/INFO] [KubeJS Server/]: example.js#9: Mekanism tag fix! (Loaded server scripts)
[19ago2025 19:08:10.474] [main/INFO] [KubeJS Server/]: Loaded script server_scripts:example.js in 0.007 s
[19ago2025 19:08:10.474] [main/INFO] [KubeJS Server/]: Loaded 1/1 KubeJS server scripts in 0.016 s with 0 errors and 0 warnings
[19ago2025 19:08:10.474] [main/INFO] [KubeJS Server/]: Scripts loaded
[19ago2025 19:08:10.503] [Forge Version Check/INFO] [net.minecraftforge.fml.VersionChecker/]: [shieldexp] Found status: BETA Current: 1.2.2 Target: null
[19ago2025 19:08:10.503] [Forge Version Check/INFO] [net.minecraftforge.fml.VersionChecker/]: [diagonalwalls] Starting version check at https://raw.githubusercontent.com/Fuzss/modresources/main/update/diagonalwalls.json
[19ago2025 19:08:10.523] [Forge Version Check/INFO] [net.minecraftforge.fml.VersionChecker/]: [diagonalwalls] Found status: UP_TO_DATE Current: 8.0.4 Target: null
[19ago2025 19:08:10.524] [Forge Version Check/INFO] [net.minecraftforge.fml.VersionChecker/]: [diagonalblocks] Starting version check at https://raw.githubusercontent.com/Fuzss/modresources/main/update/diagonalblocks.json
[19ago2025 19:08:10.527] [main/INFO] [com.teamabnormals.blueprint.core.Blueprint/]: Successfully loaded 10 data remolders!
[19ago2025 19:08:10.546] [Forge Version Check/INFO] [net.minecraftforge.fml.VersionChecker/]: [diagonalblocks] Found status: BETA Current: 8.0.6 Target: null
[19ago2025 19:08:10.546] [Forge Version Check/INFO] [net.minecraftforge.fml.VersionChecker/]: [tradingpost] Starting version check at https://raw.githubusercontent.com/Fuzss/modresources/main/update/tradingpost.json
[19ago2025 19:08:10.549] [main/INFO] [net.minecraft.resources.RegistryDataLoader/]: Using path as content location for registry worlds_together:worldgen/betterx/biome
[19ago2025 19:08:10.555] [main/INFO] [org.betterx.worlds.together.util.Logger/]: [bclib] Did not manage biome betterend:empty_aurora_cave
[19ago2025 19:08:10.555] [main/INFO] [org.betterx.worlds.together.util.Logger/]: [bclib] Did not manage biome betterend:empty_end_cave
[19ago2025 19:08:10.555] [main/INFO] [org.betterx.worlds.together.util.Logger/]: [bclib] Did not manage biome betterend:empty_smaragdant_cave
[19ago2025 19:08:10.557] [main/INFO] [org.betterx.worlds.together.util.Logger/]: [bclib] Did not manage biome betterend:jade_cave
[19ago2025 19:08:10.557] [main/INFO] [org.betterx.worlds.together.util.Logger/]: [bclib] Did not manage biome betterend:lush_aurora_cave
[19ago2025 19:08:10.559] [main/INFO] [org.betterx.worlds.together.util.Logger/]: [bclib] Did not manage biome betterend:lush_smaragdant_cave
[19ago2025 19:08:10.559] [main/INFO] [org.betterx.worlds.together.util.Logger/]: [bclib] Did not manage biome betterend:megalake_grove
[19ago2025 19:08:10.559] [main/INFO] [org.betterx.worlds.together.util.Logger/]: [bclib] Did not manage biome betterend:neon_oasis
[19ago2025 19:08:10.561] [main/INFO] [org.betterx.worlds.together.util.Logger/]: [bclib] Did not manage biome betterend:painted_mountains
[19ago2025 19:08:10.568] [Forge Version Check/INFO] [net.minecraftforge.fml.VersionChecker/]: [tradingpost] Found status: UP_TO_DATE Current: 8.0.2 Target: null
[19ago2025 19:08:10.568] [Forge Version Check/INFO] [net.minecraftforge.fml.VersionChecker/]: [easymagic] Starting version check at https://raw.githubusercontent.com/Fuzss/modresources/main/update/easymagic.json
[19ago2025 19:08:10.592] [Forge Version Check/INFO] [net.minecraftforge.fml.VersionChecker/]: [easymagic] Found status: UP_TO_DATE Current: 8.0.1 Target: null
[19ago2025 19:08:10.592] [Forge Version Check/INFO] [net.minecraftforge.fml.VersionChecker/]: [conjurer_illager] Starting version check at http://changelogs.moddinglegacy.com/conjurer-illager.json
[19ago2025 19:08:10.910] [main/ERROR] [net.minecraftforge.fml.loading.RuntimeDistCleaner/DISTXFORM]: Attempted to load class net/minecraft/client/renderer/block/model/BlockModel for invalid dist DEDICATED_SERVER
[19ago2025 19:08:10.910] [main/WARN] [Radium Class Analysis/]: Radium Class Analysis Error: Class org.betterx.bclib.blocks.BaseBlock cannot be analysed, because getting declared methods crashes with RuntimeException: Attempted to load class net/minecraft/client/renderer/block/model/BlockModel for invalid dist DEDICATED_SERVER. This is usually caused by modded entities declaring methods that have a return type or parameter type that is annotated with @OnlyIn(Dist.CLIENT). Loading the type is not possible, because it only exists in the CLIENT environment. The recommended fix is to annotate the method with this argument or return type with the same annotation. Lithium handles this error by assuming the class cannot be included in some optimizations.
[19ago2025 19:08:10.912] [main/ERROR] [net.minecraftforge.fml.loading.RuntimeDistCleaner/DISTXFORM]: Attempted to load class net/minecraft/client/renderer/block/model/BlockModel for invalid dist DEDICATED_SERVER
[19ago2025 19:08:10.912] [main/WARN] [Radium Class Analysis/]: Radium Class Analysis Error: Class org.betterx.bclib.blocks.BaseBlock cannot be analysed, because getting declared methods crashes with RuntimeException: Attempted to load class net/minecraft/client/renderer/block/model/BlockModel for invalid dist DEDICATED_SERVER. This is usually caused by modded entities declaring methods that have a return type or parameter type that is annotated with @OnlyIn(Dist.CLIENT). Loading the type is not possible, because it only exists in the CLIENT environment. The recommended fix is to annotate the method with this argument or return type with the same annotation. Lithium handles this error by assuming the class cannot be included in some optimizations.
[19ago2025 19:08:10.913] [main/ERROR] [net.minecraftforge.fml.loading.RuntimeDistCleaner/DISTXFORM]: Attempted to load class net/minecraft/client/renderer/block/model/BlockModel for invalid dist DEDICATED_SERVER
[19ago2025 19:08:10.913] [main/WARN] [Radium Class Analysis/]: Radium Class Analysis Error: Class org.betterx.bclib.blocks.BaseBlock cannot be analysed, because getting declared methods crashes with RuntimeException: Attempted to load class net/minecraft/client/renderer/block/model/BlockModel for invalid dist DEDICATED_SERVER. This is usually caused by modded entities declaring methods that have a return type or parameter type that is annotated with @OnlyIn(Dist.CLIENT). Loading the type is not possible, because it only exists in the CLIENT environment. The recommended fix is to annotate the method with this argument or return type with the same annotation. Lithium handles this error by assuming the class cannot be included in some optimizations.
[19ago2025 19:08:10.913] [main/ERROR] [net.minecraftforge.fml.loading.RuntimeDistCleaner/DISTXFORM]: Attempted to load class net/minecraft/client/renderer/block/model/BlockModel for invalid dist DEDICATED_SERVER
[19ago2025 19:08:10.913] [main/WARN] [Radium Class Analysis/]: Radium Class Analysis Error: Class org.betterx.bclib.blocks.BaseBlock cannot be analysed, because getting declared methods crashes with RuntimeException: Attempted to load class net/minecraft/client/renderer/block/model/BlockModel for invalid dist DEDICATED_SERVER. This is usually caused by modded entities declaring methods that have a return type or parameter type that is annotated with @OnlyIn(Dist.CLIENT). Loading the type is not possible, because it only exists in the CLIENT environment. The recommended fix is to annotate the method with this argument or return type with the same annotation. Lithium handles this error by assuming the class cannot be included in some optimizations.
[19ago2025 19:08:10.953] [Forge Version Check/INFO] [net.minecraftforge.fml.VersionChecker/]: [conjurer_illager] Found status: BETA Current: 1.1.6 Target: null
[19ago2025 19:08:10.953] [Forge Version Check/INFO] [net.minecraftforge.fml.VersionChecker/]: [clumps] Starting version check at https://updates.blamejared.com/get?n=clumps&gv=1.20.1
[19ago2025 19:08:11.236] [Forge Version Check/INFO] [net.minecraftforge.fml.VersionChecker/]: [clumps] Found status: BETA Current: 12.0.0.4 Target: 12.0.0.4
[19ago2025 19:08:11.236] [Forge Version Check/INFO] [net.minecraftforge.fml.VersionChecker/]: [storagenetwork] Starting version check at https://raw.githubusercontent.com/Lothrazar/Storage-Network/trunk/1.19/update.json
[19ago2025 19:08:11.258] [Forge Version Check/INFO] [net.minecraftforge.fml.VersionChecker/]: [storagenetwork] Found status: BETA Current: 1.12.2 Target: null
[19ago2025 19:08:11.259] [Forge Version Check/INFO] [net.minecraftforge.fml.VersionChecker/]: [skeletonaifix] Starting version check at https://raw.githubusercontent.com/Fuzss/modresources/main/update/skeletonaifix.json
[19ago2025 19:08:11.302] [main/INFO] [org.betterx.worlds.together.util.Logger/]: [bclib] Updating Pickers for BCLib - The End  BiomeSource (b761e6d)
[19ago2025 19:08:11.303] [main/INFO] [org.betterx.worlds.together.util.Logger/]: [bclib] Unable to build Biome List yet
[19ago2025 19:08:11.304] [main/INFO] [org.betterx.worlds.together.util.Logger/]: [bclib] No Void Biomes found. Disabling by using barrens
[19ago2025 19:08:11.304] [main/INFO] [org.betterx.worlds.together.util.Logger/]: [bclib] No Barrens Biomes found. Disabling by using land Biomes
[19ago2025 19:08:11.304] [main/WARN] [org.betterx.worlds.together.util.Logger/]: [bclib] No Center Island Biomes found. Forcing use of vanilla center.
[19ago2025 19:08:11.313] [main/INFO] [org.betterx.worlds.together.util.Logger/]: [bclib] Make sure features are loaded from terrablender:org.betterx.bclib.api.v2.generator.BCLibEndBiomeSource
[19ago2025 19:08:11.313] [main/INFO] [org.betterx.worlds.together.util.Logger/]: [bclib] Updating Pickers for BCLib - Nether BiomeSource (3d150e2c)
[19ago2025 19:08:11.313] [main/INFO] [org.betterx.worlds.together.util.Logger/]: [bclib] Unable to build Biome List yet
[19ago2025 19:08:11.317] [main/INFO] [org.betterx.worlds.together.util.Logger/]: [bclib] Make sure features are loaded from terrablender:org.betterx.bclib.api.v2.generator.BCLibNetherBiomeSource
[19ago2025 19:08:11.320] [main/INFO] [org.betterx.worlds.together.util.Logger/]: [bclib] Updating Pickers for BCLib - The End  BiomeSource (243cc269)
[19ago2025 19:08:11.320] [main/INFO] [org.betterx.worlds.together.util.Logger/]: [bclib] Unable to build Biome List yet
[19ago2025 19:08:11.320] [main/INFO] [org.betterx.worlds.together.util.Logger/]: [bclib] No Void Biomes found. Disabling by using barrens
[19ago2025 19:08:11.320] [main/INFO] [org.betterx.worlds.together.util.Logger/]: [bclib] No Barrens Biomes found. Disabling by using land Biomes
[19ago2025 19:08:11.320] [main/WARN] [org.betterx.worlds.together.util.Logger/]: [bclib] No Center Island Biomes found. Forcing use of vanilla center.
[19ago2025 19:08:11.320] [main/INFO] [org.betterx.worlds.together.util.Logger/]: [bclib] Make sure features are loaded from terrablender:org.betterx.bclib.api.v2.generator.BCLibEndBiomeSource
[19ago2025 19:08:11.322] [main/INFO] [org.betterx.worlds.together.util.Logger/]: [bclib] Updating Pickers for BCLib - Nether BiomeSource (1915b7d0)
[19ago2025 19:08:11.322] [main/INFO] [org.betterx.worlds.together.util.Logger/]: [bclib] Unable to build Biome List yet
[19ago2025 19:08:11.322] [main/INFO] [org.betterx.worlds.together.util.Logger/]: [bclib] Make sure features are loaded from terrablender:org.betterx.bclib.api.v2.generator.BCLibNetherBiomeSource
[19ago2025 19:08:11.322] [main/INFO] [org.betterx.worlds.together.util.Logger/]: [bclib] Updating Pickers for BCLib - The End  BiomeSource (623b577)
[19ago2025 19:08:11.322] [main/INFO] [org.betterx.worlds.together.util.Logger/]: [bclib] Unable to build Biome List yet
[19ago2025 19:08:11.322] [main/INFO] [org.betterx.worlds.together.util.Logger/]: [bclib] No Void Biomes found. Disabling by using barrens
[19ago2025 19:08:11.322] [main/INFO] [org.betterx.worlds.together.util.Logger/]: [bclib] No Barrens Biomes found. Disabling by using land Biomes
[19ago2025 19:08:11.322] [main/WARN] [org.betterx.worlds.together.util.Logger/]: [bclib] No Center Island Biomes found. Forcing use of vanilla center.
[19ago2025 19:08:11.324] [main/INFO] [org.betterx.worlds.together.util.Logger/]: [bclib] Make sure features are loaded from terrablender:org.betterx.bclib.api.v2.generator.BCLibEndBiomeSource
[19ago2025 19:08:11.325] [main/INFO] [org.betterx.worlds.together.util.Logger/]: [bclib] Updating Pickers for BCLib - Nether BiomeSource (1c27e18d)
[19ago2025 19:08:11.325] [main/INFO] [org.betterx.worlds.together.util.Logger/]: [bclib] Unable to build Biome List yet
[19ago2025 19:08:11.325] [main/INFO] [org.betterx.worlds.together.util.Logger/]: [bclib] Make sure features are loaded from terrablender:org.betterx.bclib.api.v2.generator.BCLibNetherBiomeSource
[19ago2025 19:08:11.325] [main/INFO] [org.betterx.worlds.together.util.Logger/]: [bclib] Updating Pickers for BCLib - The End  BiomeSource (6e624f79)
[19ago2025 19:08:11.325] [main/INFO] [org.betterx.worlds.together.util.Logger/]: [bclib] Unable to build Biome List yet
[19ago2025 19:08:11.325] [main/INFO] [org.betterx.worlds.together.util.Logger/]: [bclib] No Void Biomes found. Disabling by using barrens
[19ago2025 19:08:11.325] [main/INFO] [org.betterx.worlds.together.util.Logger/]: [bclib] No Barrens Biomes found. Disabling by using land Biomes
[19ago2025 19:08:11.325] [main/WARN] [org.betterx.worlds.together.util.Logger/]: [bclib] No Center Island Biomes found. Forcing use of vanilla center.
[19ago2025 19:08:11.326] [main/INFO] [org.betterx.worlds.together.util.Logger/]: [bclib] Make sure features are loaded from terrablender:org.betterx.bclib.api.v2.generator.BCLibEndBiomeSource
[19ago2025 19:08:11.326] [main/INFO] [org.betterx.worlds.together.util.Logger/]: [bclib] Updating Pickers for BCLib - Nether BiomeSource (773032c3)
[19ago2025 19:08:11.326] [main/INFO] [org.betterx.worlds.together.util.Logger/]: [bclib] Unable to build Biome List yet
[19ago2025 19:08:11.326] [main/INFO] [org.betterx.worlds.together.util.Logger/]: [bclib] Make sure features are loaded from terrablender:org.betterx.bclib.api.v2.generator.BCLibNetherBiomeSource
[19ago2025 19:08:11.429] [Forge Version Check/INFO] [net.minecraftforge.fml.VersionChecker/]: [skeletonaifix] Found status: UP_TO_DATE Current: 20.1.1 Target: null
[19ago2025 19:08:11.429] [Forge Version Check/INFO] [net.minecraftforge.fml.VersionChecker/]: [moonlight] Starting version check at https://raw.githubusercontent.com/MehVahdJukaar/Moonlight/multi-loader/forge/update.json
[19ago2025 19:08:11.446] [main/INFO] [net.minecraft.resources.RegistryDataLoader/]: Using path as content location for registry worlds_together:worldgen/betterx/surface_rules
[19ago2025 19:08:11.450] [Forge Version Check/INFO] [net.minecraftforge.fml.VersionChecker/]: [moonlight] Found status: BETA Current: 1.20-2.14.13 Target: null
[19ago2025 19:08:11.450] [Forge Version Check/INFO] [net.minecraftforge.fml.VersionChecker/]: [magnumtorch] Starting version check at https://raw.githubusercontent.com/Fuzss/modresources/main/update/magnumtorch.json
[19ago2025 19:08:11.476] [Forge Version Check/INFO] [net.minecraftforge.fml.VersionChecker/]: [magnumtorch] Found status: UP_TO_DATE Current: 8.0.2 Target: null
[19ago2025 19:08:11.476] [Forge Version Check/INFO] [net.minecraftforge.fml.VersionChecker/]: [thinair] Starting version check at https://raw.githubusercontent.com/Fuzss/modresources/main/update/thinair.json
[19ago2025 19:08:11.480] [main/INFO] [org.betterx.worlds.together.util.Logger/]: [betternether] Freeze Registry[ResourceKey[minecraft:root / worlds_together:worldgen/betterx/surface_rules] (Stable)]
[19ago2025 19:08:11.481] [main/INFO] [org.betterx.worlds.together.util.Logger/]: [betternether] Freeze Registry[ResourceKey[minecraft:root / worlds_together:worldgen/betterx/surface_rules] (Stable)]
[19ago2025 19:08:11.482] [main/INFO] [org.betterx.worlds.together.util.Logger/]: [betternether] Freeze Registry[ResourceKey[minecraft:root / worlds_together:worldgen/betterx/surface_rules] (Stable)]
[19ago2025 19:08:11.485] [main/INFO] [org.betterx.worlds.together.util.Logger/]: [betternether] Freeze Registry[ResourceKey[minecraft:root / worlds_together:worldgen/betterx/surface_rules] (Stable)]
[19ago2025 19:08:11.488] [main/WARN] [org.betterx.worlds.together.util.Logger/]: [bclib] No valid Biome Registry available!
[19ago2025 19:08:11.488] [main/WARN] [org.betterx.worlds.together.util.Logger/]: [bclib] No valid BCLBiome Registry available!
[19ago2025 19:08:11.544] [main/INFO] [org.betterx.worlds.together.util.Logger/]: [bclib] Updating Pickers for BCLib - The End  BiomeSource (423a87cf)
[19ago2025 19:08:11.545] [main/INFO] [org.betterx.worlds.together.util.Logger/]: [bclib] Unable to build Biome List yet
[19ago2025 19:08:11.545] [main/INFO] [org.betterx.worlds.together.util.Logger/]: [bclib] No Void Biomes found. Disabling by using barrens
[19ago2025 19:08:11.545] [main/INFO] [org.betterx.worlds.together.util.Logger/]: [bclib] No Barrens Biomes found. Disabling by using land Biomes
[19ago2025 19:08:11.545] [main/WARN] [org.betterx.worlds.together.util.Logger/]: [bclib] No Center Island Biomes found. Forcing use of vanilla center.
[19ago2025 19:08:11.545] [main/INFO] [org.betterx.worlds.together.util.Logger/]: [bclib] Make sure features are loaded from terrablender:org.betterx.bclib.api.v2.generator.BCLibEndBiomeSource
[19ago2025 19:08:11.679] [Forge Version Check/INFO] [net.minecraftforge.fml.VersionChecker/]: [thinair] Found status: UP_TO_DATE Current: 8.1.7 Target: null
[19ago2025 19:08:11.679] [Forge Version Check/INFO] [net.minecraftforge.fml.VersionChecker/]: [barteringstation] Starting version check at https://raw.githubusercontent.com/Fuzss/modresources/main/update/barteringstation.json
[19ago2025 19:08:11.703] [Forge Version Check/INFO] [net.minecraftforge.fml.VersionChecker/]: [barteringstation] Found status: UP_TO_DATE Current: 8.0.0 Target: null
[19ago2025 19:08:11.703] [Forge Version Check/INFO] [net.minecraftforge.fml.VersionChecker/]: [iceberg] Starting version check at https://mc-update-check.anthonyhilyard.com/520110
[19ago2025 19:08:11.810] [main/INFO] [org.betterx.worlds.together.util.Logger/]: [bclib] Updating Pickers for BCLib - Nether BiomeSource (3c567ae1)
[19ago2025 19:08:11.812] [main/INFO] [org.betterx.worlds.together.util.Logger/]: [bclib] Unable to build Biome List yet
[19ago2025 19:08:11.812] [main/INFO] [org.betterx.worlds.together.util.Logger/]: [bclib] Make sure features are loaded from terrablender:org.betterx.bclib.api.v2.generator.BCLibNetherBiomeSource
[19ago2025 19:08:11.836] [main/INFO] [org.betterx.worlds.together.util.Logger/]: [betternether] Freeze Registry[ResourceKey[minecraft:root / worlds_together:worldgen/betterx/surface_rules] (Stable)]
[19ago2025 19:08:11.838] [main/INFO] [org.betterx.worlds.together.util.Logger/]: [betternether] Freeze Registry[ResourceKey[minecraft:root / worlds_together:worldgen/betterx/surface_rules] (Stable)]
[19ago2025 19:08:11.886] [Forge Version Check/INFO] [net.minecraftforge.fml.VersionChecker/]: [iceberg] Found status: UP_TO_DATE Current: 1.1.25 Target: null
[19ago2025 19:08:11.886] [Forge Version Check/INFO] [net.minecraftforge.fml.VersionChecker/]: [supplementaries] Starting version check at https://raw.githubusercontent.com/MehVahdJukaar/Supplementaries/1.20/forge/update.json
[19ago2025 19:08:11.910] [Forge Version Check/INFO] [net.minecraftforge.fml.VersionChecker/]: [supplementaries] Found status: BETA Current: 1.20-3.1.36 Target: null
[19ago2025 19:08:11.910] [Forge Version Check/INFO] [net.minecraftforge.fml.VersionChecker/]: [delightful] Starting version check at https://raw.githubusercontent.com/brnbrd/Delightful/1.20.1/update/update.json
[19ago2025 19:08:11.936] [Forge Version Check/INFO] [net.minecraftforge.fml.VersionChecker/]: [delightful] Found status: OUTDATED Current: 3.7.3 Target: 3.7.4
[19ago2025 19:08:11.937] [Forge Version Check/INFO] [net.minecraftforge.fml.VersionChecker/]: [diagonalfences] Starting version check at https://raw.githubusercontent.com/Fuzss/modresources/main/update/diagonalfences.json
[19ago2025 19:08:11.953] [Forge Version Check/INFO] [net.minecraftforge.fml.VersionChecker/]: [diagonalfences] Found status: UP_TO_DATE Current: 8.1.5 Target: null
[19ago2025 19:08:11.953] [Forge Version Check/INFO] [net.minecraftforge.fml.VersionChecker/]: [overflowingbars] Starting version check at https://raw.githubusercontent.com/Fuzss/modresources/main/update/overflowingbars.json
[19ago2025 19:08:11.974] [Forge Version Check/INFO] [net.minecraftforge.fml.VersionChecker/]: [overflowingbars] Found status: UP_TO_DATE Current: 8.0.1 Target: null
[19ago2025 19:08:12.182] [main/INFO] [com.github.alexthe666.alexsmobs.AlexsMobs/]: Adding datapack listener capsid_recipes
[19ago2025 19:08:12.447] [Worker-Main-4/INFO] [KubeJS Server/]: [minecraft:item] Found 2070 tags, added 1 objects, removed 0 objects
[19ago2025 19:08:12.728] [Worker-Main-8/ERROR] [net.minecraftforge.common.ForgeHooks/]: Couldn't parse element loot_tables:extra_compat:blocks/tortoise_egg_crate
com.google.gson.JsonSyntaxException: Expected name to be an item, was unknown string 'extra_compat:tortoise_egg_crate'
	at net.minecraft.util.GsonHelper.m_13866_(GsonHelper.java:145) ~[server-1.20.1-20230612.114412-srg.jar%23570!/:?]
	at java.util.Optional.orElseThrow(Optional.java:403) ~[?:?]
	at net.minecraft.util.GsonHelper.m_13874_(GsonHelper.java:145) ~[server-1.20.1-20230612.114412-srg.jar%23570!/:?]
	at net.minecraft.util.GsonHelper.m_13909_(GsonHelper.java:153) ~[server-1.20.1-20230612.114412-srg.jar%23570!/:?]
	at net.minecraft.world.level.storage.loot.entries.LootItem$Serializer.m_7267_(LootItem.java:55) ~[server-1.20.1-20230612.114412-srg.jar%23570!/:?]
	at net.minecraft.world.level.storage.loot.entries.LootItem$Serializer.m_7267_(LootItem.java:40) ~[server-1.20.1-20230612.114412-srg.jar%23570!/:?]
	at net.minecraft.world.level.storage.loot.entries.LootPoolSingletonContainer$Serializer.m_5921_(LootPoolSingletonContainer.java:151) ~[server-1.20.1-20230612.114412-srg.jar%23570!/:?]
	at net.minecraft.world.level.storage.loot.entries.LootPoolSingletonContainer$Serializer.m_5921_(LootPoolSingletonContainer.java:129) ~[server-1.20.1-20230612.114412-srg.jar%23570!/:?]
	at net.minecraft.world.level.storage.loot.entries.LootPoolEntryContainer$Serializer.m_7561_(LootPoolEntryContainer.java:86) ~[server-1.20.1-20230612.114412-srg.jar%23570!/:?]
	at net.minecraft.world.level.storage.loot.entries.LootPoolEntryContainer$Serializer.m_7561_(LootPoolEntryContainer.java:74) ~[server-1.20.1-20230612.114412-srg.jar%23570!/:?]
	at net.minecraft.world.level.storage.loot.GsonAdapterFactory$JsonAdapter.deserialize(GsonAdapterFactory.java:102) ~[server-1.20.1-20230612.114412-srg.jar%23570!/:?]
	at com.google.gson.internal.bind.TreeTypeAdapter.read(TreeTypeAdapter.java:76) ~[gson-2.10.jar%2372!/:?]
	at com.google.gson.internal.bind.TypeAdapterRuntimeTypeWrapper.read(TypeAdapterRuntimeTypeWrapper.java:40) ~[gson-2.10.jar%2372!/:?]
	at com.google.gson.internal.bind.ArrayTypeAdapter.read(ArrayTypeAdapter.java:72) ~[gson-2.10.jar%2372!/:?]
	at com.google.gson.Gson.fromJson(Gson.java:1214) ~[gson-2.10.jar%2372!/:?]
	at com.google.gson.Gson.fromJson(Gson.java:1319) ~[gson-2.10.jar%2372!/:?]
	at com.google.gson.Gson.fromJson(Gson.java:1290) ~[gson-2.10.jar%2372!/:?]
	at com.google.gson.internal.bind.TreeTypeAdapter$GsonContextImpl.deserialize(TreeTypeAdapter.java:179) ~[gson-2.10.jar%2372!/:?]
	at net.minecraft.util.GsonHelper.m_13808_(GsonHelper.java:463) ~[server-1.20.1-20230612.114412-srg.jar%23570!/:?]
	at net.minecraft.util.GsonHelper.m_13836_(GsonHelper.java:471) ~[server-1.20.1-20230612.114412-srg.jar%23570!/:?]
	at net.minecraft.world.level.storage.loot.LootPool$Serializer.deserialize(LootPool.java:192) ~[server-1.20.1-20230612.114412-srg.jar%23570!/:?]
	at net.minecraft.world.level.storage.loot.LootPool$Serializer.deserialize(LootPool.java:189) ~[server-1.20.1-20230612.114412-srg.jar%23570!/:?]
	at com.google.gson.internal.bind.TreeTypeAdapter.read(TreeTypeAdapter.java:76) ~[gson-2.10.jar%2372!/:?]
	at com.google.gson.internal.bind.TypeAdapterRuntimeTypeWrapper.read(TypeAdapterRuntimeTypeWrapper.java:40) ~[gson-2.10.jar%2372!/:?]
	at com.google.gson.internal.bind.ArrayTypeAdapter.read(ArrayTypeAdapter.java:72) ~[gson-2.10.jar%2372!/:?]
	at com.google.gson.Gson.fromJson(Gson.java:1214) ~[gson-2.10.jar%2372!/:?]
	at com.google.gson.Gson.fromJson(Gson.java:1319) ~[gson-2.10.jar%2372!/:?]
	at com.google.gson.Gson.fromJson(Gson.java:1290) ~[gson-2.10.jar%2372!/:?]
	at com.google.gson.internal.bind.TreeTypeAdapter$GsonContextImpl.deserialize(TreeTypeAdapter.java:179) ~[gson-2.10.jar%2372!/:?]
	at net.minecraft.util.GsonHelper.m_13808_(GsonHelper.java:463) ~[server-1.20.1-20230612.114412-srg.jar%23570!/:?]
	at net.minecraft.util.GsonHelper.m_13845_(GsonHelper.java:481) ~[server-1.20.1-20230612.114412-srg.jar%23570!/:?]
	at net.minecraft.world.level.storage.loot.LootTable$Serializer.deserialize(LootTable.java:294) ~[server-1.20.1-20230612.114412-srg.jar%23570!/:?]
	at net.minecraft.world.level.storage.loot.LootTable$Serializer.deserialize(LootTable.java:291) ~[server-1.20.1-20230612.114412-srg.jar%23570!/:?]
	at com.google.gson.internal.bind.TreeTypeAdapter.read(TreeTypeAdapter.java:76) ~[gson-2.10.jar%2372!/:?]
	at com.google.gson.Gson.fromJson(Gson.java:1214) ~[gson-2.10.jar%2372!/:?]
	at com.google.gson.Gson.fromJson(Gson.java:1319) ~[gson-2.10.jar%2372!/:?]
	at com.google.gson.Gson.fromJson(Gson.java:1261) ~[gson-2.10.jar%2372!/:?]
	at net.minecraftforge.common.ForgeHooks.loadLootTable(ForgeHooks.java:871) ~[forge-1.20.1-47.4.0-universal.jar%23575!/:?]
	at net.minecraftforge.common.ForgeHooks.lambda$getLootTableDeserializer$3(ForgeHooks.java:848) ~[forge-1.20.1-47.4.0-universal.jar%23575!/:?]
	at net.minecraft.world.level.storage.loot.LootDataType.deserialize(LootDataType.java:45) ~[server-1.20.1-20230612.114412-srg.jar%23570!/:?]
	at net.minecraft.world.level.storage.loot.LootDataManager.lambda$scheduleElementParse$4(LootDataManager.java:56) ~[server-1.20.1-20230612.114412-srg.jar%23570!/:?]
	at java.util.HashMap.forEach(HashMap.java:1429) ~[?:?]
	at net.minecraft.world.level.storage.loot.LootDataManager.m_278660_(LootDataManager.java:55) ~[server-1.20.1-20230612.114412-srg.jar%23570!/:?]
	at java.util.concurrent.CompletableFuture$AsyncRun.run(CompletableFuture.java:1804) ~[?:?]
	at java.util.concurrent.CompletableFuture$AsyncRun.exec(CompletableFuture.java:1796) ~[?:?]
	at java.util.concurrent.ForkJoinTask.doExec(ForkJoinTask.java:387) ~[?:?]
	at java.util.concurrent.ForkJoinPool$WorkQueue.topLevelExec(ForkJoinPool.java:1310) ~[?:?]
	at java.util.concurrent.ForkJoinPool.scan(ForkJoinPool.java:1841) ~[?:?]
	at java.util.concurrent.ForkJoinPool.runWorker(ForkJoinPool.java:1806) ~[?:?]
	at java.util.concurrent.ForkJoinWorkerThread.run(ForkJoinWorkerThread.java:188) ~[?:?]
[19ago2025 19:08:12.897] [Worker-Main-8/ERROR] [net.minecraftforge.common.ForgeHooks/]: Couldn't parse element loot_tables:mynethersdelight:blocks/blackstone_cooking_pot
com.google.gson.JsonSyntaxException: Unknown type 'mynethersdelight:copy_meal'
	at net.minecraft.world.level.storage.loot.GsonAdapterFactory$JsonAdapter.deserialize(GsonAdapterFactory.java:99) ~[server-1.20.1-20230612.114412-srg.jar%23570!/:?]
	at com.google.gson.internal.bind.TreeTypeAdapter.read(TreeTypeAdapter.java:76) ~[gson-2.10.jar%2372!/:?]
	at com.google.gson.internal.bind.TypeAdapterRuntimeTypeWrapper.read(TypeAdapterRuntimeTypeWrapper.java:40) ~[gson-2.10.jar%2372!/:?]
	at com.google.gson.internal.bind.ArrayTypeAdapter.read(ArrayTypeAdapter.java:72) ~[gson-2.10.jar%2372!/:?]
	at com.google.gson.Gson.fromJson(Gson.java:1214) ~[gson-2.10.jar%2372!/:?]
	at com.google.gson.Gson.fromJson(Gson.java:1319) ~[gson-2.10.jar%2372!/:?]
	at com.google.gson.Gson.fromJson(Gson.java:1290) ~[gson-2.10.jar%2372!/:?]
	at com.google.gson.internal.bind.TreeTypeAdapter$GsonContextImpl.deserialize(TreeTypeAdapter.java:179) ~[gson-2.10.jar%2372!/:?]
	at net.minecraft.util.GsonHelper.m_13808_(GsonHelper.java:463) ~[server-1.20.1-20230612.114412-srg.jar%23570!/:?]
	at net.minecraft.util.GsonHelper.m_13845_(GsonHelper.java:481) ~[server-1.20.1-20230612.114412-srg.jar%23570!/:?]
	at net.minecraft.world.level.storage.loot.entries.LootPoolSingletonContainer$Serializer.m_5921_(LootPoolSingletonContainer.java:149) ~[server-1.20.1-20230612.114412-srg.jar%23570!/:?]
	at net.minecraft.world.level.storage.loot.entries.LootPoolSingletonContainer$Serializer.m_5921_(LootPoolSingletonContainer.java:129) ~[server-1.20.1-20230612.114412-srg.jar%23570!/:?]
	at net.minecraft.world.level.storage.loot.entries.LootPoolEntryContainer$Serializer.m_7561_(LootPoolEntryContainer.java:86) ~[server-1.20.1-20230612.114412-srg.jar%23570!/:?]
	at net.minecraft.world.level.storage.loot.entries.LootPoolEntryContainer$Serializer.m_7561_(LootPoolEntryContainer.java:74) ~[server-1.20.1-20230612.114412-srg.jar%23570!/:?]
	at net.minecraft.world.level.storage.loot.GsonAdapterFactory$JsonAdapter.deserialize(GsonAdapterFactory.java:102) ~[server-1.20.1-20230612.114412-srg.jar%23570!/:?]
	at com.google.gson.internal.bind.TreeTypeAdapter.read(TreeTypeAdapter.java:76) ~[gson-2.10.jar%2372!/:?]
	at com.google.gson.internal.bind.TypeAdapterRuntimeTypeWrapper.read(TypeAdapterRuntimeTypeWrapper.java:40) ~[gson-2.10.jar%2372!/:?]
	at com.google.gson.internal.bind.ArrayTypeAdapter.read(ArrayTypeAdapter.java:72) ~[gson-2.10.jar%2372!/:?]
	at com.google.gson.Gson.fromJson(Gson.java:1214) ~[gson-2.10.jar%2372!/:?]
	at com.google.gson.Gson.fromJson(Gson.java:1319) ~[gson-2.10.jar%2372!/:?]
	at com.google.gson.Gson.fromJson(Gson.java:1290) ~[gson-2.10.jar%2372!/:?]
	at com.google.gson.internal.bind.TreeTypeAdapter$GsonContextImpl.deserialize(TreeTypeAdapter.java:179) ~[gson-2.10.jar%2372!/:?]
	at net.minecraft.util.GsonHelper.m_13808_(GsonHelper.java:463) ~[server-1.20.1-20230612.114412-srg.jar%23570!/:?]
	at net.minecraft.util.GsonHelper.m_13836_(GsonHelper.java:471) ~[server-1.20.1-20230612.114412-srg.jar%23570!/:?]
	at net.minecraft.world.level.storage.loot.LootPool$Serializer.deserialize(LootPool.java:192) ~[server-1.20.1-20230612.114412-srg.jar%23570!/:?]
	at net.minecraft.world.level.storage.loot.LootPool$Serializer.deserialize(LootPool.java:189) ~[server-1.20.1-20230612.114412-srg.jar%23570!/:?]
	at com.google.gson.internal.bind.TreeTypeAdapter.read(TreeTypeAdapter.java:76) ~[gson-2.10.jar%2372!/:?]
	at com.google.gson.internal.bind.TypeAdapterRuntimeTypeWrapper.read(TypeAdapterRuntimeTypeWrapper.java:40) ~[gson-2.10.jar%2372!/:?]
	at com.google.gson.internal.bind.ArrayTypeAdapter.read(ArrayTypeAdapter.java:72) ~[gson-2.10.jar%2372!/:?]
	at com.google.gson.Gson.fromJson(Gson.java:1214) ~[gson-2.10.jar%2372!/:?]
	at com.google.gson.Gson.fromJson(Gson.java:1319) ~[gson-2.10.jar%2372!/:?]
	at com.google.gson.Gson.fromJson(Gson.java:1290) ~[gson-2.10.jar%2372!/:?]
	at com.google.gson.internal.bind.TreeTypeAdapter$GsonContextImpl.deserialize(TreeTypeAdapter.java:179) ~[gson-2.10.jar%2372!/:?]
	at net.minecraft.util.GsonHelper.m_13808_(GsonHelper.java:463) ~[server-1.20.1-20230612.114412-srg.jar%23570!/:?]
	at net.minecraft.util.GsonHelper.m_13845_(GsonHelper.java:481) ~[server-1.20.1-20230612.114412-srg.jar%23570!/:?]
	at net.minecraft.world.level.storage.loot.LootTable$Serializer.deserialize(LootTable.java:294) ~[server-1.20.1-20230612.114412-srg.jar%23570!/:?]
	at net.minecraft.world.level.storage.loot.LootTable$Serializer.deserialize(LootTable.java:291) ~[server-1.20.1-20230612.114412-srg.jar%23570!/:?]
	at com.google.gson.internal.bind.TreeTypeAdapter.read(TreeTypeAdapter.java:76) ~[gson-2.10.jar%2372!/:?]
	at com.google.gson.Gson.fromJson(Gson.java:1214) ~[gson-2.10.jar%2372!/:?]
	at com.google.gson.Gson.fromJson(Gson.java:1319) ~[gson-2.10.jar%2372!/:?]
	at com.google.gson.Gson.fromJson(Gson.java:1261) ~[gson-2.10.jar%2372!/:?]
	at net.minecraftforge.common.ForgeHooks.loadLootTable(ForgeHooks.java:871) ~[forge-1.20.1-47.4.0-universal.jar%23575!/:?]
	at net.minecraftforge.common.ForgeHooks.lambda$getLootTableDeserializer$3(ForgeHooks.java:848) ~[forge-1.20.1-47.4.0-universal.jar%23575!/:?]
	at net.minecraft.world.level.storage.loot.LootDataType.deserialize(LootDataType.java:45) ~[server-1.20.1-20230612.114412-srg.jar%23570!/:?]
	at net.minecraft.world.level.storage.loot.LootDataManager.lambda$scheduleElementParse$4(LootDataManager.java:56) ~[server-1.20.1-20230612.114412-srg.jar%23570!/:?]
	at java.util.HashMap.forEach(HashMap.java:1429) ~[?:?]
	at net.minecraft.world.level.storage.loot.LootDataManager.m_278660_(LootDataManager.java:55) ~[server-1.20.1-20230612.114412-srg.jar%23570!/:?]
	at java.util.concurrent.CompletableFuture$AsyncRun.run(CompletableFuture.java:1804) ~[?:?]
	at java.util.concurrent.CompletableFuture$AsyncRun.exec(CompletableFuture.java:1796) ~[?:?]
	at java.util.concurrent.ForkJoinTask.doExec(ForkJoinTask.java:387) ~[?:?]
	at java.util.concurrent.ForkJoinPool$WorkQueue.topLevelExec(ForkJoinPool.java:1310) ~[?:?]
	at java.util.concurrent.ForkJoinPool.scan(ForkJoinPool.java:1841) ~[?:?]
	at java.util.concurrent.ForkJoinPool.runWorker(ForkJoinPool.java:1806) ~[?:?]
	at java.util.concurrent.ForkJoinWorkerThread.run(ForkJoinWorkerThread.java:188) ~[?:?]
[19ago2025 19:08:13.136] [main/INFO] [Sawmill/]: Intercepted tag results
[19ago2025 19:08:13.136] [main/INFO] [com.teamabnormals.blueprint.core.Blueprint/]: Loot Modification Manager has loaded 0 modifier groups
[19ago2025 19:08:13.287] [main/ERROR] [org.betterx.worlds.together.util.Logger/]: [bclib] ERROR building loot table: 'void net.minecraft.world.level.storage.loot.LootPool.<init>(net.minecraft.world.level.storage.loot.entries.LootPoolEntryContainer[], net.minecraft.world.level.storage.loot.predicates.LootItemCondition[], net.minecraft.world.level.storage.loot.functions.LootItemFunction[], net.minecraft.world.level.storage.loot.providers.number.NumberProvider, net.minecraft.world.level.storage.loot.providers.number.NumberProvider)'
[19ago2025 19:08:13.287] [main/ERROR] [org.betterx.worlds.together.util.Logger/]: [betternether] Unable to building bartering table
[19ago2025 19:08:13.382] [main/INFO] [org.betterx.worlds.together.util.Logger/]: [bclib] Disabling Recipe: bclib:test_star
[19ago2025 19:08:13.415] [main/INFO] [STDOUT/]: [earth.terrarium.botarium.common.energy.EnergyApi:finalizeItemRegistration:54]: Finalizing energy item registration
[19ago2025 19:08:13.416] [main/INFO] [STDOUT/]: [earth.terrarium.botarium.common.fluid.FluidApi:finalizeItemRegistration:55]: Finalizing fluid item registration
[19ago2025 19:08:13.437] [main/INFO] [net.minecraft.world.item.crafting.RecipeManager/]: Skipping loading recipe undergarden:gloomgourd_pie as it's serializer returned null
[19ago2025 19:08:13.447] [main/INFO] [net.minecraft.world.item.crafting.RecipeManager/]: Skipping loading recipe aether:skyroot_milk_bucket_cake as it's serializer returned null
[19ago2025 19:08:13.448] [main/ERROR] [net.minecraft.world.item.crafting.RecipeManager/]: Parsing error loading recipe sullysmod:grindstone_polishing/gelogicexpansion/white_polished_prismatic_stone_stairs_from_white_prismatic_stone_stairs: com.google.gson.JsonSyntaxException: Invalid or unsupported recipe type 'sullysmod:grindstone_polishing'
[19ago2025 19:08:13.463] [main/INFO] [net.minecraft.world.item.crafting.RecipeManager/]: Skipping loading recipe delightful:knives/repairing/skyroot_knife as it's serializer returned null
[19ago2025 19:08:13.463] [main/ERROR] [net.minecraft.world.item.crafting.RecipeManager/]: Parsing error loading recipe farmersdelight:cutting/wilderness/overgrown_oak_log: com.google.gson.JsonSyntaxException: Unknown item 'wilderness:overgrown_oak_log'
[19ago2025 19:08:13.467] [main/ERROR] [net.minecraft.world.item.crafting.RecipeManager/]: Parsing error loading recipe sullysmod:grindstone_polishing/gelogicexpansion/light_gray_polished_prismatic_stone_wall_from_light_gray_prismatic_stone_wall: com.google.gson.JsonSyntaxException: Invalid or unsupported recipe type 'sullysmod:grindstone_polishing'
[19ago2025 19:08:13.479] [main/INFO] [net.minecraft.world.item.crafting.RecipeManager/]: Skipping loading recipe delightful:knives/osmium_knife as it's serializer returned null
[19ago2025 19:08:13.484] [main/INFO] [net.minecraft.world.item.crafting.RecipeManager/]: Skipping loading recipe delightful:knives/smelting/bone/bone_meal_from_smelting_axe as it's serializer returned null
[19ago2025 19:08:13.486] [main/INFO] [net.minecraft.world.item.crafting.RecipeManager/]: Skipping loading recipe delightful:integration/cookielicious/source_berry_cookie_tile_slab_stonecutting as it's serializer returned null
[19ago2025 19:08:13.498] [main/INFO] [net.minecraft.world.item.crafting.RecipeManager/]: Skipping loading recipe twilightdelight:hydra_burger as it's serializer returned null
[19ago2025 19:08:13.499] [main/INFO] [net.minecraft.world.item.crafting.RecipeManager/]: Skipping loading recipe delightful:food/wheat_dough_from_flour_and_water as it's serializer returned null
[19ago2025 19:08:13.506] [main/ERROR] [net.minecraft.world.item.crafting.RecipeManager/]: Parsing error loading recipe sullysmod:grindstone_polishing/twigs/polished_tuff_from_tuff: com.google.gson.JsonSyntaxException: Invalid or unsupported recipe type 'sullysmod:grindstone_polishing'
[19ago2025 19:08:13.511] [main/ERROR] [net.minecraft.world.item.crafting.RecipeManager/]: Parsing error loading recipe sullysmod:grindstone_polishing/gelogicexpansion/blue_polished_prismatic_stone_stairs_from_blue_prismatic_stone_stairs: com.google.gson.JsonSyntaxException: Invalid or unsupported recipe type 'sullysmod:grindstone_polishing'
[19ago2025 19:08:13.512] [main/ERROR] [net.minecraft.world.item.crafting.RecipeManager/]: Parsing error loading recipe sullysmod:grindstone_polishing/gelogicexpansion/magenta_polished_prismatic_stone_stairs_from_magenta_prismatic_stone_stairs: com.google.gson.JsonSyntaxException: Invalid or unsupported recipe type 'sullysmod:grindstone_polishing'
[19ago2025 19:08:13.512] [main/INFO] [net.minecraft.world.item.crafting.RecipeManager/]: Skipping loading recipe delightful:integration/windswept/goat_shanks_windswept as it's serializer returned null
[19ago2025 19:08:13.512] [main/ERROR] [net.minecraft.world.item.crafting.RecipeManager/]: Parsing error loading recipe sullysmod:grindstone_polishing/twigs/polished_tuff_slab_from_tuff_slab: com.google.gson.JsonSyntaxException: Invalid or unsupported recipe type 'sullysmod:grindstone_polishing'
[19ago2025 19:08:13.512] [main/INFO] [net.minecraft.world.item.crafting.RecipeManager/]: Skipping loading recipe delightful:knives/smelting/lead_eidolon as it's serializer returned null
[19ago2025 19:08:13.512] [main/ERROR] [net.minecraft.world.item.crafting.RecipeManager/]: Parsing error loading recipe jeed:thirst: com.google.gson.JsonSyntaxException: Invalid or unsupported recipe type 'jeed:effect_provider'
[19ago2025 19:08:13.513] [main/INFO] [net.minecraft.world.item.crafting.RecipeManager/]: Skipping loading recipe delightful:integration/cookielicious/source_berry_cookie_tile_stairs_stonecutting as it's serializer returned null
[19ago2025 19:08:13.513] [main/ERROR] [net.minecraft.world.item.crafting.RecipeManager/]: Parsing error loading recipe twigs:clayworks/cracked_polished_cobblestone_bricks_from_baking: com.google.gson.JsonSyntaxException: Invalid or unsupported recipe type 'clayworks:baking'
[19ago2025 19:08:13.518] [main/INFO] [net.minecraft.world.item.crafting.RecipeManager/]: Skipping loading recipe autumnity:syrup_bottle_from_smoking as it's serializer returned null
[19ago2025 19:08:13.518] [main/ERROR] [net.minecraft.world.item.crafting.RecipeManager/]: Parsing error loading recipe farmersdelight:cutting/habitat/edelweiss: com.google.gson.JsonSyntaxException: Unknown item 'habitat:edelweiss'
[19ago2025 19:08:13.526] [main/ERROR] [net.minecraft.world.item.crafting.RecipeManager/]: Parsing error loading recipe sullysmod:grindstone_polishing/gelogicexpansion/lime_polished_prismatic_stone_wall_from_lime_prismatic_stone_wall: com.google.gson.JsonSyntaxException: Invalid or unsupported recipe type 'sullysmod:grindstone_polishing'
[19ago2025 19:08:13.526] [main/INFO] [net.minecraft.world.item.crafting.RecipeManager/]: Skipping loading recipe delightful:knives/smelting/lead_thermal as it's serializer returned null
[19ago2025 19:08:13.526] [main/INFO] [net.minecraft.world.item.crafting.RecipeManager/]: Skipping loading recipe delightful:integration/ars_nouveau/source_berry_ice_cream as it's serializer returned null
[19ago2025 19:08:13.532] [main/INFO] [net.minecraft.world.item.crafting.RecipeManager/]: Skipping loading recipe upgrade_aquatic:mulberry_pie as it's serializer returned null
[19ago2025 19:08:13.532] [main/INFO] [net.minecraft.world.item.crafting.RecipeManager/]: Skipping loading recipe fruitsdelight:kiwi_popsicle as it's serializer returned null
[19ago2025 19:08:13.532] [main/INFO] [net.minecraft.world.item.crafting.RecipeManager/]: Skipping loading recipe spawn:tuna_sandwich as it's serializer returned null
[19ago2025 19:08:13.533] [main/INFO] [net.minecraft.world.item.crafting.RecipeManager/]: Skipping loading recipe delightful:integration/biomeswevegone/unpack_green_apple_crate as it's serializer returned null
[19ago2025 19:08:13.534] [main/INFO] [net.minecraft.world.item.crafting.RecipeManager/]: Skipping loading recipe thermal:augments/machine_null_augment as it's serializer returned null
[19ago2025 19:08:13.539] [main/INFO] [net.minecraft.world.item.crafting.RecipeManager/]: Skipping loading recipe delightful:integration/farmersrespite/pouring/lavender_tea as it's serializer returned null
[19ago2025 19:08:13.540] [main/INFO] [net.minecraft.world.item.crafting.RecipeManager/]: Skipping loading recipe delightful:integration/ars_nouveau/source_berry_ice_cream_block as it's serializer returned null
[19ago2025 19:08:13.546] [main/INFO] [net.minecraft.world.item.crafting.RecipeManager/]: Skipping loading recipe casualness_delight:cutting/quiche_lorraine as it's serializer returned null
[19ago2025 19:08:13.546] [main/ERROR] [net.minecraft.world.item.crafting.RecipeManager/]: Parsing error loading recipe sullysmod:grindstone_polishing/gelogicexpansion/purple_polished_prismatic_stone_stairs_from_purple_prismatic_stone_stairs: com.google.gson.JsonSyntaxException: Invalid or unsupported recipe type 'sullysmod:grindstone_polishing'
[19ago2025 19:08:13.546] [main/INFO] [net.minecraft.world.item.crafting.RecipeManager/]: Skipping loading recipe enderio:alloy_smelting/ender_pearl as it's serializer returned null
[19ago2025 19:08:13.546] [main/ERROR] [net.minecraft.world.item.crafting.RecipeManager/]: Parsing error loading recipe sullysmod:grindstone_polishing/netherdungeons/polished_ominous_quartz_slab_from_ominous_quartz_slab: com.google.gson.JsonSyntaxException: Invalid or unsupported recipe type 'sullysmod:grindstone_polishing'
[19ago2025 19:08:13.546] [main/ERROR] [net.minecraft.world.item.crafting.RecipeManager/]: Parsing error loading recipe sullysmod:grindstone_polishing/gelogicexpansion/white_polished_prismatic_stone_wall_from_white_prismatic_stone_wall: com.google.gson.JsonSyntaxException: Invalid or unsupported recipe type 'sullysmod:grindstone_polishing'
[19ago2025 19:08:13.553] [main/INFO] [net.minecraft.world.item.crafting.RecipeManager/]: Skipping loading recipe delightful:integration/farmersrespite/emptying/azalea_tea as it's serializer returned null
[19ago2025 19:08:13.557] [main/INFO] [net.minecraft.world.item.crafting.RecipeManager/]: Skipping loading recipe delightful:knives/smelting/bone/bone_meal_from_smelting_chestplate as it's serializer returned null
[19ago2025 19:08:13.558] [main/INFO] [net.minecraft.world.item.crafting.RecipeManager/]: Skipping loading recipe delightful:knives/blasting/tin_thermal as it's serializer returned null
[19ago2025 19:08:13.558] [main/ERROR] [net.minecraft.world.item.crafting.RecipeManager/]: Parsing error loading recipe sullysmod:grindstone_polishing/gelogicexpansion/polished_limestone_stairs_from_limestone_stairs: com.google.gson.JsonSyntaxException: Invalid or unsupported recipe type 'sullysmod:grindstone_polishing'
[19ago2025 19:08:13.602] [main/INFO] [net.minecraft.world.item.crafting.RecipeManager/]: Skipping loading recipe delightful:knives/smelting/nickel_thermal as it's serializer returned null
[19ago2025 19:08:13.603] [main/INFO] [net.minecraft.world.item.crafting.RecipeManager/]: Skipping loading recipe delightful:knives/draco_arcanus_knife as it's serializer returned null
[19ago2025 19:08:13.603] [main/INFO] [net.minecraft.world.item.crafting.RecipeManager/]: Skipping loading recipe sprout:water_sausage as it's serializer returned null
[19ago2025 19:08:13.603] [main/INFO] [net.minecraft.world.item.crafting.RecipeManager/]: Skipping loading recipe delightful:integration/forestry/squeezer/squeezable_fruit as it's serializer returned null
[19ago2025 19:08:13.603] [main/INFO] [net.minecraft.world.item.crafting.RecipeManager/]: Skipping loading recipe forestry:squeezer/fruit/lemon as it's serializer returned null
[19ago2025 19:08:13.603] [main/INFO] [net.minecraft.world.item.crafting.RecipeManager/]: Skipping loading recipe delightful:integration/atmospheric/passion_fruit_tart as it's serializer returned null
[19ago2025 19:08:13.605] [main/INFO] [net.minecraft.world.item.crafting.RecipeManager/]: Skipping loading recipe miners_delight:cooking/takoyaki as it's serializer returned null
[19ago2025 19:08:13.605] [main/INFO] [net.minecraft.world.item.crafting.RecipeManager/]: Skipping loading recipe delightful:integration/biomeswevegone/yucca_fruit_crate as it's serializer returned null
[19ago2025 19:08:13.605] [main/ERROR] [net.minecraft.world.item.crafting.RecipeManager/]: Parsing error loading recipe sullysmod:grindstone_polishing/gelogicexpansion/cyan_polished_prismatic_stone_from_cyan_prismatic_stone: com.google.gson.JsonSyntaxException: Invalid or unsupported recipe type 'sullysmod:grindstone_polishing'
[19ago2025 19:08:13.611] [main/INFO] [net.minecraft.world.item.crafting.RecipeManager/]: Skipping loading recipe enderio:sag_milling/clay as it's serializer returned null
[19ago2025 19:08:13.616] [main/INFO] [net.minecraft.world.item.crafting.RecipeManager/]: Skipping loading recipe delightful:knives/blasting/brass_create as it's serializer returned null
[19ago2025 19:08:13.620] [main/INFO] [net.minecraft.world.item.crafting.RecipeManager/]: Skipping loading recipe frozenup:truffle_cake_from_chocolate as it's serializer returned null
[19ago2025 19:08:13.620] [main/INFO] [net.minecraft.world.item.crafting.RecipeManager/]: Skipping loading recipe delightful:knives/smelting/bronze_thermal as it's serializer returned null
[19ago2025 19:08:13.625] [main/ERROR] [net.minecraft.world.item.crafting.RecipeManager/]: Parsing error loading recipe rainbowreef:milk_bottle_clownfish_cupcake: com.google.gson.JsonSyntaxException: Unknown item 'rainbowreef:raw_clownfish'
[19ago2025 19:08:13.625] [main/ERROR] [net.minecraft.world.item.crafting.RecipeManager/]: Parsing error loading recipe extra_compat:cloggrum_great_axe: com.google.gson.JsonSyntaxException: Unknown item 'undergarden:cloggrum_axe'
[19ago2025 19:08:13.625] [main/INFO] [net.minecraft.world.item.crafting.RecipeManager/]: Skipping loading recipe delightful:food/wheat_dough_from_flour_and_eggs as it's serializer returned null
[19ago2025 19:08:13.630] [main/INFO] [net.minecraft.world.item.crafting.RecipeManager/]: Skipping loading recipe miners_delight:insect_wrap as it's serializer returned null
[19ago2025 19:08:13.630] [main/INFO] [net.minecraft.world.item.crafting.RecipeManager/]: Skipping loading recipe delightful:food/cooking/coconut_curry_no_ginger as it's serializer returned null
[19ago2025 19:08:13.632] [main/ERROR] [net.minecraft.world.item.crafting.RecipeManager/]: Parsing error loading recipe jeed:ender_flu: com.google.gson.JsonSyntaxException: Invalid or unsupported recipe type 'jeed:effect_provider'
[19ago2025 19:08:13.647] [main/INFO] [net.minecraft.world.item.crafting.RecipeManager/]: Skipping loading recipe delightful:integration/ars_nouveau/cutting/blue_archwood_wood as it's serializer returned null
[19ago2025 19:08:13.654] [main/ERROR] [net.minecraft.world.item.crafting.RecipeManager/]: Parsing error loading recipe extra_compat:froststeel_hammer: com.google.gson.JsonSyntaxException: Unknown item 'undergarden:froststeel_ingot'
[19ago2025 19:08:13.654] [main/ERROR] [net.minecraft.world.item.crafting.RecipeManager/]: Parsing error loading recipe jeed:bitten: com.google.gson.JsonSyntaxException: Invalid or unsupported recipe type 'jeed:effect_provider'
[19ago2025 19:08:13.658] [main/ERROR] [net.minecraft.world.item.crafting.RecipeManager/]: Parsing error loading recipe twigs:clayworks/cracked_polished_calcite_bricks_from_baking: com.google.gson.JsonSyntaxException: Invalid or unsupported recipe type 'clayworks:baking'
[19ago2025 19:08:13.658] [main/ERROR] [net.minecraft.world.item.crafting.RecipeManager/]: Parsing error loading recipe jeed:soul_marked: com.google.gson.JsonSyntaxException: Invalid or unsupported recipe type 'jeed:effect_provider'
[19ago2025 19:08:13.666] [main/INFO] [net.minecraft.world.item.crafting.RecipeManager/]: Skipping loading recipe delightful:integration/farmersrespite/filling/azalea_tea as it's serializer returned null
[19ago2025 19:08:13.666] [main/ERROR] [net.minecraft.world.item.crafting.RecipeManager/]: Parsing error loading recipe jeed:strength: com.google.gson.JsonSyntaxException: Invalid or unsupported recipe type 'jeed:effect_provider'
[19ago2025 19:08:13.673] [main/ERROR] [net.minecraft.world.item.crafting.RecipeManager/]: Parsing error loading recipe autumnity:wallpapers/lime_wallpaper_roll: com.google.gson.JsonSyntaxException: Unknown item 'wallpapers:lime_wallpaper_roll'
[19ago2025 19:08:13.674] [main/ERROR] [net.minecraft.world.item.crafting.RecipeManager/]: Parsing error loading recipe nethersdelight:cutting/hoglin_sausage_alt: com.google.gson.JsonSyntaxException: Unknown item 'nethersdelight:hoglin_loin'
[19ago2025 19:08:13.674] [main/INFO] [net.minecraft.world.item.crafting.RecipeManager/]: Skipping loading recipe wildberries:cutting/blackberry_pie as it's serializer returned null
[19ago2025 19:08:13.679] [main/INFO] [net.minecraft.world.item.crafting.RecipeManager/]: Skipping loading recipe duckling:cake as it's serializer returned null
[19ago2025 19:08:13.683] [main/ERROR] [net.minecraft.world.item.crafting.RecipeManager/]: Parsing error loading recipe crabbersdelight:lanternfish_from_barrel: com.google.gson.JsonSyntaxException: Unknown item 'crabbersdelight:lanternfish_barrel'
[19ago2025 19:08:13.683] [main/ERROR] [net.minecraft.world.item.crafting.RecipeManager/]: Parsing error loading recipe sullysmod:grindstone_polishing/gelogicexpansion/pink_polished_prismatic_stone_wall_from_pink_prismatic_stone_wall: com.google.gson.JsonSyntaxException: Invalid or unsupported recipe type 'sullysmod:grindstone_polishing'
[19ago2025 19:08:13.683] [main/INFO] [net.minecraft.world.item.crafting.RecipeManager/]: Skipping loading recipe delightful:integration/unusualend/chorus_muffin as it's serializer returned null
[19ago2025 19:08:13.683] [main/INFO] [net.minecraft.world.item.crafting.RecipeManager/]: Skipping loading recipe delightful:knives/smelting/silver_eidolon as it's serializer returned null
[19ago2025 19:08:13.692] [main/ERROR] [net.minecraft.world.item.crafting.RecipeManager/]: Parsing error loading recipe sullysmod:grindstone_polishing/galosphere/polished_pastel_pink_salt_from_pastel_pink_salt: com.google.gson.JsonSyntaxException: Invalid or unsupported recipe type 'sullysmod:grindstone_polishing'
[19ago2025 19:08:13.692] [main/INFO] [net.minecraft.world.item.crafting.RecipeManager/]: Skipping loading recipe delightful:knives/holystone_knife as it's serializer returned null
[19ago2025 19:08:13.692] [main/INFO] [net.minecraft.world.item.crafting.RecipeManager/]: Skipping loading recipe delightful:knives/blasting/constantan_immersiveengineering as it's serializer returned null
[19ago2025 19:08:13.692] [main/INFO] [net.minecraft.world.item.crafting.RecipeManager/]: Skipping loading recipe delightful:integration/brewinandchewin/pizza_from_dough as it's serializer returned null
[19ago2025 19:08:13.700] [main/INFO] [net.minecraft.world.item.crafting.RecipeManager/]: Skipping loading recipe delightful:integration/cookielicious/source_berry_cookie_tile_wall as it's serializer returned null
[19ago2025 19:08:13.707] [main/INFO] [net.minecraft.world.item.crafting.RecipeManager/]: Skipping loading recipe delightful:integration/rottenleather/chunkwich as it's serializer returned null
[19ago2025 19:08:13.707] [main/INFO] [net.minecraft.world.item.crafting.RecipeManager/]: Skipping loading recipe delightful:knives/smelting/steel_immersiveengineering as it's serializer returned null
[19ago2025 19:08:13.710] [main/ERROR] [net.minecraft.world.item.crafting.RecipeManager/]: Parsing error loading recipe endersdelight:integration/create/milling/voidpepper: com.google.gson.JsonSyntaxException: Invalid or unsupported recipe type 'create:milling'
[19ago2025 19:08:13.712] [main/INFO] [net.minecraft.world.item.crafting.RecipeManager/]: Skipping loading recipe delightful:knives/thyrium_knife as it's serializer returned null
[19ago2025 19:08:13.712] [main/INFO] [net.minecraft.world.item.crafting.RecipeManager/]: Skipping loading recipe wildberries:glow_berry_pie_from_slices as it's serializer returned null
[19ago2025 19:08:13.712] [main/INFO] [net.minecraft.world.item.crafting.RecipeManager/]: Skipping loading recipe delightful:knives/blasting/constantan_thermal as it's serializer returned null
[19ago2025 19:08:13.718] [main/INFO] [net.minecraft.world.item.crafting.RecipeManager/]: Skipping loading recipe vintagedelight:deluxe_burger as it's serializer returned null
[19ago2025 19:08:13.718] [main/INFO] [net.minecraft.world.item.crafting.RecipeManager/]: Skipping loading recipe ecologics:beetroot_soup_from_coconut_husk as it's serializer returned null
[19ago2025 19:08:13.720] [main/ERROR] [net.minecraft.world.item.crafting.RecipeManager/]: Parsing error loading recipe jeed:sunbird_blessing: com.google.gson.JsonSyntaxException: Invalid or unsupported recipe type 'jeed:effect_provider'
[19ago2025 19:08:13.720] [main/INFO] [net.minecraft.world.item.crafting.RecipeManager/]: Skipping loading recipe delightful:integration/sunflowerdelight/red_dye_from_rosebud as it's serializer returned null
[19ago2025 19:08:13.722] [main/INFO] [net.minecraft.world.item.crafting.RecipeManager/]: Skipping loading recipe delightful:knives/smelting/silver_immersiveengineering as it's serializer returned null
[19ago2025 19:08:13.724] [main/ERROR] [net.minecraft.world.item.crafting.RecipeManager/]: Parsing error loading recipe jeed:soulform: com.google.gson.JsonSyntaxException: Invalid or unsupported recipe type 'jeed:effect_provider'
[19ago2025 19:08:13.724] [main/INFO] [net.minecraft.world.item.crafting.RecipeManager/]: Skipping loading recipe delightful:knives/smelting/brass_create as it's serializer returned null
[19ago2025 19:08:13.724] [main/INFO] [net.minecraft.world.item.crafting.RecipeManager/]: Skipping loading recipe delightful:cutting/makes_dye/cyan as it's serializer returned null
[19ago2025 19:08:13.731] [main/INFO] [net.minecraft.world.item.crafting.RecipeManager/]: Skipping loading recipe create:rose_quartz_block_from_rose_quartz_stonecutting as it's serializer returned null
[19ago2025 19:08:13.731] [main/INFO] [net.minecraft.world.item.crafting.RecipeManager/]: Skipping loading recipe casualness_delight:crafting_shaped/donkey_burger as it's serializer returned null
[19ago2025 19:08:13.732] [main/INFO] [net.minecraft.world.item.crafting.RecipeManager/]: Skipping loading recipe delightful:knives/blasting/lead_immersiveengineering as it's serializer returned null
[19ago2025 19:08:13.732] [main/INFO] [net.minecraft.world.item.crafting.RecipeManager/]: Skipping loading recipe minecraft:mushroom_stew as it's serializer returned null
[19ago2025 19:08:13.732] [main/ERROR] [net.minecraft.world.item.crafting.RecipeManager/]: Parsing error loading recipe farmersdelight:cutting/aromatic/cinnamon_wood: com.google.gson.JsonSyntaxException: Unknown item 'aromatic:cinnamon_wood'
[19ago2025 19:08:13.732] [main/INFO] [net.minecraft.world.item.crafting.RecipeManager/]: Skipping loading recipe delightful:integration/culturaldelights/cutting_cooked_squid as it's serializer returned null
[19ago2025 19:08:13.732] [main/INFO] [net.minecraft.world.item.crafting.RecipeManager/]: Skipping loading recipe atmospheric:passion_fruit_tart as it's serializer returned null
[19ago2025 19:08:13.733] [main/INFO] [net.minecraft.world.item.crafting.RecipeManager/]: Skipping loading recipe duckling:holiday_fruit_cake as it's serializer returned null
[19ago2025 19:08:13.733] [main/INFO] [net.minecraft.world.item.crafting.RecipeManager/]: Skipping loading recipe delightful:integration/atmospheric/cutting/passion_fruit_tart as it's serializer returned null
[19ago2025 19:08:13.733] [main/ERROR] [net.minecraft.world.item.crafting.RecipeManager/]: Parsing error loading recipe sullysmod:grindstone_polishing/gelogicexpansion/black_polished_prismatic_stone_stairs_from_black_prismatic_stone_stairs: com.google.gson.JsonSyntaxException: Invalid or unsupported recipe type 'sullysmod:grindstone_polishing'
[19ago2025 19:08:13.734] [main/INFO] [net.minecraft.world.item.crafting.RecipeManager/]: Skipping loading recipe delightful:food/honey_glazed_walnut as it's serializer returned null
[19ago2025 19:08:13.735] [main/ERROR] [net.minecraft.world.item.crafting.RecipeManager/]: Parsing error loading recipe sullysmod:grindstone_polishing/twigs/polished_tuff_stairs_from_tuff_stairs: com.google.gson.JsonSyntaxException: Invalid or unsupported recipe type 'sullysmod:grindstone_polishing'
[19ago2025 19:08:13.735] [main/INFO] [net.minecraft.world.item.crafting.RecipeManager/]: Skipping loading recipe delightful:knives/smithing/pearlescent_knife as it's serializer returned null
[19ago2025 19:08:13.737] [main/INFO] [net.minecraft.world.item.crafting.RecipeManager/]: Skipping loading recipe delightful:food/cooking/sinigang as it's serializer returned null
[19ago2025 19:08:13.742] [main/INFO] [net.minecraft.world.item.crafting.RecipeManager/]: Skipping loading recipe thermal:machines/refinery/refinery_sap as it's serializer returned null
[19ago2025 19:08:13.751] [main/INFO] [net.minecraft.world.item.crafting.RecipeManager/]: Skipping loading recipe delightful:integration/cookielicious/glow_jam_cookie_tile_wall_stonecutting as it's serializer returned null
[19ago2025 19:08:13.751] [main/INFO] [net.minecraft.world.item.crafting.RecipeManager/]: Skipping loading recipe delightful:food/cooking/venison_stew as it's serializer returned null
[19ago2025 19:08:13.752] [main/ERROR] [net.minecraft.world.item.crafting.RecipeManager/]: Parsing error loading recipe sullysmod:grindstone_polishing/netherdungeons/polished_ominous_quartz_from_ominous_quartz: com.google.gson.JsonSyntaxException: Invalid or unsupported recipe type 'sullysmod:grindstone_polishing'
[19ago2025 19:08:13.755] [main/INFO] [net.minecraft.world.item.crafting.RecipeManager/]: Skipping loading recipe deep_aether:skyroot_milk_bucket_cake as it's serializer returned null
[19ago2025 19:08:13.755] [main/INFO] [net.minecraft.world.item.crafting.RecipeManager/]: Skipping loading recipe delightful:integration/ars_nouveau/cutting/green_archwood_log as it's serializer returned null
[19ago2025 19:08:13.755] [main/INFO] [net.minecraft.world.item.crafting.RecipeManager/]: Skipping loading recipe delightful:integration/thermal/tree_extractor/yellow_maple as it's serializer returned null
[19ago2025 19:08:13.756] [main/INFO] [net.minecraft.world.item.crafting.RecipeManager/]: Skipping loading recipe delightful:integration/biomeswevegone/cutting/flowering_barrel_cactus as it's serializer returned null
[19ago2025 19:08:13.756] [main/ERROR] [net.minecraft.world.item.crafting.RecipeManager/]: Parsing error loading recipe extra_compat:cloggrum_club: com.google.gson.JsonSyntaxException: Unknown item 'undergarden:cloggrum_ingot'
[19ago2025 19:08:13.756] [main/ERROR] [net.minecraft.world.item.crafting.RecipeManager/]: Parsing error loading recipe sullysmod:grindstone_polishing/gelogicexpansion/pink_polished_prismatic_stone_slab_from_pink_prismatic_stone_slab: com.google.gson.JsonSyntaxException: Invalid or unsupported recipe type 'sullysmod:grindstone_polishing'
[19ago2025 19:08:13.756] [main/INFO] [net.minecraft.world.item.crafting.RecipeManager/]: Skipping loading recipe delightful:knives/smelting/tin_thermal as it's serializer returned null
[19ago2025 19:08:13.760] [main/INFO] [net.minecraft.world.item.crafting.RecipeManager/]: Skipping loading recipe delightful:food/cooking/venison_stew_no_animal_fat as it's serializer returned null
[19ago2025 19:08:13.760] [main/ERROR] [net.minecraft.world.item.crafting.RecipeManager/]: Parsing error loading recipe sullysmod:grindstone_polishing/gelogicexpansion/green_polished_prismatic_stone_wall_from_green_prismatic_stone_wall: com.google.gson.JsonSyntaxException: Invalid or unsupported recipe type 'sullysmod:grindstone_polishing'
[19ago2025 19:08:13.766] [main/INFO] [net.minecraft.world.item.crafting.RecipeManager/]: Skipping loading recipe thermal:storage/carrot_from_block as it's serializer returned null
[19ago2025 19:08:13.766] [main/INFO] [net.minecraft.world.item.crafting.RecipeManager/]: Skipping loading recipe delightful:knives/blasting/bone/bone_meal_from_blasting_chestplate as it's serializer returned null
[19ago2025 19:08:13.766] [main/INFO] [net.minecraft.world.item.crafting.RecipeManager/]: Skipping loading recipe delightful:knives/skyroot_knife as it's serializer returned null
[19ago2025 19:08:13.766] [main/INFO] [net.minecraft.world.item.crafting.RecipeManager/]: Skipping loading recipe enderio:cake as it's serializer returned null
[19ago2025 19:08:13.772] [main/INFO] [net.minecraft.world.item.crafting.RecipeManager/]: Skipping loading recipe vintagedelight:cheese_burger_from_bun as it's serializer returned null
[19ago2025 19:08:13.773] [main/INFO] [net.minecraft.world.item.crafting.RecipeManager/]: Skipping loading recipe delightful:integration/habitat/cutting/tall_red_anthurium as it's serializer returned null
[19ago2025 19:08:13.773] [main/INFO] [net.minecraft.world.item.crafting.RecipeManager/]: Skipping loading recipe delightful:knives/smithing/enderite_knife as it's serializer returned null
[19ago2025 19:08:13.779] [main/ERROR] [net.minecraft.world.item.crafting.RecipeManager/]: Parsing error loading recipe jeed:stunning: com.google.gson.JsonSyntaxException: Invalid or unsupported recipe type 'jeed:effect_provider'
[19ago2025 19:08:13.779] [main/INFO] [net.minecraft.world.item.crafting.RecipeManager/]: Skipping loading recipe delightful:integration/ars_nouveau/unpack_mendosteen_crate as it's serializer returned null
[19ago2025 19:08:13.780] [main/INFO] [net.minecraft.world.item.crafting.RecipeManager/]: Skipping loading recipe minecraft:pumpkin_pie as it's serializer returned null
[19ago2025 19:08:13.780] [main/INFO] [net.minecraft.world.item.crafting.RecipeManager/]: Skipping loading recipe delightful:knives/kiwano_knife as it's serializer returned null
[19ago2025 19:08:13.780] [main/ERROR] [net.minecraft.world.item.crafting.RecipeManager/]: Parsing error loading recipe autumnity:wallpapers/light_gray_wallpaper_roll: com.google.gson.JsonSyntaxException: Unknown item 'wallpapers:light_gray_wallpaper_roll'
[19ago2025 19:08:13.780] [main/ERROR] [net.minecraft.world.item.crafting.RecipeManager/]: Parsing error loading recipe jeed:fear: com.google.gson.JsonSyntaxException: Invalid or unsupported recipe type 'jeed:effect_provider'
[19ago2025 19:08:13.780] [main/INFO] [net.minecraft.world.item.crafting.RecipeManager/]: Skipping loading recipe delightful:knives/smelting/bone/bone_meal_from_smelting_leggings as it's serializer returned null
[19ago2025 19:08:13.792] [main/INFO] [net.minecraft.world.item.crafting.RecipeManager/]: Skipping loading recipe naturalist:pumpkin_pie as it's serializer returned null
[19ago2025 19:08:13.792] [main/INFO] [net.minecraft.world.item.crafting.RecipeManager/]: Skipping loading recipe delightful:food/smore_from_chocolate as it's serializer returned null
[19ago2025 19:08:13.794] [main/INFO] [net.minecraft.world.item.crafting.RecipeManager/]: Skipping loading recipe delightful:integration/ars_nouveau/frostaya_crate as it's serializer returned null
[19ago2025 19:08:13.794] [main/INFO] [net.minecraft.world.item.crafting.RecipeManager/]: Skipping loading recipe buzzier_bees:white_clover as it's serializer returned null
[19ago2025 19:08:13.794] [main/INFO] [net.minecraft.world.item.crafting.RecipeManager/]: Skipping loading recipe delightful:integration/ars_nouveau/unpack_bastion_fruit_crate as it's serializer returned null
[19ago2025 19:08:13.794] [main/INFO] [net.minecraft.world.item.crafting.RecipeManager/]: Skipping loading recipe delightful:integration/upgrade_aquatic/cutting/beachgrass as it's serializer returned null
[19ago2025 19:08:13.794] [main/INFO] [net.minecraft.world.item.crafting.RecipeManager/]: Skipping loading recipe frozenup:mug_of_truffle_hot_chocolate as it's serializer returned null
[19ago2025 19:08:13.794] [main/INFO] [net.minecraft.world.item.crafting.RecipeManager/]: Skipping loading recipe delightful:integration/thermal/press/cantaloupe_packing as it's serializer returned null
[19ago2025 19:08:13.794] [main/INFO] [net.minecraft.world.item.crafting.RecipeManager/]: Skipping loading recipe wildberries:cutting/raspberry_pie as it's serializer returned null
[19ago2025 19:08:13.800] [main/ERROR] [net.minecraft.world.item.crafting.RecipeManager/]: Parsing error loading recipe sullysmod:grindstone_polishing/gelogicexpansion/orange_polished_prismatic_stone_wall_from_orange_prismatic_stone_wall: com.google.gson.JsonSyntaxException: Invalid or unsupported recipe type 'sullysmod:grindstone_polishing'
[19ago2025 19:08:13.800] [main/INFO] [net.minecraft.world.item.crafting.RecipeManager/]: Skipping loading recipe delightful:knives/smelting/forgotten_undergarden as it's serializer returned null
[19ago2025 19:08:13.800] [main/INFO] [net.minecraft.world.item.crafting.RecipeManager/]: Skipping loading recipe delightful:knives/blasting/silver_eidolon as it's serializer returned null
[19ago2025 19:08:13.801] [main/INFO] [net.minecraft.world.item.crafting.RecipeManager/]: Skipping loading recipe delightful:integration/biomeswevegone/blueberry_pie_from_slices as it's serializer returned null
[19ago2025 19:08:13.801] [main/ERROR] [net.minecraft.world.item.crafting.RecipeManager/]: Parsing error loading recipe extra_compat:cooked_chevon_chop: com.google.gson.JsonSyntaxException: Unknown item 'extra_compat:chevon_chop'
[19ago2025 19:08:13.801] [main/INFO] [net.minecraft.world.item.crafting.RecipeManager/]: Skipping loading recipe delightful:integration/ars_nouveau/cutting/source_berry_pie as it's serializer returned null
[19ago2025 19:08:13.808] [main/INFO] [net.minecraft.world.item.crafting.RecipeManager/]: Skipping loading recipe autumnity:syrup_bottle as it's serializer returned null
[19ago2025 19:08:13.808] [main/INFO] [net.minecraft.world.item.crafting.RecipeManager/]: Skipping loading recipe moredelight:cutting/diced_potatoes as it's serializer returned null
[19ago2025 19:08:13.808] [main/ERROR] [net.minecraft.world.item.crafting.RecipeManager/]: Parsing error loading recipe farmersdelight:cutting/wilderness/overgrown_birch_log: com.google.gson.JsonSyntaxException: Unknown item 'wilderness:overgrown_birch_log'
[19ago2025 19:08:13.808] [main/ERROR] [net.minecraft.world.item.crafting.RecipeManager/]: Parsing error loading recipe twigs:clayworks/cracked_polished_tuff_bricks_from_baking: com.google.gson.JsonSyntaxException: Invalid or unsupported recipe type 'clayworks:baking'
[19ago2025 19:08:13.813] [main/ERROR] [net.minecraft.world.item.crafting.RecipeManager/]: Parsing error loading recipe extra_compat:cloggrum_dagger: com.google.gson.JsonSyntaxException: Unknown item 'undergarden:cloggrum_ingot'
[19ago2025 19:08:13.814] [main/ERROR] [net.minecraft.world.item.crafting.RecipeManager/]: Parsing error loading recipe farmersdelight:cutting/goated/cooked_chevon: com.google.gson.JsonSyntaxException: Unknown item 'goated:cooked_chevon'
[19ago2025 19:08:13.818] [main/INFO] [net.minecraft.world.item.crafting.RecipeManager/]: Skipping loading recipe delightful:knives/knightmetal_knife as it's serializer returned null
[19ago2025 19:08:13.818] [main/ERROR] [net.minecraft.world.item.crafting.RecipeManager/]: Parsing error loading recipe sullysmod:grindstone_polishing/gelogicexpansion/red_polished_prismatic_stone_stairs_from_red_prismatic_stone_stairs: com.google.gson.JsonSyntaxException: Invalid or unsupported recipe type 'sullysmod:grindstone_polishing'
[19ago2025 19:08:13.818] [main/INFO] [net.minecraft.world.item.crafting.RecipeManager/]: Skipping loading recipe deep_aether:cake as it's serializer returned null
[19ago2025 19:08:13.818] [main/INFO] [net.minecraft.world.item.crafting.RecipeManager/]: Skipping loading recipe additionaladditions:honeyed_apple as it's serializer returned null
[19ago2025 19:08:13.818] [main/ERROR] [net.minecraft.world.item.crafting.RecipeManager/]: Parsing error loading recipe sullysmod:grindstone_polishing/galosphere/polished_rose_pink_salt_wall_from_rose_pink_salt_wall: com.google.gson.JsonSyntaxException: Invalid or unsupported recipe type 'sullysmod:grindstone_polishing'
[19ago2025 19:08:13.822] [main/INFO] [net.minecraft.world.item.crafting.RecipeManager/]: Skipping loading recipe delightful:integration/cookielicious/glow_jam_cookie_tiles as it's serializer returned null
[19ago2025 19:08:13.822] [main/ERROR] [net.minecraft.world.item.crafting.RecipeManager/]: Parsing error loading recipe sullysmod:grindstone_polishing/galosphere/polished_pink_salt_stairs_from_pink_salt_stairs: com.google.gson.JsonSyntaxException: Invalid or unsupported recipe type 'sullysmod:grindstone_polishing'
[19ago2025 19:08:13.827] [main/INFO] [net.minecraft.world.item.crafting.RecipeManager/]: Skipping loading recipe delightful:knives/copper_knife as it's serializer returned null
[19ago2025 19:08:13.830] [main/INFO] [net.minecraft.world.item.crafting.RecipeManager/]: Skipping loading recipe delightful:knives/blasting/emerald_emeraldequipment as it's serializer returned null
[19ago2025 19:08:13.830] [main/INFO] [net.minecraft.world.item.crafting.RecipeManager/]: Skipping loading recipe casualness_delight:crafting_shaped/green_tongue as it's serializer returned null
[19ago2025 19:08:13.830] [main/INFO] [net.minecraft.world.item.crafting.RecipeManager/]: Skipping loading recipe delightful:integration/habitat/cutting/kabloom_fruit as it's serializer returned null
[19ago2025 19:08:13.833] [main/INFO] [net.minecraft.world.item.crafting.RecipeManager/]: Skipping loading recipe aether:nature_staff as it's serializer returned null
[19ago2025 19:08:13.834] [main/INFO] [net.minecraft.world.item.crafting.RecipeManager/]: Skipping loading recipe delightful:integration/aether_redux/infuse_and_charge_infused_veridium_knife as it's serializer returned null
[19ago2025 19:08:13.834] [main/INFO] [net.minecraft.world.item.crafting.RecipeManager/]: Skipping loading recipe aether:moa_egg_cake as it's serializer returned null
[19ago2025 19:08:13.834] [main/INFO] [net.minecraft.world.item.crafting.RecipeManager/]: Skipping loading recipe delightful:integration/thermal/tree_extractor/orange_maple as it's serializer returned null
[19ago2025 19:08:13.834] [main/ERROR] [net.minecraft.world.item.crafting.RecipeManager/]: Parsing error loading recipe sullysmod:grindstone_polishing/gelogicexpansion/polished_limestone_wall_from_limestone_wall: com.google.gson.JsonSyntaxException: Invalid or unsupported recipe type 'sullysmod:grindstone_polishing'
[19ago2025 19:08:13.837] [main/ERROR] [net.minecraft.world.item.crafting.RecipeManager/]: Parsing error loading recipe sullysmod:grindstone_polishing/gelogicexpansion/purple_polished_prismatic_stone_slab_from_purple_prismatic_stone_slab: com.google.gson.JsonSyntaxException: Invalid or unsupported recipe type 'sullysmod:grindstone_polishing'
[19ago2025 19:08:13.839] [main/INFO] [net.minecraft.world.item.crafting.RecipeManager/]: Skipping loading recipe delightful:integration/atmospheric/lime_dye_from_aloe as it's serializer returned null
[19ago2025 19:08:13.840] [main/ERROR] [net.minecraft.world.item.crafting.RecipeManager/]: Parsing error loading recipe sullysmod:grindstone_polishing/galosphere/polished_pink_salt_wall_from_pink_salt_wall: com.google.gson.JsonSyntaxException: Invalid or unsupported recipe type 'sullysmod:grindstone_polishing'
[19ago2025 19:08:13.840] [main/INFO] [net.minecraft.world.item.crafting.RecipeManager/]: Skipping loading recipe delightful:integration/cooked_venison as it's serializer returned null
[19ago2025 19:08:13.846] [main/ERROR] [net.minecraft.world.item.crafting.RecipeManager/]: Parsing error loading recipe extra_compat:tortoise_egg_crate: com.google.gson.JsonSyntaxException: Unknown item 'sullysmod:tortoise_egg'
[19ago2025 19:08:13.846] [main/INFO] [net.minecraft.world.item.crafting.RecipeManager/]: Skipping loading recipe delightful:integration/sunflowerdelight/cutting/rosebud as it's serializer returned null
[19ago2025 19:08:13.846] [main/INFO] [net.minecraft.world.item.crafting.RecipeManager/]: Skipping loading recipe thermal:storage/gunpowder_block as it's serializer returned null
[19ago2025 19:08:13.846] [main/INFO] [net.minecraft.world.item.crafting.RecipeManager/]: Skipping loading recipe delightful:integration/cookielicious/glow_jam_cookie_tile_stairs as it's serializer returned null
[19ago2025 19:08:13.850] [main/INFO] [net.minecraft.world.item.crafting.RecipeManager/]: Skipping loading recipe delightful:food/cooking/crab_rangoon as it's serializer returned null
[19ago2025 19:08:13.850] [main/INFO] [net.minecraft.world.item.crafting.RecipeManager/]: Skipping loading recipe frozenup:mug_of_chocolate_milk_from_chocolate as it's serializer returned null
[19ago2025 19:08:13.857] [main/INFO] [net.minecraft.world.item.crafting.RecipeManager/]: Skipping loading recipe delightful:food/cookie as it's serializer returned null
[19ago2025 19:08:13.860] [main/INFO] [net.minecraft.world.item.crafting.RecipeManager/]: Skipping loading recipe delightful:integration/biomeswevegone/cutting/prickly_pear_cactus as it's serializer returned null
[19ago2025 19:08:13.860] [main/ERROR] [net.minecraft.world.item.crafting.RecipeManager/]: Parsing error loading recipe sullysmod:grindstone_polishing/gelogicexpansion/gray_polished_prismatic_stone_from_gray_prismatic_stone: com.google.gson.JsonSyntaxException: Invalid or unsupported recipe type 'sullysmod:grindstone_polishing'
[19ago2025 19:08:13.865] [main/INFO] [net.minecraft.world.item.crafting.RecipeManager/]: Skipping loading recipe delightful:knives/amethyst_knife as it's serializer returned null
[19ago2025 19:08:13.865] [main/ERROR] [net.minecraft.world.item.crafting.RecipeManager/]: Parsing error loading recipe sullysmod:grindstone_polishing/gelogicexpansion/pink_polished_prismatic_stone_stairs_from_pink_prismatic_stone_stairs: com.google.gson.JsonSyntaxException: Invalid or unsupported recipe type 'sullysmod:grindstone_polishing'
[19ago2025 19:08:13.865] [main/INFO] [net.minecraft.world.item.crafting.RecipeManager/]: Skipping loading recipe moredelight:loaded_hamburger as it's serializer returned null
[19ago2025 19:08:13.870] [main/INFO] [net.minecraft.world.item.crafting.RecipeManager/]: Skipping loading recipe wildberries:cranberry_pie as it's serializer returned null
[19ago2025 19:08:13.870] [main/ERROR] [net.minecraft.world.item.crafting.RecipeManager/]: Parsing error loading recipe jeed:speed: com.google.gson.JsonSyntaxException: Invalid or unsupported recipe type 'jeed:effect_provider'
[19ago2025 19:08:13.870] [main/INFO] [net.minecraft.world.item.crafting.RecipeManager/]: Skipping loading recipe delightful:knives/smelting/bone/bone_meal_from_smelting_pickaxe as it's serializer returned null
[19ago2025 19:08:13.870] [main/ERROR] [net.minecraft.world.item.crafting.RecipeManager/]: Parsing error loading recipe sullysmod:grindstone_polishing/gelogicexpansion/black_polished_prismatic_stone_wall_from_black_prismatic_stone_wall: com.google.gson.JsonSyntaxException: Invalid or unsupported recipe type 'sullysmod:grindstone_polishing'
[19ago2025 19:08:13.876] [main/ERROR] [net.minecraft.world.item.crafting.RecipeManager/]: Parsing error loading recipe sullysmod:grindstone_polishing/netherdungeons/polished_ominous_quartz_stairs_from_ominous_quartz_stairs: com.google.gson.JsonSyntaxException: Invalid or unsupported recipe type 'sullysmod:grindstone_polishing'
[19ago2025 19:08:13.882] [main/INFO] [net.minecraft.world.item.crafting.RecipeManager/]: Skipping loading recipe undergarden:veiled_stew as it's serializer returned null
[19ago2025 19:08:13.882] [main/INFO] [net.minecraft.world.item.crafting.RecipeManager/]: Skipping loading recipe delightful:knives/repairing/gravitite_knife as it's serializer returned null
[19ago2025 19:08:13.882] [main/ERROR] [net.minecraft.world.item.crafting.RecipeManager/]: Parsing error loading recipe sullysmod:grindstone_polishing/gelogicexpansion/polished_prismatic_stone_slab_from_prismatic_stone_slab: com.google.gson.JsonSyntaxException: Invalid or unsupported recipe type 'sullysmod:grindstone_polishing'
[19ago2025 19:08:13.887] [main/INFO] [net.minecraft.world.item.crafting.RecipeManager/]: Skipping loading recipe delightful:integration/thermal/insolator_salmonberries as it's serializer returned null
[19ago2025 19:08:13.887] [main/ERROR] [net.minecraft.world.item.crafting.RecipeManager/]: Parsing error loading recipe farmersdelight:cutting/habitat/yellow_anthurium: com.google.gson.JsonSyntaxException: Unknown item 'habitat:yellow_anthurium'
[19ago2025 19:08:13.887] [main/INFO] [net.minecraft.world.item.crafting.RecipeManager/]: Skipping loading recipe delightful:knives/infused_veridium_knife as it's serializer returned null
[19ago2025 19:08:13.890] [main/INFO] [net.minecraft.world.item.crafting.RecipeManager/]: Skipping loading recipe ecologics:rabbit_stew_from_red_mushroom_and_coconut_husk as it's serializer returned null
[19ago2025 19:08:13.894] [main/INFO] [net.minecraft.world.item.crafting.RecipeManager/]: Skipping loading recipe delightful:food/baklava as it's serializer returned null
[19ago2025 19:08:13.899] [main/INFO] [net.minecraft.world.item.crafting.RecipeManager/]: Skipping loading recipe delightful:integration/ars_nouveau/cutting/red_archwood_log as it's serializer returned null
[19ago2025 19:08:13.899] [main/ERROR] [net.minecraft.world.item.crafting.RecipeManager/]: Parsing error loading recipe farmersdelight:cutting/habitat/white_anthurium: com.google.gson.JsonSyntaxException: Unknown item 'habitat:white_anthurium'
[19ago2025 19:08:13.903] [main/INFO] [net.minecraft.world.item.crafting.RecipeManager/]: Skipping loading recipe delightful:knives/ironwood_knife as it's serializer returned null
[19ago2025 19:08:13.906] [main/ERROR] [net.minecraft.world.item.crafting.RecipeManager/]: Parsing error loading recipe sullysmod:grindstone_polishing/gelogicexpansion/polished_limestone_slab_from_limestone_slab: com.google.gson.JsonSyntaxException: Invalid or unsupported recipe type 'sullysmod:grindstone_polishing'
[19ago2025 19:08:13.906] [main/INFO] [net.minecraft.world.item.crafting.RecipeManager/]: Skipping loading recipe delightful:knives/nether_quartz_knife as it's serializer returned null
[19ago2025 19:08:13.912] [main/INFO] [net.minecraft.world.item.crafting.RecipeManager/]: Skipping loading recipe naturalist:cake as it's serializer returned null
[19ago2025 19:08:13.913] [main/ERROR] [net.minecraft.world.item.crafting.RecipeManager/]: Parsing error loading recipe autumnity:wallpapers/cyan_wallpaper_roll: com.google.gson.JsonSyntaxException: Unknown item 'wallpapers:cyan_wallpaper_roll'
[19ago2025 19:08:13.913] [main/INFO] [net.minecraft.world.item.crafting.RecipeManager/]: Skipping loading recipe delightful:integration/ars_nouveau/cutting/purple_archwood_wood as it's serializer returned null
[19ago2025 19:08:13.913] [main/INFO] [net.minecraft.world.item.crafting.RecipeManager/]: Skipping loading recipe miners_delight:vegan_wrap as it's serializer returned null
[19ago2025 19:08:13.917] [main/INFO] [net.minecraft.world.item.crafting.RecipeManager/]: Skipping loading recipe delightful:knives/blasting/copper_abnormals as it's serializer returned null
[19ago2025 19:08:13.917] [main/INFO] [net.minecraft.world.item.crafting.RecipeManager/]: Skipping loading recipe incubation:fried_egg_from_campfire_cooking as it's serializer returned null
[19ago2025 19:08:13.918] [main/ERROR] [net.minecraft.world.item.crafting.RecipeManager/]: Parsing error loading recipe sullysmod:grindstone_polishing/gelogicexpansion/light_blue_polished_prismatic_stone_wall_from_light_blue_prismatic_stone_wall: com.google.gson.JsonSyntaxException: Invalid or unsupported recipe type 'sullysmod:grindstone_polishing'
[19ago2025 19:08:13.918] [main/INFO] [net.minecraft.world.item.crafting.RecipeManager/]: Skipping loading recipe ecologics:tropical_stew as it's serializer returned null
[19ago2025 19:08:13.923] [main/INFO] [net.minecraft.world.item.crafting.RecipeManager/]: Skipping loading recipe ars_nouveau:magebloom_fiber as it's serializer returned null
[19ago2025 19:08:13.924] [main/INFO] [net.minecraft.world.item.crafting.RecipeManager/]: Skipping loading recipe twilightdelight:cutting/raw_venison_rib as it's serializer returned null
[19ago2025 19:08:13.932] [main/INFO] [net.minecraft.world.item.crafting.RecipeManager/]: Skipping loading recipe thermal:machines/centrifuge/centrifuge_syrup_bottle as it's serializer returned null
[19ago2025 19:08:13.932] [main/INFO] [net.minecraft.world.item.crafting.RecipeManager/]: Skipping loading recipe ecologics:rabbit_stew_from_brown_mushroom_and_coconut_husk as it's serializer returned null
[19ago2025 19:08:13.933] [main/INFO] [net.minecraft.world.item.crafting.RecipeManager/]: Skipping loading recipe unusualend:chorus_pie_recipe as it's serializer returned null
[19ago2025 19:08:13.933] [main/INFO] [net.minecraft.world.item.crafting.RecipeManager/]: Skipping loading recipe delightful:integration/thermal/tree_extractor/maple as it's serializer returned null
[19ago2025 19:08:13.933] [main/ERROR] [net.minecraft.world.item.crafting.RecipeManager/]: Parsing error loading recipe sullysmod:grindstone_polishing/gelogicexpansion/lime_polished_prismatic_stone_slab_from_lime_prismatic_stone_slab: com.google.gson.JsonSyntaxException: Invalid or unsupported recipe type 'sullysmod:grindstone_polishing'
[19ago2025 19:08:13.933] [main/INFO] [net.minecraft.world.item.crafting.RecipeManager/]: Skipping loading recipe aether:skyroot_milk_bucket_moa_egg_cake as it's serializer returned null
[19ago2025 19:08:13.937] [main/INFO] [net.minecraft.world.item.crafting.RecipeManager/]: Skipping loading recipe delightful:effect_providers/rotten as it's serializer returned null
[19ago2025 19:08:13.937] [main/INFO] [net.minecraft.world.item.crafting.RecipeManager/]: Skipping loading recipe undergardendelight:forgotten_knife as it's serializer returned null
[19ago2025 19:08:13.937] [main/INFO] [net.minecraft.world.item.crafting.RecipeManager/]: Skipping loading recipe delightful:knives/terra_knife as it's serializer returned null
[19ago2025 19:08:13.938] [main/INFO] [net.minecraft.world.item.crafting.RecipeManager/]: Skipping loading recipe delightful:integration/ars_nouveau/bombegranate_crate as it's serializer returned null
[19ago2025 19:08:13.945] [main/ERROR] [net.minecraft.world.item.crafting.RecipeManager/]: Parsing error loading recipe farmersdelight:cutting/wilderness/overgrown_spruce_wood: com.google.gson.JsonSyntaxException: Unknown item 'wilderness:overgrown_spruce_wood'
[19ago2025 19:08:13.945] [main/INFO] [net.minecraft.world.item.crafting.RecipeManager/]: Skipping loading recipe delightful:integration/biomeswevegone/unpack_baobab_fruit_crate as it's serializer returned null
[19ago2025 19:08:13.946] [main/ERROR] [net.minecraft.world.item.crafting.RecipeManager/]: Parsing error loading recipe autumnity:wallpapers/purple_wallpaper_roll: com.google.gson.JsonSyntaxException: Unknown item 'wallpapers:purple_wallpaper_roll'
[19ago2025 19:08:13.946] [main/INFO] [net.minecraft.world.item.crafting.RecipeManager/]: Skipping loading recipe wildberries:blackberry_pie_from_slices as it's serializer returned null
[19ago2025 19:08:13.946] [main/INFO] [net.minecraft.world.item.crafting.RecipeManager/]: Skipping loading recipe corn_delight:cooking/corn_dog as it's serializer returned null
[19ago2025 19:08:13.946] [main/INFO] [net.minecraft.world.item.crafting.RecipeManager/]: Skipping loading recipe finsandtails:crab_sandwich as it's serializer returned null
[19ago2025 19:08:13.950] [main/INFO] [net.minecraft.world.item.crafting.RecipeManager/]: Skipping loading recipe delightful:integration/youkaishomecoming/kettle/lavender_tea as it's serializer returned null
[19ago2025 19:08:13.950] [main/INFO] [net.minecraft.world.item.crafting.RecipeManager/]: Skipping loading recipe delightful:knives/emerald_knife as it's serializer returned null
[19ago2025 19:08:13.952] [main/INFO] [net.minecraft.world.item.crafting.RecipeManager/]: Skipping loading recipe delightful:integration/farmersrespite/brewing/azalea_tea_from_water as it's serializer returned null
[19ago2025 19:08:13.952] [main/ERROR] [net.minecraft.world.item.crafting.RecipeManager/]: Parsing error loading recipe create:sandpaper_polishing/biomes_o_plenty_rose_quartz_chunk: com.google.gson.JsonSyntaxException: Invalid or unsupported recipe type 'create:sandpaper_polishing'
[19ago2025 19:08:13.955] [main/INFO] [net.minecraft.world.item.crafting.RecipeManager/]: Skipping loading recipe delightful:knives/blasting/bronze_thermal as it's serializer returned null
[19ago2025 19:08:13.963] [main/INFO] [net.minecraft.world.item.crafting.RecipeManager/]: Skipping loading recipe delightful:knives/blasting/copper_copperized as it's serializer returned null
[19ago2025 19:08:13.972] [main/INFO] [net.minecraft.world.item.crafting.RecipeManager/]: Skipping loading recipe corn_delight:taco as it's serializer returned null
[19ago2025 19:08:13.972] [main/INFO] [net.minecraft.world.item.crafting.RecipeManager/]: Skipping loading recipe delightful:knives/refined_glowstone_knife as it's serializer returned null
[19ago2025 19:08:13.972] [main/INFO] [net.minecraft.world.item.crafting.RecipeManager/]: Skipping loading recipe delightful:integration/habitat/cutting/flowering_pink_ball_cactus_block as it's serializer returned null
[19ago2025 19:08:13.973] [main/INFO] [net.minecraft.world.item.crafting.RecipeManager/]: Skipping loading recipe delightful:integration/thermal/bottler_sap_bottle as it's serializer returned null
[19ago2025 19:08:13.973] [main/INFO] [net.minecraft.world.item.crafting.RecipeManager/]: Skipping loading recipe delightful:integration/cookielicious/glow_jam_cookie_tile_wall as it's serializer returned null
[19ago2025 19:08:13.982] [main/INFO] [net.minecraft.world.item.crafting.RecipeManager/]: Skipping loading recipe delightful:food/nut_dough_from_flour_and_eggs as it's serializer returned null
[19ago2025 19:08:13.988] [main/INFO] [net.minecraft.world.item.crafting.RecipeManager/]: Skipping loading recipe delightful:knives/blasting/bone/bone_meal_from_blasting_pickaxe as it's serializer returned null
[19ago2025 19:08:13.988] [main/INFO] [net.minecraft.world.item.crafting.RecipeManager/]: Skipping loading recipe delightful:knives/certus_quartz_knife as it's serializer returned null
[19ago2025 19:08:13.994] [main/ERROR] [net.minecraft.world.item.crafting.RecipeManager/]: Parsing error loading recipe extra_compat:forgotten_dagger_smithing: com.google.gson.JsonSyntaxException: Unknown item 'undergarden:forgotten_upgrade_smithing_template'
[19ago2025 19:08:13.994] [main/INFO] [net.minecraft.world.item.crafting.RecipeManager/]: Skipping loading recipe delightful:integration/windswept/cooked_goat_shanks_windswept as it's serializer returned null
[19ago2025 19:08:13.998] [main/INFO] [net.minecraft.world.item.crafting.RecipeManager/]: Skipping loading recipe frozenup:truffle_cake as it's serializer returned null
[19ago2025 19:08:13.998] [main/INFO] [net.minecraft.world.item.crafting.RecipeManager/]: Skipping loading recipe enlightened_end:smithing/adamantite_knife as it's serializer returned null
[19ago2025 19:08:13.999] [main/INFO] [net.minecraft.world.item.crafting.RecipeManager/]: Skipping loading recipe frozenup:mug_of_truffle_hot_chocolate_from_chocolate as it's serializer returned null
[19ago2025 19:08:14.004] [main/INFO] [net.minecraft.world.item.crafting.RecipeManager/]: Skipping loading recipe wildberries:cutting/cranberry_pie as it's serializer returned null
[19ago2025 19:08:14.004] [main/ERROR] [net.minecraft.world.item.crafting.RecipeManager/]: Parsing error loading recipe rainbowreef:milk_bottle_goby_gummy: com.google.gson.JsonSyntaxException: Unknown item 'rainbowreef:raw_goby'
[19ago2025 19:08:14.005] [main/ERROR] [net.minecraft.world.item.crafting.RecipeManager/]: Parsing error loading recipe extra_compat:cloggrum_gloves: com.google.gson.JsonSyntaxException: Unknown item 'undergarden:cloggrum_ingot'
[19ago2025 19:08:14.005] [main/INFO] [net.minecraft.world.item.crafting.RecipeManager/]: Skipping loading recipe wildberries:cutting/glow_berry_pie_slice as it's serializer returned null
[19ago2025 19:08:14.019] [main/INFO] [net.minecraft.world.item.crafting.RecipeManager/]: Skipping loading recipe delightful:integration/upgrade_aquatic/mulberry_pie_from_slices as it's serializer returned null
[19ago2025 19:08:14.019] [main/INFO] [net.minecraft.world.item.crafting.RecipeManager/]: Skipping loading recipe delightful:knives/smelting/bone/bone_meal_from_smelting_hoe as it's serializer returned null
[19ago2025 19:08:14.019] [main/INFO] [net.minecraft.world.item.crafting.RecipeManager/]: Skipping loading recipe delightful:integration/upgrade_aquatic/cutting/mulberry_pie as it's serializer returned null
[19ago2025 19:08:14.023] [main/ERROR] [net.minecraft.world.item.crafting.RecipeManager/]: Parsing error loading recipe sullysmod:grindstone_polishing/gelogicexpansion/black_polished_prismatic_stone_from_black_prismatic_stone: com.google.gson.JsonSyntaxException: Invalid or unsupported recipe type 'sullysmod:grindstone_polishing'
[19ago2025 19:08:14.023] [main/INFO] [net.minecraft.world.item.crafting.RecipeManager/]: Skipping loading recipe fruitsdelight:hamimelon_popsicle as it's serializer returned null
[19ago2025 19:08:14.023] [main/INFO] [net.minecraft.world.item.crafting.RecipeManager/]: Skipping loading recipe delightful:knives/smithing/rose_gold_knife as it's serializer returned null
[19ago2025 19:08:14.028] [main/INFO] [net.minecraft.world.item.crafting.RecipeManager/]: Skipping loading recipe neapolitan:cake as it's serializer returned null
[19ago2025 19:08:14.036] [main/INFO] [net.minecraft.world.item.crafting.RecipeManager/]: Skipping loading recipe delightful:integration/biomeswevegone/unpack_yucca_fruit_crate as it's serializer returned null
[19ago2025 19:08:14.041] [main/ERROR] [net.minecraft.world.item.crafting.RecipeManager/]: Parsing error loading recipe extra_compat:forgotten_hammer_smithing: com.google.gson.JsonSyntaxException: Unknown item 'undergarden:forgotten_upgrade_smithing_template'
[19ago2025 19:08:14.050] [main/INFO] [net.minecraft.world.item.crafting.RecipeManager/]: Skipping loading recipe naturalist:cooked_egg_from_campfire_cooking as it's serializer returned null
[19ago2025 19:08:14.053] [main/ERROR] [net.minecraft.world.item.crafting.RecipeManager/]: Parsing error loading recipe autumnity:wallpapers/orange_wallpaper_roll: com.google.gson.JsonSyntaxException: Unknown item 'wallpapers:orange_wallpaper_roll'
[19ago2025 19:08:14.053] [main/ERROR] [net.minecraft.world.item.crafting.RecipeManager/]: Parsing error loading recipe extra_compat:cloggrum_quarterstaff: com.google.gson.JsonSyntaxException: Unknown item 'undergarden:cloggrum_ingot'
[19ago2025 19:08:14.053] [main/INFO] [net.minecraft.world.item.crafting.RecipeManager/]: Skipping loading recipe delightful:integration/immersiveengineering/squeezer/peanut_vd as it's serializer returned null
[19ago2025 19:08:14.062] [main/INFO] [net.minecraft.world.item.crafting.RecipeManager/]: Skipping loading recipe delightful:integration/habitat/cutting/flowering_red_ball_cactus_block as it's serializer returned null
[19ago2025 19:08:14.063] [main/ERROR] [net.minecraft.world.item.crafting.RecipeManager/]: Parsing error loading recipe extra_compat:forgotten_quarterstaff_smithing: com.google.gson.JsonSyntaxException: Unknown item 'undergarden:forgotten_upgrade_smithing_template'
[19ago2025 19:08:14.063] [main/ERROR] [net.minecraft.world.item.crafting.RecipeManager/]: Parsing error loading recipe autumnity:wallpapers/white_wallpaper_roll: com.google.gson.JsonSyntaxException: Unknown item 'wallpapers:white_wallpaper_roll'
[19ago2025 19:08:14.063] [main/INFO] [net.minecraft.world.item.crafting.RecipeManager/]: Skipping loading recipe delightful:cutting/makes_dye/yellow as it's serializer returned null
[19ago2025 19:08:14.063] [main/INFO] [net.minecraft.world.item.crafting.RecipeManager/]: Skipping loading recipe casualness_delight:cutting/stargazy_pie as it's serializer returned null
[19ago2025 19:08:14.063] [main/INFO] [net.minecraft.world.item.crafting.RecipeManager/]: Skipping loading recipe delightful:knives/smelting/copper_thermal as it's serializer returned null
[19ago2025 19:08:14.068] [main/INFO] [net.minecraft.world.item.crafting.RecipeManager/]: Skipping loading recipe delightful:knives/smelting/constantan_thermal as it's serializer returned null
[19ago2025 19:08:14.068] [main/INFO] [net.minecraft.world.item.crafting.RecipeManager/]: Skipping loading recipe delightful:food/cheeseburger_from_milk as it's serializer returned null
[19ago2025 19:08:14.068] [main/INFO] [net.minecraft.world.item.crafting.RecipeManager/]: Skipping loading recipe delightful:knives/blasting/steel_immersiveengineering as it's serializer returned null
[19ago2025 19:08:14.072] [main/ERROR] [net.minecraft.world.item.crafting.RecipeManager/]: Parsing error loading recipe sullysmod:grindstone_polishing/gelogicexpansion/gray_polished_prismatic_stone_stairs_from_gray_prismatic_stone_stairs: com.google.gson.JsonSyntaxException: Invalid or unsupported recipe type 'sullysmod:grindstone_polishing'
[19ago2025 19:08:14.074] [main/INFO] [net.minecraft.world.item.crafting.RecipeManager/]: Skipping loading recipe delightful:knives/blasting/bone/bone_meal_from_blasting_helmet as it's serializer returned null
[19ago2025 19:08:14.074] [main/INFO] [net.minecraft.world.item.crafting.RecipeManager/]: Skipping loading recipe delightful:integration/upgrade_aquatic/cutting/tall_beachgrass as it's serializer returned null
[19ago2025 19:08:14.074] [main/ERROR] [net.minecraft.world.item.crafting.RecipeManager/]: Parsing error loading recipe crabbersdelight:lanternfish_barrel: com.google.gson.JsonSyntaxException: Unknown item 'sullysmod:lanternfish'
[19ago2025 19:08:14.079] [main/INFO] [net.minecraft.world.item.crafting.RecipeManager/]: Skipping loading recipe delightful:knives/blasting/forgotten_undergarden as it's serializer returned null
[19ago2025 19:08:14.083] [main/INFO] [net.minecraft.world.item.crafting.RecipeManager/]: Skipping loading recipe delightful:integration/aether_redux/infuse_and_charge_veridium_knife as it's serializer returned null
[19ago2025 19:08:14.083] [main/INFO] [net.minecraft.world.item.crafting.RecipeManager/]: Skipping loading recipe undergardendelight:gloomgourd_pie as it's serializer returned null
[19ago2025 19:08:14.088] [main/INFO] [net.minecraft.world.item.crafting.RecipeManager/]: Skipping loading recipe delightful:knives/smelting/copper_immersiveengineering as it's serializer returned null
[19ago2025 19:08:14.092] [main/ERROR] [net.minecraft.world.item.crafting.RecipeManager/]: Parsing error loading recipe extra_compat:utherium_hammer: com.google.gson.JsonSyntaxException: Unknown item 'undergarden:utherium_crystal'
[19ago2025 19:08:14.097] [main/ERROR] [net.minecraft.world.item.crafting.RecipeManager/]: Parsing error loading recipe sullysmod:grindstone_polishing/twigs/polished_calcite_from_calcite: com.google.gson.JsonSyntaxException: Invalid or unsupported recipe type 'sullysmod:grindstone_polishing'
[19ago2025 19:08:14.097] [main/ERROR] [net.minecraft.world.item.crafting.RecipeManager/]: Parsing error loading recipe extra_compat:froststeel_spear: com.google.gson.JsonSyntaxException: Unknown item 'undergarden:froststeel_ingot'
[19ago2025 19:08:14.097] [main/INFO] [net.minecraft.world.item.crafting.RecipeManager/]: Skipping loading recipe delightful:integration/thermal/pulverizer_wheat as it's serializer returned null
[19ago2025 19:08:14.097] [main/INFO] [net.minecraft.world.item.crafting.RecipeManager/]: Skipping loading recipe supplementaries:inspirations/flag_clear as it's serializer returned null
[19ago2025 19:08:14.098] [main/INFO] [net.minecraft.world.item.crafting.RecipeManager/]: Skipping loading recipe delightful:food/prickly_pear_juice as it's serializer returned null
[19ago2025 19:08:14.102] [main/INFO] [net.minecraft.world.item.crafting.RecipeManager/]: Skipping loading recipe undergardendelight:cloggrum_knife as it's serializer returned null
[19ago2025 19:08:14.102] [main/INFO] [net.minecraft.world.item.crafting.RecipeManager/]: Skipping loading recipe delightful:knives/blasting/lead_eidolon as it's serializer returned null
[19ago2025 19:08:14.106] [main/INFO] [net.minecraft.world.item.crafting.RecipeManager/]: Skipping loading recipe vampiresdelight:pure_sorbet as it's serializer returned null
[19ago2025 19:08:14.106] [main/ERROR] [net.minecraft.world.item.crafting.RecipeManager/]: Parsing error loading recipe twigs:clayworks/cracked_bricks_from_baking: com.google.gson.JsonSyntaxException: Invalid or unsupported recipe type 'clayworks:baking'
[19ago2025 19:08:14.112] [main/ERROR] [net.minecraft.world.item.crafting.RecipeManager/]: Parsing error loading recipe jeed:tigers_blessing: com.google.gson.JsonSyntaxException: Invalid or unsupported recipe type 'jeed:effect_provider'
[19ago2025 19:08:14.112] [main/INFO] [net.minecraft.world.item.crafting.RecipeManager/]: Skipping loading recipe delightful:knives/fiery_knife as it's serializer returned null
[19ago2025 19:08:14.112] [main/INFO] [net.minecraft.world.item.crafting.RecipeManager/]: Skipping loading recipe delightful:cutting/makes_dye/black as it's serializer returned null
[19ago2025 19:08:14.122] [main/ERROR] [net.minecraft.world.item.crafting.RecipeManager/]: Parsing error loading recipe farmersrespite:chilidog_alt: com.google.gson.JsonSyntaxException: Unknown item 'farmersrespite:blazing_chili'
[19ago2025 19:08:14.122] [main/ERROR] [net.minecraft.world.item.crafting.RecipeManager/]: Parsing error loading recipe jeed:orcas_might: com.google.gson.JsonSyntaxException: Invalid or unsupported recipe type 'jeed:effect_provider'
[19ago2025 19:08:14.122] [main/INFO] [net.minecraft.world.item.crafting.RecipeManager/]: Skipping loading recipe thermal:machines/press/unpacking/press_charcoal_unpacking as it's serializer returned null
[19ago2025 19:08:14.122] [main/ERROR] [net.minecraft.world.item.crafting.RecipeManager/]: Parsing error loading recipe farmersdelight:cutting/wilderness/overgrown_birch_wood: com.google.gson.JsonSyntaxException: Unknown item 'wilderness:overgrown_birch_wood'
[19ago2025 19:08:14.122] [main/ERROR] [net.minecraft.world.item.crafting.RecipeManager/]: Parsing error loading recipe extra_compat:cooked_chevon_chop_from_smoking: com.google.gson.JsonSyntaxException: Unknown item 'extra_compat:chevon_chop'
[19ago2025 19:08:14.123] [main/INFO] [net.minecraft.world.item.crafting.RecipeManager/]: Skipping loading recipe delightful:knives/blasting/electrum_immersiveengineering as it's serializer returned null
[19ago2025 19:08:14.123] [main/INFO] [net.minecraft.world.item.crafting.RecipeManager/]: Skipping loading recipe autumnity:pumpkin_bread as it's serializer returned null
[19ago2025 19:08:14.123] [main/ERROR] [net.minecraft.world.item.crafting.RecipeManager/]: Parsing error loading recipe extra_compat:froststeel_club: com.google.gson.JsonSyntaxException: Unknown item 'undergarden:froststeel_ingot'
[19ago2025 19:08:14.123] [main/INFO] [net.minecraft.world.item.crafting.RecipeManager/]: Skipping loading recipe botanypots:delightful/crop/cantaloupe as it's serializer returned null
[19ago2025 19:08:14.123] [main/INFO] [net.minecraft.world.item.crafting.RecipeManager/]: Skipping loading recipe ars_nouveau:source_berry_pie as it's serializer returned null
[19ago2025 19:08:14.123] [main/ERROR] [net.minecraft.world.item.crafting.RecipeManager/]: Parsing error loading recipe jeed:oiled: com.google.gson.JsonSyntaxException: Invalid or unsupported recipe type 'jeed:effect_provider'
[19ago2025 19:08:14.130] [main/INFO] [net.minecraft.world.item.crafting.RecipeManager/]: Skipping loading recipe delightful:integration/biomeswevegone/cutting/blueberry_pie as it's serializer returned null
[19ago2025 19:08:14.135] [main/ERROR] [net.minecraft.world.item.crafting.RecipeManager/]: Parsing error loading recipe extra_compat:utherium_great_sword: com.google.gson.JsonSyntaxException: Unknown item 'undergarden:utherium_sword'
[19ago2025 19:08:14.139] [main/INFO] [net.minecraft.world.item.crafting.RecipeManager/]: Skipping loading recipe delightful:integration/ars_nouveau/unpack_bombegranate_crate as it's serializer returned null
[19ago2025 19:08:14.139] [main/ERROR] [net.minecraft.world.item.crafting.RecipeManager/]: Parsing error loading recipe seasonals:cooking/pumpkin_adzuki_stew: com.google.gson.JsonSyntaxException: Unknown item 'seasonals:pumpkin_puree'
[19ago2025 19:08:14.148] [main/INFO] [net.minecraft.world.item.crafting.RecipeManager/]: Skipping loading recipe delightful:knives/blasting/electrum_thermal as it's serializer returned null
[19ago2025 19:08:14.149] [main/INFO] [net.minecraft.world.item.crafting.RecipeManager/]: Skipping loading recipe delightful:food/deluxe_cheeseburger_from_milk as it's serializer returned null
[19ago2025 19:08:14.152] [main/INFO] [net.minecraft.world.item.crafting.RecipeManager/]: Skipping loading recipe vintagedelight:stuffed_burrito_from_tortilla as it's serializer returned null
[19ago2025 19:08:14.153] [main/INFO] [net.minecraft.world.item.crafting.RecipeManager/]: Skipping loading recipe minecraft:rabbit_stew_from_brown_mushroom as it's serializer returned null
[19ago2025 19:08:14.153] [main/INFO] [net.minecraft.world.item.crafting.RecipeManager/]: Skipping loading recipe delightful:knives/necronium_knife as it's serializer returned null
[19ago2025 19:08:14.153] [main/ERROR] [net.minecraft.world.item.crafting.RecipeManager/]: Parsing error loading recipe jeed:night_vision: com.google.gson.JsonSyntaxException: Invalid or unsupported recipe type 'jeed:effect_provider'
[19ago2025 19:08:14.153] [main/INFO] [net.minecraft.world.item.crafting.RecipeManager/]: Skipping loading recipe wildberries:blueberry_pie as it's serializer returned null
[19ago2025 19:08:14.153] [main/ERROR] [net.minecraft.world.item.crafting.RecipeManager/]: Parsing error loading recipe sullysmod:grindstone_polishing/gelogicexpansion/white_polished_prismatic_stone_slab_from_white_prismatic_stone_slab: com.google.gson.JsonSyntaxException: Invalid or unsupported recipe type 'sullysmod:grindstone_polishing'
[19ago2025 19:08:14.153] [main/INFO] [net.minecraft.world.item.crafting.RecipeManager/]: Skipping loading recipe delightful:cutting/makes_dye/light_blue as it's serializer returned null
[19ago2025 19:08:14.163] [main/INFO] [net.minecraft.world.item.crafting.RecipeManager/]: Skipping loading recipe delightful:integration/undergarden/gloomgourd_pie_from_slices as it's serializer returned null
[19ago2025 19:08:14.163] [main/INFO] [net.minecraft.world.item.crafting.RecipeManager/]: Skipping loading recipe thermal:storage/charcoal_block as it's serializer returned null
[19ago2025 19:08:14.163] [main/ERROR] [net.minecraft.world.item.crafting.RecipeManager/]: Parsing error loading recipe extra_compat:froststeel_dagger: com.google.gson.JsonSyntaxException: Unknown item 'undergarden:froststeel_ingot'
[19ago2025 19:08:14.164] [main/INFO] [net.minecraft.world.item.crafting.RecipeManager/]: Skipping loading recipe thermal:machines/press/packing3x3/press_gunpowder_packing as it's serializer returned null
[19ago2025 19:08:14.164] [main/INFO] [net.minecraft.world.item.crafting.RecipeManager/]: Skipping loading recipe delightful:knives/smelting/silver_thermal as it's serializer returned null
[19ago2025 19:08:14.164] [main/INFO] [net.minecraft.world.item.crafting.RecipeManager/]: Skipping loading recipe thermal:machines/press/unpacking/press_gunpowder_unpacking as it's serializer returned null
[19ago2025 19:08:14.169] [main/INFO] [net.minecraft.world.item.crafting.RecipeManager/]: Skipping loading recipe delightful:integration/biomeswevegone/blueberry_sack as it's serializer returned null
[19ago2025 19:08:14.169] [main/ERROR] [net.minecraft.world.item.crafting.RecipeManager/]: Parsing error loading recipe autumnity:wallpapers/yellow_wallpaper_roll: com.google.gson.JsonSyntaxException: Unknown item 'wallpapers:yellow_wallpaper_roll'
[19ago2025 19:08:14.174] [main/INFO] [net.minecraft.world.item.crafting.RecipeManager/]: Skipping loading recipe delightful:knives/smelting/bone/bone_meal_from_smelting_helmet as it's serializer returned null
[19ago2025 19:08:14.175] [main/ERROR] [net.minecraft.world.item.crafting.RecipeManager/]: Parsing error loading recipe supplementaries:clayworks/ash_brick_from_baking: com.google.gson.JsonSyntaxException: Invalid or unsupported recipe type 'clayworks:baking'
[19ago2025 19:08:14.175] [main/ERROR] [net.minecraft.world.item.crafting.RecipeManager/]: Parsing error loading recipe sullysmod:grindstone_polishing/gelogicexpansion/cyan_polished_prismatic_stone_stairs_from_cyan_prismatic_stone_stairs: com.google.gson.JsonSyntaxException: Invalid or unsupported recipe type 'sullysmod:grindstone_polishing'
[19ago2025 19:08:14.175] [main/INFO] [net.minecraft.world.item.crafting.RecipeManager/]: Skipping loading recipe delightful:knives/cloggrum_knife as it's serializer returned null
[19ago2025 19:08:14.175] [main/INFO] [net.minecraft.world.item.crafting.RecipeManager/]: Skipping loading recipe delightful:integration/thermal/centrifuge_sap_bottle as it's serializer returned null
[19ago2025 19:08:14.175] [main/INFO] [net.minecraft.world.item.crafting.RecipeManager/]: Skipping loading recipe forestry:squeezer/fruit/walnut as it's serializer returned null
[19ago2025 19:08:14.177] [main/INFO] [net.minecraft.world.item.crafting.RecipeManager/]: Skipping loading recipe culturaldelights:calamari_roll as it's serializer returned null
[19ago2025 19:08:14.177] [main/INFO] [net.minecraft.world.item.crafting.RecipeManager/]: Skipping loading recipe delightful:knives/fiery_iron_knife as it's serializer returned null
[19ago2025 19:08:14.177] [main/INFO] [net.minecraft.world.item.crafting.RecipeManager/]: Skipping loading recipe minecraft:rabbit_stew_from_red_mushroom as it's serializer returned null
[19ago2025 19:08:14.177] [main/ERROR] [net.minecraft.world.item.crafting.RecipeManager/]: Parsing error loading recipe farmersdelight:cutting/wilderness/overgrown_spruce_log: com.google.gson.JsonSyntaxException: Unknown item 'wilderness:overgrown_spruce_log'
[19ago2025 19:08:14.177] [main/ERROR] [net.minecraft.world.item.crafting.RecipeManager/]: Parsing error loading recipe jeed:jump_boost: com.google.gson.JsonSyntaxException: Invalid or unsupported recipe type 'jeed:effect_provider'
[19ago2025 19:08:14.177] [main/ERROR] [net.minecraft.world.item.crafting.RecipeManager/]: Parsing error loading recipe sullysmod:grindstone_polishing/gelogicexpansion/polished_prismatic_stone_from_prismatic_stone: com.google.gson.JsonSyntaxException: Invalid or unsupported recipe type 'sullysmod:grindstone_polishing'
[19ago2025 19:08:14.183] [main/INFO] [net.minecraft.world.item.crafting.RecipeManager/]: Skipping loading recipe farmersdelight:cutting/buzzier_bees/white_clover as it's serializer returned null
[19ago2025 19:08:14.183] [main/ERROR] [net.minecraft.world.item.crafting.RecipeManager/]: Parsing error loading recipe sullysmod:grindstone_polishing/gelogicexpansion/lime_polished_prismatic_stone_from_lime_prismatic_stone: com.google.gson.JsonSyntaxException: Invalid or unsupported recipe type 'sullysmod:grindstone_polishing'
[19ago2025 19:08:14.183] [main/INFO] [net.minecraft.world.item.crafting.RecipeManager/]: Skipping loading recipe minecraft:beetroot_soup as it's serializer returned null
[19ago2025 19:08:14.184] [main/ERROR] [net.minecraft.world.item.crafting.RecipeManager/]: Parsing error loading recipe extra_compat:forgotten_great_sword_smithing: com.google.gson.JsonSyntaxException: Unknown item 'undergarden:forgotten_upgrade_smithing_template'
[19ago2025 19:08:14.184] [main/INFO] [net.minecraft.world.item.crafting.RecipeManager/]: Skipping loading recipe farmersdelight:cutting/cooked_crab_ecologics as it's serializer returned null
[19ago2025 19:08:14.185] [main/INFO] [net.minecraft.world.item.crafting.RecipeManager/]: Skipping loading recipe delightful:integration/cookielicious/source_berry_cookie_tile_stairs as it's serializer returned null
[19ago2025 19:08:14.185] [main/INFO] [net.minecraft.world.item.crafting.RecipeManager/]: Skipping loading recipe additionaladditions:fried_egg_from_campfire_cooking as it's serializer returned null
[19ago2025 19:08:14.185] [main/INFO] [net.minecraft.world.item.crafting.RecipeManager/]: Skipping loading recipe delightful:integration/ecologics/cutting/coconut_husk as it's serializer returned null
[19ago2025 19:08:14.185] [main/INFO] [net.minecraft.world.item.crafting.RecipeManager/]: Skipping loading recipe delightful:knives/smelting/emerald_emeraldequipment as it's serializer returned null
[19ago2025 19:08:14.185] [main/INFO] [net.minecraft.world.item.crafting.RecipeManager/]: Skipping loading recipe naturalist:shellstone as it's serializer returned null
[19ago2025 19:08:14.185] [main/INFO] [net.minecraft.world.item.crafting.RecipeManager/]: Skipping loading recipe delightful:knives/zinc_knife as it's serializer returned null
[19ago2025 19:08:14.190] [main/ERROR] [net.minecraft.world.item.crafting.RecipeManager/]: Parsing error loading recipe jeed:earthquake: com.google.gson.JsonSyntaxException: Invalid or unsupported recipe type 'jeed:effect_provider'
[19ago2025 19:08:14.196] [main/INFO] [net.minecraft.world.item.crafting.RecipeManager/]: Skipping loading recipe delightful:integration/biomeswevegone/cutting/barrel_cactus as it's serializer returned null
[19ago2025 19:08:14.201] [main/INFO] [net.minecraft.world.item.crafting.RecipeManager/]: Skipping loading recipe delightful:knives/blasting/bone/bone_meal_from_blasting_boots as it's serializer returned null
[19ago2025 19:08:14.202] [main/INFO] [net.minecraft.world.item.crafting.RecipeManager/]: Skipping loading recipe delightful:integration/biomeswevegone/green_apple_crate as it's serializer returned null
[19ago2025 19:08:14.207] [main/INFO] [net.minecraft.world.item.crafting.RecipeManager/]: Skipping loading recipe delightful:integration/habitat/cutting/tall_purple_anthurium as it's serializer returned null
[19ago2025 19:08:14.207] [main/INFO] [net.minecraft.world.item.crafting.RecipeManager/]: Skipping loading recipe enderio:enderios as it's serializer returned null
[19ago2025 19:08:14.212] [main/INFO] [net.minecraft.world.item.crafting.RecipeManager/]: Skipping loading recipe undergarden:bloody_stew as it's serializer returned null
[19ago2025 19:08:14.218] [main/INFO] [net.minecraft.world.item.crafting.RecipeManager/]: Skipping loading recipe vintagedelight:meat_pizza as it's serializer returned null
[19ago2025 19:08:14.218] [main/INFO] [net.minecraft.world.item.crafting.RecipeManager/]: Skipping loading recipe delightful:integration/seasonals/cooking/pumpkin_adzuki_stew as it's serializer returned null
[19ago2025 19:08:14.218] [main/INFO] [net.minecraft.world.item.crafting.RecipeManager/]: Skipping loading recipe delightful:integration/thermal/press/mini_melon_packing as it's serializer returned null
[19ago2025 19:08:14.219] [main/INFO] [net.minecraft.world.item.crafting.RecipeManager/]: Skipping loading recipe delightful:knives/smelting/diamond_diamond_nuggets as it's serializer returned null
[19ago2025 19:08:14.219] [main/ERROR] [net.minecraft.world.item.crafting.RecipeManager/]: Parsing error loading recipe sullysmod:grindstone_polishing/gelogicexpansion/orange_polished_prismatic_stone_stairs_from_orange_prismatic_stone_stairs: com.google.gson.JsonSyntaxException: Invalid or unsupported recipe type 'sullysmod:grindstone_polishing'
[19ago2025 19:08:14.219] [main/ERROR] [net.minecraft.world.item.crafting.RecipeManager/]: Parsing error loading recipe twigs:clayworks/cracked_polished_rhyolite_bricks_from_baking: com.google.gson.JsonSyntaxException: Invalid or unsupported recipe type 'clayworks:baking'
[19ago2025 19:08:14.224] [main/INFO] [net.minecraft.world.item.crafting.RecipeManager/]: Skipping loading recipe delightful:knives/smelting/bone/bone_meal_from_smelting_sword as it's serializer returned null
[19ago2025 19:08:14.224] [main/ERROR] [net.minecraft.world.item.crafting.RecipeManager/]: Parsing error loading recipe extra_compat:utherium_great_axe: com.google.gson.JsonSyntaxException: Unknown item 'undergarden:utherium_axe'
[19ago2025 19:08:14.224] [main/INFO] [net.minecraft.world.item.crafting.RecipeManager/]: Skipping loading recipe delightful:knives/blasting/copper_immersiveengineering as it's serializer returned null
[19ago2025 19:08:14.236] [main/INFO] [net.minecraft.world.item.crafting.RecipeManager/]: Skipping loading recipe deep_aether:pumpkin_pie as it's serializer returned null
[19ago2025 19:08:14.236] [main/ERROR] [net.minecraft.world.item.crafting.RecipeManager/]: Parsing error loading recipe extra_compat:utherium_club: com.google.gson.JsonSyntaxException: Unknown item 'undergarden:utherium_crystal'
[19ago2025 19:08:14.248] [main/INFO] [net.minecraft.world.item.crafting.RecipeManager/]: Skipping loading recipe delightful:integration/habitat/cutting/tall_white_anthurium as it's serializer returned null
[19ago2025 19:08:14.248] [main/INFO] [net.minecraft.world.item.crafting.RecipeManager/]: Skipping loading recipe biomeswevegone:allium_oddion_soup as it's serializer returned null
[19ago2025 19:08:14.248] [main/INFO] [net.minecraft.world.item.crafting.RecipeManager/]: Skipping loading recipe delightful:knives/blasting/copper_thermal as it's serializer returned null
[19ago2025 19:08:14.249] [main/INFO] [net.minecraft.world.item.crafting.RecipeManager/]: Skipping loading recipe delightful:knives/ritual/living_knife as it's serializer returned null
[19ago2025 19:08:14.249] [main/INFO] [net.minecraft.world.item.crafting.RecipeManager/]: Skipping loading recipe delightful:cutting/makes_dye/purple as it's serializer returned null
[19ago2025 19:08:14.266] [main/INFO] [net.minecraft.world.item.crafting.RecipeManager/]: Skipping loading recipe quark:cookie as it's serializer returned null
[19ago2025 19:08:14.266] [main/INFO] [net.minecraft.world.item.crafting.RecipeManager/]: Skipping loading recipe naturalist:cooked_egg as it's serializer returned null
[19ago2025 19:08:14.273] [main/INFO] [net.minecraft.world.item.crafting.RecipeManager/]: Skipping loading recipe brewinandchewin:quiche_from_slices as it's serializer returned null
[19ago2025 19:08:14.273] [main/INFO] [net.minecraft.world.item.crafting.RecipeManager/]: Skipping loading recipe culturaldelights:eggplant_burger as it's serializer returned null
[19ago2025 19:08:14.282] [main/INFO] [net.minecraft.world.item.crafting.RecipeManager/]: Skipping loading recipe delightful:integration/immersiveengineering/squeezer/cantaloupe_seeds as it's serializer returned null
[19ago2025 19:08:14.282] [main/ERROR] [net.minecraft.world.item.crafting.RecipeManager/]: Parsing error loading recipe sullysmod:grindstone_polishing/gelogicexpansion/black_polished_prismatic_stone_slab_from_black_prismatic_stone_slab: com.google.gson.JsonSyntaxException: Invalid or unsupported recipe type 'sullysmod:grindstone_polishing'
[19ago2025 19:08:14.282] [main/INFO] [net.minecraft.world.item.crafting.RecipeManager/]: Skipping loading recipe aether:moa_egg_pumpkin_pie as it's serializer returned null
[19ago2025 19:08:14.282] [main/ERROR] [net.minecraft.world.item.crafting.RecipeManager/]: Parsing error loading recipe jeed:fleet_footed: com.google.gson.JsonSyntaxException: Invalid or unsupported recipe type 'jeed:effect_provider'
[19ago2025 19:08:14.283] [main/INFO] [net.minecraft.world.item.crafting.RecipeManager/]: Skipping loading recipe incubation:fried_egg_from_smoking as it's serializer returned null
[19ago2025 19:08:14.283] [main/INFO] [net.minecraft.world.item.crafting.RecipeManager/]: Skipping loading recipe delightful:food/cooking/crab_rangoon_from_milk as it's serializer returned null
[19ago2025 19:08:14.283] [main/INFO] [net.minecraft.world.item.crafting.RecipeManager/]: Skipping loading recipe delightful:integration/ars_nouveau/mendosteen_crate as it's serializer returned null
[19ago2025 19:08:14.284] [main/INFO] [net.minecraft.world.item.crafting.RecipeManager/]: Skipping loading recipe undergardendelight:frosteel_knife as it's serializer returned null
[19ago2025 19:08:14.290] [main/INFO] [net.minecraft.world.item.crafting.RecipeManager/]: Skipping loading recipe thermal:machines/press/unpacking/press_potato_unpacking as it's serializer returned null
[19ago2025 19:08:14.294] [main/INFO] [net.minecraft.world.item.crafting.RecipeManager/]: Skipping loading recipe delightful:integration/ars_nouveau/cutting/magebloom as it's serializer returned null
[19ago2025 19:08:14.294] [main/INFO] [net.minecraft.world.item.crafting.RecipeManager/]: Skipping loading recipe supplementaries:inspirations/blackboard_clear as it's serializer returned null
[19ago2025 19:08:14.295] [main/ERROR] [net.minecraft.world.item.crafting.RecipeManager/]: Parsing error loading recipe sullysmod:grindstone_polishing/gelogicexpansion/red_polished_prismatic_stone_from_red_prismatic_stone: com.google.gson.JsonSyntaxException: Invalid or unsupported recipe type 'sullysmod:grindstone_polishing'
[19ago2025 19:08:14.295] [main/ERROR] [net.minecraft.world.item.crafting.RecipeManager/]: Parsing error loading recipe sullysmod:grindstone_polishing/twigs/polished_calcite_slab_from_calcite_slab: com.google.gson.JsonSyntaxException: Invalid or unsupported recipe type 'sullysmod:grindstone_polishing'
[19ago2025 19:08:14.298] [main/INFO] [net.minecraft.world.item.crafting.RecipeManager/]: Skipping loading recipe thermal:machines/press/packing3x3/press_beetroot_packing as it's serializer returned null
[19ago2025 19:08:14.298] [main/INFO] [net.minecraft.world.item.crafting.RecipeManager/]: Skipping loading recipe thermal:machines/press/unpacking/press_beetroot_unpacking as it's serializer returned null
[19ago2025 19:08:14.302] [main/INFO] [net.minecraft.world.item.crafting.RecipeManager/]: Skipping loading recipe wildberries:cutting/blueberry_pie as it's serializer returned null
[19ago2025 19:08:14.302] [main/INFO] [net.minecraft.world.item.crafting.RecipeManager/]: Skipping loading recipe farmersrespite:cutting/rose_bush as it's serializer returned null
[19ago2025 19:08:14.303] [main/INFO] [net.minecraft.world.item.crafting.RecipeManager/]: Skipping loading recipe moredelight:hamburger_with_egg as it's serializer returned null
[19ago2025 19:08:14.303] [main/INFO] [net.minecraft.world.item.crafting.RecipeManager/]: Skipping loading recipe delightful:knives/blasting/bone/bone_meal_from_blasting_axe as it's serializer returned null
[19ago2025 19:08:14.303] [main/ERROR] [net.minecraft.world.item.crafting.RecipeManager/]: Parsing error loading recipe alexscaves:cooking/seething_stew: com.google.gson.JsonSyntaxException: Unknown item 'alexscaves:dinosaur_chop'
[19ago2025 19:08:14.303] [main/INFO] [net.minecraft.world.item.crafting.RecipeManager/]: Skipping loading recipe delightful:integration/atmospheric/orange_dye_from_orange as it's serializer returned null
[19ago2025 19:08:14.303] [main/ERROR] [net.minecraft.world.item.crafting.RecipeManager/]: Parsing error loading recipe twigs:clayworks/cracked_polished_bloodstone_bricks_from_baking: com.google.gson.JsonSyntaxException: Invalid or unsupported recipe type 'clayworks:baking'
[19ago2025 19:08:14.306] [main/INFO] [net.minecraft.world.item.crafting.RecipeManager/]: Skipping loading recipe thermal:storage/beetroot_from_block as it's serializer returned null
[19ago2025 19:08:14.306] [main/ERROR] [net.minecraft.world.item.crafting.RecipeManager/]: Parsing error loading recipe sullysmod:grindstone_polishing/gelogicexpansion/magenta_polished_prismatic_stone_from_magenta_prismatic_stone: com.google.gson.JsonSyntaxException: Invalid or unsupported recipe type 'sullysmod:grindstone_polishing'
[19ago2025 19:08:14.306] [main/INFO] [net.minecraft.world.item.crafting.RecipeManager/]: Skipping loading recipe delightful:knives/blasting/invar_thermal as it's serializer returned null
[19ago2025 19:08:14.306] [main/INFO] [net.minecraft.world.item.crafting.RecipeManager/]: Skipping loading recipe some_assembly_required:crafting_shapeless/burger_bun as it's serializer returned null
[19ago2025 19:08:14.306] [main/ERROR] [net.minecraft.world.item.crafting.RecipeManager/]: Parsing error loading recipe sullysmod:grindstone_polishing/gelogicexpansion/blue_polished_prismatic_stone_wall_from_blue_prismatic_stone_wall: com.google.gson.JsonSyntaxException: Invalid or unsupported recipe type 'sullysmod:grindstone_polishing'
[19ago2025 19:08:14.306] [main/ERROR] [net.minecraft.world.item.crafting.RecipeManager/]: Parsing error loading recipe alexscaves:cooking/vesper_stew: com.google.gson.JsonSyntaxException: Unknown item 'alexscaves:vesper_wing'
[19ago2025 19:08:14.311] [main/ERROR] [net.minecraft.world.item.crafting.RecipeManager/]: Parsing error loading recipe autumnity:wallpapers/pink_wallpaper_roll: com.google.gson.JsonSyntaxException: Unknown item 'wallpapers:pink_wallpaper_roll'
[19ago2025 19:08:14.312] [main/INFO] [net.minecraft.world.item.crafting.RecipeManager/]: Skipping loading recipe delightful:knives/smelting/lead_immersiveengineering as it's serializer returned null
[19ago2025 19:08:14.312] [main/INFO] [net.minecraft.world.item.crafting.RecipeManager/]: Skipping loading recipe moredelight:chocolate_popsicle as it's serializer returned null
[19ago2025 19:08:14.315] [main/ERROR] [net.minecraft.world.item.crafting.RecipeManager/]: Parsing error loading recipe extra_compat:froststeel_gloves: com.google.gson.JsonSyntaxException: Unknown item 'undergarden:froststeel_ingot'
[19ago2025 19:08:14.315] [main/ERROR] [net.minecraft.world.item.crafting.RecipeManager/]: Parsing error loading recipe jeed:sunbird_curse: com.google.gson.JsonSyntaxException: Invalid or unsupported recipe type 'jeed:effect_provider'
[19ago2025 19:08:14.322] [main/ERROR] [net.minecraft.world.item.crafting.RecipeManager/]: Parsing error loading recipe sullysmod:grindstone_polishing/gelogicexpansion/lime_polished_prismatic_stone_stairs_from_lime_prismatic_stone_stairs: com.google.gson.JsonSyntaxException: Invalid or unsupported recipe type 'sullysmod:grindstone_polishing'
[19ago2025 19:08:14.326] [main/INFO] [net.minecraft.world.item.crafting.RecipeManager/]: Skipping loading recipe delightful:integration/forestry/squeezer/farmersrespite/melon as it's serializer returned null
[19ago2025 19:08:14.326] [main/INFO] [net.minecraft.world.item.crafting.RecipeManager/]: Skipping loading recipe delightful:integration/biomeswevegone/unpack_blueberry_sack as it's serializer returned null
[19ago2025 19:08:14.326] [main/INFO] [net.minecraft.world.item.crafting.RecipeManager/]: Skipping loading recipe delightful:knives/valkyrum_knife as it's serializer returned null
[19ago2025 19:08:14.330] [main/ERROR] [net.minecraft.world.item.crafting.RecipeManager/]: Parsing error loading recipe extra_compat:froststeel_great_sword: com.google.gson.JsonSyntaxException: Unknown item 'undergarden:froststeel_sword'
[19ago2025 19:08:14.334] [main/INFO] [net.minecraft.world.item.crafting.RecipeManager/]: Skipping loading recipe vintagedelight:pb_j as it's serializer returned null
[19ago2025 19:08:14.342] [main/INFO] [net.minecraft.world.item.crafting.RecipeManager/]: Skipping loading recipe vintagedelight:stuffed_burrito as it's serializer returned null
[19ago2025 19:08:14.342] [main/ERROR] [net.minecraft.world.item.crafting.RecipeManager/]: Parsing error loading recipe sullysmod:grindstone_polishing/gelogicexpansion/orange_polished_prismatic_stone_from_orange_prismatic_stone: com.google.gson.JsonSyntaxException: Invalid or unsupported recipe type 'sullysmod:grindstone_polishing'
[19ago2025 19:08:14.342] [main/ERROR] [net.minecraft.world.item.crafting.RecipeManager/]: Parsing error loading recipe sullysmod:grindstone_polishing/gelogicexpansion/yellow_polished_prismatic_stone_slab_from_yellow_prismatic_stone_slab: com.google.gson.JsonSyntaxException: Invalid or unsupported recipe type 'sullysmod:grindstone_polishing'
[19ago2025 19:08:14.346] [main/INFO] [net.minecraft.world.item.crafting.RecipeManager/]: Skipping loading recipe delightful:knives/onyx_knife as it's serializer returned null
[19ago2025 19:08:14.349] [main/INFO] [net.minecraft.world.item.crafting.RecipeManager/]: Skipping loading recipe sunflowerdelight:cutting/rose_bush as it's serializer returned null
[19ago2025 19:08:14.350] [main/ERROR] [net.minecraft.world.item.crafting.RecipeManager/]: Parsing error loading recipe sullysmod:grindstone_polishing/gelogicexpansion/purple_polished_prismatic_stone_wall_from_purple_prismatic_stone_wall: com.google.gson.JsonSyntaxException: Invalid or unsupported recipe type 'sullysmod:grindstone_polishing'
[19ago2025 19:08:14.350] [main/INFO] [net.minecraft.world.item.crafting.RecipeManager/]: Skipping loading recipe additionaladditions:fried_egg_from_smoking as it's serializer returned null
[19ago2025 19:08:14.350] [main/INFO] [net.minecraft.world.item.crafting.RecipeManager/]: Skipping loading recipe delightful:knives/lapis_lazuli_knife as it's serializer returned null
[19ago2025 19:08:14.350] [main/ERROR] [net.minecraft.world.item.crafting.RecipeManager/]: Parsing error loading recipe sullysmod:grindstone_polishing/gelogicexpansion/gray_polished_prismatic_stone_slab_from_gray_prismatic_stone_slab: com.google.gson.JsonSyntaxException: Invalid or unsupported recipe type 'sullysmod:grindstone_polishing'
[19ago2025 19:08:14.350] [main/INFO] [net.minecraft.world.item.crafting.RecipeManager/]: Skipping loading recipe thermal:storage/charcoal_from_block as it's serializer returned null
[19ago2025 19:08:14.351] [main/INFO] [net.minecraft.world.item.crafting.RecipeManager/]: Skipping loading recipe wildberries:cutting/sweet_berry_pie as it's serializer returned null
[19ago2025 19:08:14.351] [main/ERROR] [net.minecraft.world.item.crafting.RecipeManager/]: Parsing error loading recipe sullysmod:grindstone_polishing/galosphere/polished_pastel_pink_salt_wall_from_pastel_pink_salt_wall: com.google.gson.JsonSyntaxException: Invalid or unsupported recipe type 'sullysmod:grindstone_polishing'
[19ago2025 19:08:14.351] [main/INFO] [net.minecraft.world.item.crafting.RecipeManager/]: Skipping loading recipe delightful:knives/blasting/diamond_diamond_nuggets as it's serializer returned null
[19ago2025 19:08:14.351] [main/INFO] [net.minecraft.world.item.crafting.RecipeManager/]: Skipping loading recipe delightful:knives/smelting/copper_copperized as it's serializer returned null
[19ago2025 19:08:14.352] [main/ERROR] [net.minecraft.world.item.crafting.RecipeManager/]: Parsing error loading recipe sullysmod:grindstone_polishing/gelogicexpansion/light_blue_polished_prismatic_stone_slab_from_light_blue_prismatic_stone_slab: com.google.gson.JsonSyntaxException: Invalid or unsupported recipe type 'sullysmod:grindstone_polishing'
[19ago2025 19:08:14.357] [main/ERROR] [net.minecraft.world.item.crafting.RecipeManager/]: Parsing error loading recipe autumnity:wallpapers/light_blue_wallpaper_roll: com.google.gson.JsonSyntaxException: Unknown item 'wallpapers:light_blue_wallpaper_roll'
[19ago2025 19:08:14.360] [main/INFO] [net.minecraft.world.item.crafting.RecipeManager/]: Skipping loading recipe supplementaries:inspirations/flag_dye as it's serializer returned null
[19ago2025 19:08:14.360] [main/ERROR] [net.minecraft.world.item.crafting.RecipeManager/]: Parsing error loading recipe sullysmod:grindstone_polishing/gelogicexpansion/light_blue_polished_prismatic_stone_stairs_from_light_blue_prismatic_stone_stairs: com.google.gson.JsonSyntaxException: Invalid or unsupported recipe type 'sullysmod:grindstone_polishing'
[19ago2025 19:08:14.361] [main/INFO] [net.minecraft.world.item.crafting.RecipeManager/]: Skipping loading recipe delightful:knives/mythril_knife as it's serializer returned null
[19ago2025 19:08:14.361] [main/INFO] [net.minecraft.world.item.crafting.RecipeManager/]: Skipping loading recipe vintagedelight:cooking/nut_mash_jar as it's serializer returned null
[19ago2025 19:08:14.364] [main/ERROR] [net.minecraft.world.item.crafting.RecipeManager/]: Parsing error loading recipe sullysmod:grindstone_polishing/gelogicexpansion/red_polished_prismatic_stone_wall_from_red_prismatic_stone_wall: com.google.gson.JsonSyntaxException: Invalid or unsupported recipe type 'sullysmod:grindstone_polishing'
[19ago2025 19:08:14.364] [main/INFO] [net.minecraft.world.item.crafting.RecipeManager/]: Skipping loading recipe delightful:integration/farmersrespite/emptying/lavender_tea as it's serializer returned null
[19ago2025 19:08:14.364] [main/INFO] [net.minecraft.world.item.crafting.RecipeManager/]: Skipping loading recipe delightful:integration/venison as it's serializer returned null
[19ago2025 19:08:14.366] [main/ERROR] [net.minecraft.world.item.crafting.RecipeManager/]: Parsing error loading recipe worldofwonder:stem_boat_recipe: com.google.gson.JsonSyntaxException: Unknown item 'worldofwonder:stem_planks'
[19ago2025 19:08:14.369] [main/INFO] [net.minecraft.world.item.crafting.RecipeManager/]: Skipping loading recipe delightful:integration/brewinandchewin/pizza_from_flour as it's serializer returned null
[19ago2025 19:08:14.369] [main/ERROR] [net.minecraft.world.item.crafting.RecipeManager/]: Parsing error loading recipe autumnity:wallpapers/brown_wallpaper_roll: com.google.gson.JsonSyntaxException: Unknown item 'wallpapers:brown_wallpaper_roll'
[19ago2025 19:08:14.372] [main/INFO] [net.minecraft.world.item.crafting.RecipeManager/]: Skipping loading recipe delightful:integration/thermal/sawmill/mini_melon as it's serializer returned null
[19ago2025 19:08:14.376] [main/INFO] [net.minecraft.world.item.crafting.RecipeManager/]: Skipping loading recipe wildberries:cranberry_pie_from_slices as it's serializer returned null
[19ago2025 19:08:14.376] [main/INFO] [net.minecraft.world.item.crafting.RecipeManager/]: Skipping loading recipe delightful:knives/steeleaf_knife as it's serializer returned null
[19ago2025 19:08:14.376] [main/ERROR] [net.minecraft.world.item.crafting.RecipeManager/]: Parsing error loading recipe sullysmod:grindstone_polishing/galosphere/polished_rose_pink_salt_from_rose_pink_salt: com.google.gson.JsonSyntaxException: Invalid or unsupported recipe type 'sullysmod:grindstone_polishing'
[19ago2025 19:08:14.376] [main/INFO] [net.minecraft.world.item.crafting.RecipeManager/]: Skipping loading recipe forestry:squeezer/cactus as it's serializer returned null
[19ago2025 19:08:14.381] [main/INFO] [net.minecraft.world.item.crafting.RecipeManager/]: Skipping loading recipe delightful:integration/biomeswevegone/cutting/green_apple_pie as it's serializer returned null
[19ago2025 19:08:14.383] [main/INFO] [net.minecraft.world.item.crafting.RecipeManager/]: Skipping loading recipe corn_delight:cooking/corn_soup as it's serializer returned null
[19ago2025 19:08:14.383] [main/INFO] [net.minecraft.world.item.crafting.RecipeManager/]: Skipping loading recipe delightful:integration/cookielicious/glow_jam_cookie_tile_slab_stonecutting as it's serializer returned null
[19ago2025 19:08:14.383] [main/INFO] [net.minecraft.world.item.crafting.RecipeManager/]: Skipping loading recipe duckling:pumpkin_pie as it's serializer returned null
[19ago2025 19:08:14.385] [main/ERROR] [net.minecraft.world.item.crafting.RecipeManager/]: Parsing error loading recipe extra_compat:froststeel_quarterstaff: com.google.gson.JsonSyntaxException: Unknown item 'undergarden:froststeel_ingot'
[19ago2025 19:08:14.385] [main/INFO] [net.minecraft.world.item.crafting.RecipeManager/]: Skipping loading recipe delightful:integration/undergarden/cutting/gloomgourd_pie as it's serializer returned null
[19ago2025 19:08:14.385] [main/INFO] [net.minecraft.world.item.crafting.RecipeManager/]: Skipping loading recipe vintagedelight:deluxe_burger_from_bun as it's serializer returned null
[19ago2025 19:08:14.385] [main/INFO] [net.minecraft.world.item.crafting.RecipeManager/]: Skipping loading recipe delightful:cutting/makes_dye/lime as it's serializer returned null
[19ago2025 19:08:14.385] [main/ERROR] [net.minecraft.world.item.crafting.RecipeManager/]: Parsing error loading recipe farmersdelight:cutting/goated/chevon: com.google.gson.JsonSyntaxException: Unknown item 'goated:chevon'
[19ago2025 19:08:14.385] [main/INFO] [net.minecraft.world.item.crafting.RecipeManager/]: Skipping loading recipe delightful:food/pie_crust_from_flour as it's serializer returned null
[19ago2025 19:08:14.386] [main/INFO] [net.minecraft.world.item.crafting.RecipeManager/]: Skipping loading recipe delightful:cutting/makes_dye/blue as it's serializer returned null
[19ago2025 19:08:14.386] [main/ERROR] [net.minecraft.world.item.crafting.RecipeManager/]: Parsing error loading recipe sullysmod:grindstone_polishing/gelogicexpansion/orange_polished_prismatic_stone_slab_from_orange_prismatic_stone_slab: com.google.gson.JsonSyntaxException: Invalid or unsupported recipe type 'sullysmod:grindstone_polishing'
[19ago2025 19:08:14.391] [main/INFO] [net.minecraft.world.item.crafting.RecipeManager/]: Skipping loading recipe culturaldelights:corn_dough as it's serializer returned null
[19ago2025 19:08:14.391] [main/ERROR] [net.minecraft.world.item.crafting.RecipeManager/]: Parsing error loading recipe extra_compat:utherium_gloves: com.google.gson.JsonSyntaxException: Unknown item 'undergarden:utherium_crystal'
[19ago2025 19:08:14.398] [main/INFO] [net.minecraft.world.item.crafting.RecipeManager/]: Skipping loading recipe undergardendelight:cutting/knife/gloomgourd_pie as it's serializer returned null
[19ago2025 19:08:14.398] [main/INFO] [net.minecraft.world.item.crafting.RecipeManager/]: Skipping loading recipe vintagedelight:cooking/nut_milk as it's serializer returned null
[19ago2025 19:08:14.398] [main/INFO] [net.minecraft.world.item.crafting.RecipeManager/]: Skipping loading recipe thermal:storage/beetroot_block as it's serializer returned null
[19ago2025 19:08:14.398] [main/INFO] [net.minecraft.world.item.crafting.RecipeManager/]: Skipping loading recipe abnormals_delight:buzzier_bees/cutting/white_clover as it's serializer returned null
[19ago2025 19:08:14.402] [main/ERROR] [net.minecraft.world.item.crafting.RecipeManager/]: Parsing error loading recipe sullysmod:grindstone_polishing/gelogicexpansion/polished_prismatic_stone_wall_from_prismatic_stone_wall: com.google.gson.JsonSyntaxException: Invalid or unsupported recipe type 'sullysmod:grindstone_polishing'
[19ago2025 19:08:14.402] [main/ERROR] [net.minecraft.world.item.crafting.RecipeManager/]: Parsing error loading recipe sullysmod:grindstone_polishing/gelogicexpansion/purple_polished_prismatic_stone_from_purple_prismatic_stone: com.google.gson.JsonSyntaxException: Invalid or unsupported recipe type 'sullysmod:grindstone_polishing'
[19ago2025 19:08:14.405] [main/INFO] [net.minecraft.world.item.crafting.RecipeManager/]: Skipping loading recipe thermal:storage/apple_block as it's serializer returned null
[19ago2025 19:08:14.407] [main/ERROR] [net.minecraft.world.item.crafting.RecipeManager/]: Parsing error loading recipe rainbowreef:milk_bottle_buttered_butterflyfish: com.google.gson.JsonSyntaxException: Unknown item 'rainbowreef:raw_butterflyfish'
[19ago2025 19:08:14.407] [main/INFO] [net.minecraft.world.item.crafting.RecipeManager/]: Skipping loading recipe delightful:integration/ecologics/bowl_from_coconut_husk as it's serializer returned null
[19ago2025 19:08:14.412] [main/INFO] [net.minecraft.world.item.crafting.RecipeManager/]: Skipping loading recipe delightful:knives/zanite_knife as it's serializer returned null
[19ago2025 19:08:14.412] [main/INFO] [net.minecraft.world.item.crafting.RecipeManager/]: Skipping loading recipe delightful:integration/biomemakeover/cutting/saguaro_cactus as it's serializer returned null
[19ago2025 19:08:14.412] [main/INFO] [net.minecraft.world.item.crafting.RecipeManager/]: Skipping loading recipe delightful:cutting/raw_venison as it's serializer returned null
[19ago2025 19:08:14.413] [main/INFO] [net.minecraft.world.item.crafting.RecipeManager/]: Skipping loading recipe ars_nouveau:source_berry_roll as it's serializer returned null
[19ago2025 19:08:14.413] [main/INFO] [net.minecraft.world.item.crafting.RecipeManager/]: Skipping loading recipe delightful:knives/electrum_knife as it's serializer returned null
[19ago2025 19:08:14.413] [main/INFO] [net.minecraft.world.item.crafting.RecipeManager/]: Skipping loading recipe enderio:alloy_smelting/cake_base as it's serializer returned null
[19ago2025 19:08:14.416] [main/INFO] [net.minecraft.world.item.crafting.RecipeManager/]: Skipping loading recipe delightful:knives/smelting/invar_thermal as it's serializer returned null
[19ago2025 19:08:14.416] [main/INFO] [net.minecraft.world.item.crafting.RecipeManager/]: Skipping loading recipe wildberries:raspberry_pie_from_slices as it's serializer returned null
[19ago2025 19:08:14.416] [main/INFO] [net.minecraft.world.item.crafting.RecipeManager/]: Skipping loading recipe delightful:knives/smithing/stratus_knife as it's serializer returned null
[19ago2025 19:08:14.422] [main/INFO] [net.minecraft.world.item.crafting.RecipeManager/]: Skipping loading recipe casualness_delight:cutting/cheese_wheel as it's serializer returned null
[19ago2025 19:08:14.425] [main/INFO] [net.minecraft.world.item.crafting.RecipeManager/]: Skipping loading recipe thermal:storage/carrot_block as it's serializer returned null
[19ago2025 19:08:14.425] [main/INFO] [net.minecraft.world.item.crafting.RecipeManager/]: Skipping loading recipe delightful:knives/blasting/bone/bone_meal_from_blasting_shovel as it's serializer returned null
[19ago2025 19:08:14.425] [main/INFO] [net.minecraft.world.item.crafting.RecipeManager/]: Skipping loading recipe untameddelight:boar_hamburger as it's serializer returned null
[19ago2025 19:08:14.429] [main/INFO] [net.minecraft.world.item.crafting.RecipeManager/]: Skipping loading recipe delightful:food/nut_dough_from_flour_and_water as it's serializer returned null
[19ago2025 19:08:14.429] [main/ERROR] [net.minecraft.world.item.crafting.RecipeManager/]: Parsing error loading recipe sullysmod:grindstone_polishing/gelogicexpansion/magenta_polished_prismatic_stone_wall_from_magenta_prismatic_stone_wall: com.google.gson.JsonSyntaxException: Invalid or unsupported recipe type 'sullysmod:grindstone_polishing'
[19ago2025 19:08:14.429] [main/ERROR] [net.minecraft.world.item.crafting.RecipeManager/]: Parsing error loading recipe sullysmod:grindstone_polishing/gelogicexpansion/white_polished_prismatic_stone_from_white_prismatic_stone: com.google.gson.JsonSyntaxException: Invalid or unsupported recipe type 'sullysmod:grindstone_polishing'
[19ago2025 19:08:14.429] [main/ERROR] [net.minecraft.world.item.crafting.RecipeManager/]: Parsing error loading recipe farmersdelight:cutting/aromatic/cinnamon_stem: com.google.gson.JsonSyntaxException: Unknown item 'aromatic:cinnamon_log_thin'
[19ago2025 19:08:14.429] [main/INFO] [net.minecraft.world.item.crafting.RecipeManager/]: Skipping loading recipe sunflowerdelight:cooking/rose_lemonade as it's serializer returned null
[19ago2025 19:08:14.432] [main/INFO] [net.minecraft.world.item.crafting.RecipeManager/]: Skipping loading recipe delightful:knives/repairing/skyjade_knife as it's serializer returned null
[19ago2025 19:08:14.439] [main/INFO] [net.minecraft.world.item.crafting.RecipeManager/]: Skipping loading recipe delightful:knives/repairing/stratus_knife as it's serializer returned null
[19ago2025 19:08:14.439] [main/INFO] [net.minecraft.world.item.crafting.RecipeManager/]: Skipping loading recipe thermal:machines/press/unpacking/press_carrot_unpacking as it's serializer returned null
[19ago2025 19:08:14.439] [main/ERROR] [net.minecraft.world.item.crafting.RecipeManager/]: Parsing error loading recipe sullysmod:grindstone_polishing/gelogicexpansion/green_polished_prismatic_stone_from_green_prismatic_stone: com.google.gson.JsonSyntaxException: Invalid or unsupported recipe type 'sullysmod:grindstone_polishing'
[19ago2025 19:08:14.440] [main/INFO] [net.minecraft.world.item.crafting.RecipeManager/]: Skipping loading recipe thermal:storage/apple_from_block as it's serializer returned null
[19ago2025 19:08:14.440] [main/INFO] [net.minecraft.world.item.crafting.RecipeManager/]: Skipping loading recipe neapolitan:banana/banana_bread as it's serializer returned null
[19ago2025 19:08:14.446] [main/INFO] [net.minecraft.world.item.crafting.RecipeManager/]: Skipping loading recipe delightful:knives/smithing/fluix_knife as it's serializer returned null
[19ago2025 19:08:14.448] [main/ERROR] [net.minecraft.world.item.crafting.RecipeManager/]: Parsing error loading recipe jeed:nausea: com.google.gson.JsonSyntaxException: Invalid or unsupported recipe type 'jeed:effect_provider'
[19ago2025 19:08:14.449] [main/INFO] [net.minecraft.world.item.crafting.RecipeManager/]: Skipping loading recipe delightful:integration/biomeswevegone/cutting/golden_spined_cactus as it's serializer returned null
[19ago2025 19:08:14.449] [main/ERROR] [net.minecraft.world.item.crafting.RecipeManager/]: Parsing error loading recipe sullysmod:grindstone_polishing/gelogicexpansion/yellow_polished_prismatic_stone_stairs_yellow_prismatic_stone_stairs: com.google.gson.JsonSyntaxException: Invalid or unsupported recipe type 'sullysmod:grindstone_polishing'
[19ago2025 19:08:14.449] [main/INFO] [net.minecraft.world.item.crafting.RecipeManager/]: Skipping loading recipe delightful:integration/immersiveengineering/squeezer/salmonberry_pips as it's serializer returned null
[19ago2025 19:08:14.450] [main/INFO] [net.minecraft.world.item.crafting.RecipeManager/]: Skipping loading recipe thermal:machines/press/packing3x3/press_charcoal_packing as it's serializer returned null
[19ago2025 19:08:14.455] [main/INFO] [net.minecraft.world.item.crafting.RecipeManager/]: Skipping loading recipe buzzier_bees:white_clover_compat as it's serializer returned null
[19ago2025 19:08:14.455] [main/INFO] [net.minecraft.world.item.crafting.RecipeManager/]: Skipping loading recipe delightful:knives/blasting/bone/bone_meal_from_blasting_leggings as it's serializer returned null
[19ago2025 19:08:14.455] [main/INFO] [net.minecraft.world.item.crafting.RecipeManager/]: Skipping loading recipe delightful:knives/smithing/netherite_opal_knife as it's serializer returned null
[19ago2025 19:08:14.455] [main/INFO] [net.minecraft.world.item.crafting.RecipeManager/]: Skipping loading recipe seasonals:crafting/pumpkin_adzuki_stew as it's serializer returned null
[19ago2025 19:08:14.455] [main/ERROR] [net.minecraft.world.item.crafting.RecipeManager/]: Parsing error loading recipe extra_compat:forgotten_spear_smithing: com.google.gson.JsonSyntaxException: Unknown item 'undergarden:forgotten_upgrade_smithing_template'
[19ago2025 19:08:14.456] [main/INFO] [net.minecraft.world.item.crafting.RecipeManager/]: Skipping loading recipe ecologics:mushroom_stew_from_coconut_husk as it's serializer returned null
[19ago2025 19:08:14.456] [main/INFO] [net.minecraft.world.item.crafting.RecipeManager/]: Skipping loading recipe delightful:matcha_ice_cream_block as it's serializer returned null
[19ago2025 19:08:14.460] [main/INFO] [net.minecraft.world.item.crafting.RecipeManager/]: Skipping loading recipe undergarden:indigo_stew as it's serializer returned null
[19ago2025 19:08:14.461] [main/ERROR] [net.minecraft.world.item.crafting.RecipeManager/]: Parsing error loading recipe sullysmod:grindstone_polishing/galosphere/polished_pastel_pink_salt_slab_from_pastel_pink_salt_slab: com.google.gson.JsonSyntaxException: Invalid or unsupported recipe type 'sullysmod:grindstone_polishing'
[19ago2025 19:08:14.473] [main/INFO] [net.minecraft.world.item.crafting.RecipeManager/]: Skipping loading recipe delightful:integration/cookielicious/glow_jam_cookie_tile_slab as it's serializer returned null
[19ago2025 19:08:14.473] [main/ERROR] [net.minecraft.world.item.crafting.RecipeManager/]: Parsing error loading recipe jeed:blast_endurance: com.google.gson.JsonSyntaxException: Invalid or unsupported recipe type 'jeed:effect_provider'
[19ago2025 19:08:14.473] [main/INFO] [net.minecraft.world.item.crafting.RecipeManager/]: Skipping loading recipe delightful:integration/ars_nouveau/source_berry_pie_from_slices as it's serializer returned null
[19ago2025 19:08:14.473] [main/INFO] [net.minecraft.world.item.crafting.RecipeManager/]: Skipping loading recipe delightful:knives/smithing/obsidian_infused_enderite_knife as it's serializer returned null
[19ago2025 19:08:14.482] [main/INFO] [net.minecraft.world.item.crafting.RecipeManager/]: Skipping loading recipe delightful:knives/utherium_knife as it's serializer returned null
[19ago2025 19:08:14.482] [main/INFO] [net.minecraft.world.item.crafting.RecipeManager/]: Skipping loading recipe frozenup:mug_of_milk as it's serializer returned null
[19ago2025 19:08:14.489] [main/ERROR] [net.minecraft.world.item.crafting.RecipeManager/]: Parsing error loading recipe autumnity:wallpapers/green_wallpaper_roll: com.google.gson.JsonSyntaxException: Unknown item 'wallpapers:green_wallpaper_roll'
[19ago2025 19:08:14.489] [main/ERROR] [net.minecraft.world.item.crafting.RecipeManager/]: Parsing error loading recipe sullysmod:grindstone_polishing/gelogicexpansion/green_polished_prismatic_stone_slab_from_green_prismatic_stone_slab: com.google.gson.JsonSyntaxException: Invalid or unsupported recipe type 'sullysmod:grindstone_polishing'
[19ago2025 19:08:14.489] [main/ERROR] [net.minecraft.world.item.crafting.RecipeManager/]: Parsing error loading recipe miners_delight:pouring/water_cup: com.google.gson.JsonSyntaxException: Invalid or unsupported recipe type 'farmersrespite:kettle_pouring'
[19ago2025 19:08:14.490] [main/INFO] [net.minecraft.world.item.crafting.RecipeManager/]: Skipping loading recipe delightful:knives/repairing/zanite_knife as it's serializer returned null
[19ago2025 19:08:14.494] [main/INFO] [net.minecraft.world.item.crafting.RecipeManager/]: Skipping loading recipe delightful:knives/leaf_knife as it's serializer returned null
[19ago2025 19:08:14.495] [main/INFO] [net.minecraft.world.item.crafting.RecipeManager/]: Skipping loading recipe thermal:machines/press/packing3x3/press_potato_packing as it's serializer returned null
[19ago2025 19:08:14.495] [main/INFO] [net.minecraft.world.item.crafting.RecipeManager/]: Skipping loading recipe delightful:cutting/cooked_venison as it's serializer returned null
[19ago2025 19:08:14.495] [main/ERROR] [net.minecraft.world.item.crafting.RecipeManager/]: Parsing error loading recipe sullysmod:grindstone_polishing/gelogicexpansion/light_blue_polished_prismatic_stone_from_light_blue_prismatic_stone: com.google.gson.JsonSyntaxException: Invalid or unsupported recipe type 'sullysmod:grindstone_polishing'
[19ago2025 19:08:14.495] [main/INFO] [net.minecraft.world.item.crafting.RecipeManager/]: Skipping loading recipe biomeswevegone:green_apple_pie as it's serializer returned null
[19ago2025 19:08:14.499] [main/INFO] [net.minecraft.world.item.crafting.RecipeManager/]: Skipping loading recipe thermal:machines/press/packing3x3/press_apple_packing as it's serializer returned null
[19ago2025 19:08:14.499] [main/INFO] [net.minecraft.world.item.crafting.RecipeManager/]: Skipping loading recipe abnormals_delight:autumnity/pumpkin_bread as it's serializer returned null
[19ago2025 19:08:14.499] [main/INFO] [net.minecraft.world.item.crafting.RecipeManager/]: Skipping loading recipe delightful:knives/blasting/silver_immersiveengineering as it's serializer returned null
[19ago2025 19:08:14.499] [main/INFO] [net.minecraft.world.item.crafting.RecipeManager/]: Skipping loading recipe delightful:food/cooking/nut_milk_from_skyroot_bucket as it's serializer returned null
[19ago2025 19:08:14.499] [main/INFO] [net.minecraft.world.item.crafting.RecipeManager/]: Skipping loading recipe delightful:knives/constantan_knife as it's serializer returned null
[19ago2025 19:08:14.499] [main/ERROR] [net.minecraft.world.item.crafting.RecipeManager/]: Parsing error loading recipe extra_compat:cloggrum_spear: com.google.gson.JsonSyntaxException: Unknown item 'undergarden:cloggrum_ingot'
[19ago2025 19:08:14.499] [main/INFO] [net.minecraft.world.item.crafting.RecipeManager/]: Skipping loading recipe delightful:knives/smelting/bone/bone_meal_from_smelting_shovel as it's serializer returned null
[19ago2025 19:08:14.501] [main/ERROR] [net.minecraft.world.item.crafting.RecipeManager/]: Parsing error loading recipe sullysmod:grindstone_polishing/galosphere/polished_pastel_pink_salt_stairs_from_pastel_pink_salt_stairs: com.google.gson.JsonSyntaxException: Invalid or unsupported recipe type 'sullysmod:grindstone_polishing'
[19ago2025 19:08:14.501] [main/ERROR] [net.minecraft.world.item.crafting.RecipeManager/]: Parsing error loading recipe extra_compat:cooked_chevon_chop_from_campfire_cooking: com.google.gson.JsonSyntaxException: Unknown item 'extra_compat:chevon_chop'
[19ago2025 19:08:14.501] [main/INFO] [net.minecraft.world.item.crafting.RecipeManager/]: Skipping loading recipe undergardendelight:utherium_knife as it's serializer returned null
[19ago2025 19:08:14.501] [main/ERROR] [net.minecraft.world.item.crafting.RecipeManager/]: Parsing error loading recipe farmersdelight:cutting/wilderness/overgrown_oak_wood: com.google.gson.JsonSyntaxException: Unknown item 'wilderness:overgrown_oak_wood'
[19ago2025 19:08:14.504] [main/INFO] [net.minecraft.world.item.crafting.RecipeManager/]: Skipping loading recipe twilightdelight:cutting/cooked_venison_rib as it's serializer returned null
[19ago2025 19:08:14.504] [main/INFO] [net.minecraft.world.item.crafting.RecipeManager/]: Skipping loading recipe delightful:knives/skyjade_knife as it's serializer returned null
[19ago2025 19:08:14.504] [main/ERROR] [net.minecraft.world.item.crafting.RecipeManager/]: Parsing error loading recipe sullysmod:grindstone_polishing/gelogicexpansion/green_polished_prismatic_stone_stairs_from_green_prismatic_stone_stairs: com.google.gson.JsonSyntaxException: Invalid or unsupported recipe type 'sullysmod:grindstone_polishing'
[19ago2025 19:08:14.504] [main/ERROR] [net.minecraft.world.item.crafting.RecipeManager/]: Parsing error loading recipe sullysmod:grindstone_polishing/gelogicexpansion/light_gray_polished_prismatic_stone_slab_from_light_gray_prismatic_stone_slab: com.google.gson.JsonSyntaxException: Invalid or unsupported recipe type 'sullysmod:grindstone_polishing'
[19ago2025 19:08:14.511] [main/ERROR] [net.minecraft.world.item.crafting.RecipeManager/]: Parsing error loading recipe sullysmod:grindstone_polishing/gelogicexpansion/blue_polished_prismatic_stone_from_blue_prismatic_stone: com.google.gson.JsonSyntaxException: Invalid or unsupported recipe type 'sullysmod:grindstone_polishing'
[19ago2025 19:08:14.511] [main/INFO] [net.minecraft.world.item.crafting.RecipeManager/]: Skipping loading recipe delightful:integration/thermal/organic_compost_from_compost as it's serializer returned null
[19ago2025 19:08:14.513] [main/INFO] [net.minecraft.world.item.crafting.RecipeManager/]: Skipping loading recipe delightful:knives/invar_knife as it's serializer returned null
[19ago2025 19:08:14.514] [main/ERROR] [net.minecraft.world.item.crafting.RecipeManager/]: Parsing error loading recipe autumnity:wallpapers/gray_wallpaper_roll: com.google.gson.JsonSyntaxException: Unknown item 'wallpapers:gray_wallpaper_roll'
[19ago2025 19:08:14.516] [main/INFO] [net.minecraft.world.item.crafting.RecipeManager/]: Skipping loading recipe miners_delight:squid_sandwich as it's serializer returned null
[19ago2025 19:08:14.516] [main/INFO] [net.minecraft.world.item.crafting.RecipeManager/]: Skipping loading recipe hauntedharvest:corn_bread as it's serializer returned null
[19ago2025 19:08:14.517] [main/ERROR] [net.minecraft.world.item.crafting.RecipeManager/]: Parsing error loading recipe sullysmod:grindstone_polishing/gelogicexpansion/red_polished_prismatic_stone_slab_from_red_prismatic_stone_slab: com.google.gson.JsonSyntaxException: Invalid or unsupported recipe type 'sullysmod:grindstone_polishing'
[19ago2025 19:08:14.519] [main/INFO] [net.minecraft.world.item.crafting.RecipeManager/]: Skipping loading recipe delightful:knives/brass_knife as it's serializer returned null
[19ago2025 19:08:14.519] [main/ERROR] [net.minecraft.world.item.crafting.RecipeManager/]: Parsing error loading recipe twigs:clayworks/cracked_polished_silt_bricks_from_baking: com.google.gson.JsonSyntaxException: Invalid or unsupported recipe type 'clayworks:baking'
[19ago2025 19:08:14.519] [main/INFO] [net.minecraft.world.item.crafting.RecipeManager/]: Skipping loading recipe create:sandpaper_polishing/rose_quartz as it's serializer returned null
[19ago2025 19:08:14.519] [main/INFO] [net.minecraft.world.item.crafting.RecipeManager/]: Skipping loading recipe delightful:integration/ars_nouveau/cutting/purple_archwood_log as it's serializer returned null
[19ago2025 19:08:14.519] [main/ERROR] [net.minecraft.world.item.crafting.RecipeManager/]: Parsing error loading recipe farmersdelight:cutting/habitat/red_anthurium: com.google.gson.JsonSyntaxException: Unknown item 'habitat:red_anthurium'
[19ago2025 19:08:14.523] [main/ERROR] [net.minecraft.world.item.crafting.RecipeManager/]: Parsing error loading recipe jeed:debilitating_sting: com.google.gson.JsonSyntaxException: Invalid or unsupported recipe type 'jeed:effect_provider'
[19ago2025 19:08:14.526] [main/INFO] [net.minecraft.world.item.crafting.RecipeManager/]: Skipping loading recipe delightful:integration/ars_nouveau/unpack_frostaya_crate as it's serializer returned null
[19ago2025 19:08:14.532] [main/INFO] [net.minecraft.world.item.crafting.RecipeManager/]: Skipping loading recipe delightful:integration/farmersrespite/pouring/azalea_tea as it's serializer returned null
[19ago2025 19:08:14.533] [main/ERROR] [net.minecraft.world.item.crafting.RecipeManager/]: Parsing error loading recipe autumnity:wallpapers/magenta_wallpaper_roll: com.google.gson.JsonSyntaxException: Unknown item 'wallpapers:magenta_wallpaper_roll'
[19ago2025 19:08:14.533] [main/INFO] [net.minecraft.world.item.crafting.RecipeManager/]: Skipping loading recipe buzzier_bees:pink_clover_compat as it's serializer returned null
[19ago2025 19:08:14.533] [main/INFO] [net.minecraft.world.item.crafting.RecipeManager/]: Skipping loading recipe wildberries:blackberry_pie as it's serializer returned null
[19ago2025 19:08:14.533] [main/ERROR] [net.minecraft.world.item.crafting.RecipeManager/]: Parsing error loading recipe sullysmod:grindstone_polishing/gelogicexpansion/pink_polished_prismatic_stone_from_pink_prismatic_stone: com.google.gson.JsonSyntaxException: Invalid or unsupported recipe type 'sullysmod:grindstone_polishing'
[19ago2025 19:08:14.533] [main/INFO] [net.minecraft.world.item.crafting.RecipeManager/]: Skipping loading recipe delightful:knives/black_opal_knife as it's serializer returned null
[19ago2025 19:08:14.534] [main/INFO] [net.minecraft.world.item.crafting.RecipeManager/]: Skipping loading recipe delightful:cutting/makes_dye/red as it's serializer returned null
[19ago2025 19:08:14.534] [main/INFO] [net.minecraft.world.item.crafting.RecipeManager/]: Skipping loading recipe delightful:knives/smelting/copper_abnormals as it's serializer returned null
[19ago2025 19:08:14.534] [main/ERROR] [net.minecraft.world.item.crafting.RecipeManager/]: Parsing error loading recipe farmersdelight:cutting/toughasnails/empty_canteen: com.google.gson.JsonSyntaxException: Unknown item 'toughasnails:empty_canteen'
[19ago2025 19:08:14.538] [main/INFO] [net.minecraft.world.item.crafting.RecipeManager/]: Skipping loading recipe delightful:knives/aluminum_knife as it's serializer returned null
[19ago2025 19:08:14.542] [main/INFO] [net.minecraft.world.item.crafting.RecipeManager/]: Skipping loading recipe delightful:cutting/makes_dye/light_gray as it's serializer returned null
[19ago2025 19:08:14.545] [main/ERROR] [net.minecraft.world.item.crafting.RecipeManager/]: Parsing error loading recipe extra_compat:cloggrum_hammer: com.google.gson.JsonSyntaxException: Unknown item 'undergarden:cloggrum_ingot'
[19ago2025 19:08:14.548] [main/INFO] [net.minecraft.world.item.crafting.RecipeManager/]: Skipping loading recipe delightful:knives/smelting/nickel_immersiveengineering as it's serializer returned null
[19ago2025 19:08:14.548] [main/INFO] [net.minecraft.world.item.crafting.RecipeManager/]: Skipping loading recipe fruitsdelight:fig_pudding as it's serializer returned null
[19ago2025 19:08:14.548] [main/INFO] [net.minecraft.world.item.crafting.RecipeManager/]: Skipping loading recipe delightful:knives/blasting/bone/bone_meal_from_blasting_hoe as it's serializer returned null
[19ago2025 19:08:14.548] [main/INFO] [net.minecraft.world.item.crafting.RecipeManager/]: Skipping loading recipe delightful:integration/cookielicious/glow_jam_cookie_tile_stairs_stonecutting as it's serializer returned null
[19ago2025 19:08:14.548] [main/INFO] [net.minecraft.world.item.crafting.RecipeManager/]: Skipping loading recipe delightful:knives/blasting/zinc_create as it's serializer returned null
[19ago2025 19:08:14.550] [main/ERROR] [net.minecraft.world.item.crafting.RecipeManager/]: Parsing error loading recipe sullysmod:grindstone_polishing/galosphere/polished_rose_pink_salt_stairs_from_rose_pink_salt_stairs: com.google.gson.JsonSyntaxException: Invalid or unsupported recipe type 'sullysmod:grindstone_polishing'
[19ago2025 19:08:14.550] [main/INFO] [net.minecraft.world.item.crafting.RecipeManager/]: Skipping loading recipe ae2:inscriber/ender_dust as it's serializer returned null
[19ago2025 19:08:14.550] [main/INFO] [net.minecraft.world.item.crafting.RecipeManager/]: Skipping loading recipe delightful:knives/smelting/electrum_immersiveengineering as it's serializer returned null
[19ago2025 19:08:14.550] [main/ERROR] [net.minecraft.world.item.crafting.RecipeManager/]: Parsing error loading recipe extra_compat:utherium_dagger: com.google.gson.JsonSyntaxException: Unknown item 'undergarden:utherium_crystal'
[19ago2025 19:08:14.550] [main/INFO] [net.minecraft.world.item.crafting.RecipeManager/]: Skipping loading recipe delightful:integration/create_sa/gilded_quartz_knife as it's serializer returned null
[19ago2025 19:08:14.550] [main/INFO] [net.minecraft.world.item.crafting.RecipeManager/]: Skipping loading recipe delightful:knives/smithing/alf_knife as it's serializer returned null
[19ago2025 19:08:14.551] [main/INFO] [net.minecraft.world.item.crafting.RecipeManager/]: Skipping loading recipe seasonals:crafting/pumpkin_puree as it's serializer returned null
[19ago2025 19:08:14.551] [main/INFO] [net.minecraft.world.item.crafting.RecipeManager/]: Skipping loading recipe delightful:cutting/makes_dye/orange as it's serializer returned null
[19ago2025 19:08:14.556] [main/INFO] [net.minecraft.world.item.crafting.RecipeManager/]: Skipping loading recipe delightful:knives/froststeel_knife as it's serializer returned null
[19ago2025 19:08:14.556] [main/ERROR] [net.minecraft.world.item.crafting.RecipeManager/]: Parsing error loading recipe autumnity:wallpapers/red_wallpaper_roll: com.google.gson.JsonSyntaxException: Unknown item 'wallpapers:red_wallpaper_roll'
[19ago2025 19:08:14.556] [main/INFO] [net.minecraft.world.item.crafting.RecipeManager/]: Skipping loading recipe corn_delight:cooking/stuffed_pumpkin_from_cornbread as it's serializer returned null
[19ago2025 19:08:14.556] [main/ERROR] [net.minecraft.world.item.crafting.RecipeManager/]: Parsing error loading recipe miners_delight:pouring/milk_cup: com.google.gson.JsonSyntaxException: Invalid or unsupported recipe type 'farmersrespite:kettle_pouring'
[19ago2025 19:08:14.560] [main/INFO] [net.minecraft.world.item.crafting.RecipeManager/]: Skipping loading recipe delightful:integration/ars_nouveau/imbuement_pomegranate as it's serializer returned null
[19ago2025 19:08:14.560] [main/INFO] [net.minecraft.world.item.crafting.RecipeManager/]: Skipping loading recipe delightful:knives/veridium_knife as it's serializer returned null
[19ago2025 19:08:14.560] [main/INFO] [net.minecraft.world.item.crafting.RecipeManager/]: Skipping loading recipe biomeswevegone:blooming_oddion as it's serializer returned null
[19ago2025 19:08:14.560] [main/INFO] [net.minecraft.world.item.crafting.RecipeManager/]: Skipping loading recipe miners_delight:vegan_hamburger as it's serializer returned null
[19ago2025 19:08:14.560] [main/INFO] [net.minecraft.world.item.crafting.RecipeManager/]: Skipping loading recipe thermal:storage/gunpowder_from_block as it's serializer returned null
[19ago2025 19:08:14.562] [main/INFO] [net.minecraft.world.item.crafting.RecipeManager/]: Skipping loading recipe delightful:knives/gravitite_knife as it's serializer returned null
[19ago2025 19:08:14.562] [main/INFO] [net.minecraft.world.item.crafting.RecipeManager/]: Skipping loading recipe delightful:knives/large_amethyst_knife as it's serializer returned null
[19ago2025 19:08:14.562] [main/INFO] [net.minecraft.world.item.crafting.RecipeManager/]: Skipping loading recipe delightful:integration/ars_nouveau/source_berry_milkshake as it's serializer returned null
[19ago2025 19:08:14.562] [main/INFO] [net.minecraft.world.item.crafting.RecipeManager/]: Skipping loading recipe delightful:cutting/makes_dye/pink as it's serializer returned null
[19ago2025 19:08:14.562] [main/ERROR] [net.minecraft.world.item.crafting.RecipeManager/]: Parsing error loading recipe jeed:vampirism: com.google.gson.JsonSyntaxException: Invalid or unsupported recipe type 'jeed:effect_provider'
[19ago2025 19:08:14.565] [main/ERROR] [net.minecraft.world.item.crafting.RecipeManager/]: Parsing error loading recipe jeed:inked: com.google.gson.JsonSyntaxException: Invalid or unsupported recipe type 'jeed:effect_provider'
[19ago2025 19:08:14.565] [main/INFO] [net.minecraft.world.item.crafting.RecipeManager/]: Skipping loading recipe wildberries:raspberry_pie as it's serializer returned null
[19ago2025 19:08:14.572] [main/INFO] [net.minecraft.world.item.crafting.RecipeManager/]: Skipping loading recipe delightful:knives/smelting/constantan_immersiveengineering as it's serializer returned null
[19ago2025 19:08:14.572] [main/INFO] [net.minecraft.world.item.crafting.RecipeManager/]: Skipping loading recipe neapolitan:strawberry/strawberry_scones as it's serializer returned null
[19ago2025 19:08:14.572] [main/INFO] [net.minecraft.world.item.crafting.RecipeManager/]: Skipping loading recipe delightful:integration/ars_nouveau/bastion_fruit_crate as it's serializer returned null
[19ago2025 19:08:14.572] [main/INFO] [net.minecraft.world.item.crafting.RecipeManager/]: Skipping loading recipe delightful:integration/cookielicious/source_berry_cookie_tile_wall_stonecutting as it's serializer returned null
[19ago2025 19:08:14.579] [main/INFO] [net.minecraft.world.item.crafting.RecipeManager/]: Skipping loading recipe delightful:knives/experience_knife as it's serializer returned null
[19ago2025 19:08:14.579] [main/INFO] [net.minecraft.world.item.crafting.RecipeManager/]: Skipping loading recipe delightful:integration/habitat/cutting/ball_cactus_block as it's serializer returned null
[19ago2025 19:08:14.579] [main/INFO] [net.minecraft.world.item.crafting.RecipeManager/]: Skipping loading recipe delightful:integration/neapolitan/lime_dye_from_mint as it's serializer returned null
[19ago2025 19:08:14.588] [main/INFO] [net.minecraft.world.item.crafting.RecipeManager/]: Skipping loading recipe delightful:integration/environmental/cutting/giant_tall_grass as it's serializer returned null
[19ago2025 19:08:14.599] [main/INFO] [net.minecraft.world.item.crafting.RecipeManager/]: Skipping loading recipe frozenup:mug_of_chocolate_milk as it's serializer returned null
[19ago2025 19:08:14.605] [main/ERROR] [net.minecraft.world.item.crafting.RecipeManager/]: Parsing error loading recipe farmersdelight:cutting/habitat/purple_anthurium: com.google.gson.JsonSyntaxException: Unknown item 'habitat:purple_anthurium'
[19ago2025 19:08:14.605] [main/INFO] [net.minecraft.world.item.crafting.RecipeManager/]: Skipping loading recipe delightful:integration/thermal/sawmill/cantaloupe as it's serializer returned null
[19ago2025 19:08:14.612] [main/ERROR] [net.minecraft.world.item.crafting.RecipeManager/]: Parsing error loading recipe sullysmod:grindstone_polishing/hearth_and_home/polished_blackstone_chimney_from_blackstone_chimney: com.google.gson.JsonSyntaxException: Invalid or unsupported recipe type 'sullysmod:grindstone_polishing'
[19ago2025 19:08:14.622] [main/ERROR] [net.minecraft.world.item.crafting.RecipeManager/]: Parsing error loading recipe extra_compat:froststeel_great_axe: com.google.gson.JsonSyntaxException: Unknown item 'undergarden:froststeel_axe'
[19ago2025 19:08:14.629] [main/INFO] [net.minecraft.world.item.crafting.RecipeManager/]: Skipping loading recipe thermal:storage/potato_block as it's serializer returned null
[19ago2025 19:08:14.631] [main/ERROR] [net.minecraft.world.item.crafting.RecipeManager/]: Parsing error loading recipe sullysmod:grindstone_polishing/galosphere/polished_pink_salt_from_pink_salt: com.google.gson.JsonSyntaxException: Invalid or unsupported recipe type 'sullysmod:grindstone_polishing'
[19ago2025 19:08:14.631] [main/ERROR] [net.minecraft.world.item.crafting.RecipeManager/]: Parsing error loading recipe sullysmod:grindstone_polishing/gelogicexpansion/yellow_polished_prismatic_stone_wall_from_yellow_prismatic_stone_wall: com.google.gson.JsonSyntaxException: Invalid or unsupported recipe type 'sullysmod:grindstone_polishing'
[19ago2025 19:08:14.635] [main/INFO] [net.minecraft.world.item.crafting.RecipeManager/]: Skipping loading recipe delightful:food/clover_honey as it's serializer returned null
[19ago2025 19:08:14.639] [main/INFO] [net.minecraft.world.item.crafting.RecipeManager/]: Skipping loading recipe delightful:knives/smelting/bone/bone_meal_from_smelting_boots as it's serializer returned null
[19ago2025 19:08:14.639] [main/INFO] [net.minecraft.world.item.crafting.RecipeManager/]: Skipping loading recipe delightful:knives/soul_steel_knife as it's serializer returned null
[19ago2025 19:08:14.640] [main/INFO] [net.minecraft.world.item.crafting.RecipeManager/]: Skipping loading recipe farmersdelight:cooking/macaroni_and_cheese as it's serializer returned null
[19ago2025 19:08:14.640] [main/INFO] [net.minecraft.world.item.crafting.RecipeManager/]: Skipping loading recipe delightful:knives/mixing/blazing_knife as it's serializer returned null
[19ago2025 19:08:14.640] [main/INFO] [net.minecraft.world.item.crafting.RecipeManager/]: Skipping loading recipe delightful:integration/biomemakeover/cutting/barrel_cactus_flowered as it's serializer returned null
[19ago2025 19:08:14.645] [main/INFO] [net.minecraft.world.item.crafting.RecipeManager/]: Skipping loading recipe delightful:knives/blasting/copper_create as it's serializer returned null
[19ago2025 19:08:14.645] [main/ERROR] [net.minecraft.world.item.crafting.RecipeManager/]: Parsing error loading recipe sullysmod:grindstone_polishing/galosphere/polished_pink_salt_slab_from_pink_salt_slab: com.google.gson.JsonSyntaxException: Invalid or unsupported recipe type 'sullysmod:grindstone_polishing'
[19ago2025 19:08:14.646] [main/INFO] [net.minecraft.world.item.crafting.RecipeManager/]: Skipping loading recipe delightful:integration/immersive_weathering/tallow_from_animal_fat as it's serializer returned null
[19ago2025 19:08:14.650] [main/INFO] [net.minecraft.world.item.crafting.RecipeManager/]: Skipping loading recipe delightful:knives/crystalline_knife as it's serializer returned null
[19ago2025 19:08:14.650] [main/INFO] [net.minecraft.world.item.crafting.RecipeManager/]: Skipping loading recipe delightful:integration/farmersrespite/brewing/lavender_tea_from_water as it's serializer returned null
[19ago2025 19:08:14.650] [main/INFO] [net.minecraft.world.item.crafting.RecipeManager/]: Skipping loading recipe enderio:sag_milling/ender_pearl as it's serializer returned null
[19ago2025 19:08:14.650] [main/INFO] [net.minecraft.world.item.crafting.RecipeManager/]: Skipping loading recipe delightful:food/marshmallow_stick_from_marshmallow as it's serializer returned null
[19ago2025 19:08:14.655] [main/INFO] [net.minecraft.world.item.crafting.RecipeManager/]: Skipping loading recipe phantasm:chorus_fruit_salad as it's serializer returned null
[19ago2025 19:08:14.655] [main/INFO] [net.minecraft.world.item.crafting.RecipeManager/]: Skipping loading recipe delightful:integration/habitat/cutting/tall_yellow_anthurium as it's serializer returned null
[19ago2025 19:08:14.655] [main/ERROR] [net.minecraft.world.item.crafting.RecipeManager/]: Parsing error loading recipe extra_compat:utherium_quarterstaff: com.google.gson.JsonSyntaxException: Unknown item 'undergarden:utherium_crystal'
[19ago2025 19:08:14.655] [main/ERROR] [net.minecraft.world.item.crafting.RecipeManager/]: Parsing error loading recipe extra_compat:forgotten_club_smithing: com.google.gson.JsonSyntaxException: Unknown item 'undergarden:forgotten_upgrade_smithing_template'
[19ago2025 19:08:14.655] [main/INFO] [net.minecraft.world.item.crafting.RecipeManager/]: Skipping loading recipe farmersdelight:cutting/buzzier_bees/pink_clover as it's serializer returned null
[19ago2025 19:08:14.662] [main/INFO] [net.minecraft.world.item.crafting.RecipeManager/]: Skipping loading recipe delightful:salmonberry_ice_cream_block as it's serializer returned null
[19ago2025 19:08:14.662] [main/INFO] [net.minecraft.world.item.crafting.RecipeManager/]: Skipping loading recipe delightful:knives/smelting/electrum_thermal as it's serializer returned null
[19ago2025 19:08:14.662] [main/INFO] [net.minecraft.world.item.crafting.RecipeManager/]: Skipping loading recipe enderio:sag_milling/sand as it's serializer returned null
[19ago2025 19:08:14.663] [main/INFO] [net.minecraft.world.item.crafting.RecipeManager/]: Skipping loading recipe miners_delight:insect_sandwich as it's serializer returned null
[19ago2025 19:08:14.663] [main/INFO] [net.minecraft.world.item.crafting.RecipeManager/]: Skipping loading recipe farmersdelight:cooking/chocolate_bar as it's serializer returned null
[19ago2025 19:08:14.663] [main/INFO] [net.minecraft.world.item.crafting.RecipeManager/]: Skipping loading recipe delightful:knives/blasting/nickel_immersiveengineering as it's serializer returned null
[19ago2025 19:08:14.669] [main/INFO] [net.minecraft.world.item.crafting.RecipeManager/]: Skipping loading recipe delightful:knives/blasting/silver_thermal as it's serializer returned null
[19ago2025 19:08:14.670] [main/INFO] [net.minecraft.world.item.crafting.RecipeManager/]: Skipping loading recipe delightful:integration/ars_nouveau/cutting/red_archwood_wood as it's serializer returned null
[19ago2025 19:08:14.670] [main/ERROR] [net.minecraft.world.item.crafting.RecipeManager/]: Parsing error loading recipe sullysmod:grindstone_polishing/hearth_and_home/polished_deepslate_chimney_from_cobbled_deepslate_chimney: com.google.gson.JsonSyntaxException: Invalid or unsupported recipe type 'sullysmod:grindstone_polishing'
[19ago2025 19:08:14.691] [main/ERROR] [net.minecraft.world.item.crafting.RecipeManager/]: Parsing error loading recipe sullysmod:grindstone_polishing/galosphere/polished_rose_pink_salt_slab_from_rose_pink_salt_slab: com.google.gson.JsonSyntaxException: Invalid or unsupported recipe type 'sullysmod:grindstone_polishing'
[19ago2025 19:08:14.691] [main/INFO] [net.minecraft.world.item.crafting.RecipeManager/]: Skipping loading recipe delightful:knives/smelting/copper_create as it's serializer returned null
[19ago2025 19:08:14.691] [main/INFO] [net.minecraft.world.item.crafting.RecipeManager/]: Skipping loading recipe delightful:food/berry_matcha_latte_neapolitan as it's serializer returned null
[19ago2025 19:08:14.692] [main/INFO] [net.minecraft.world.item.crafting.RecipeManager/]: Skipping loading recipe delightful:integration/unusualend/chorus_pie as it's serializer returned null
[19ago2025 19:08:14.692] [main/INFO] [net.minecraft.world.item.crafting.RecipeManager/]: Skipping loading recipe delightful:knives/blasting/bone/bone_meal_from_blasting_sword as it's serializer returned null
[19ago2025 19:08:14.692] [main/INFO] [net.minecraft.world.item.crafting.RecipeManager/]: Skipping loading recipe abnormals_delight:neapolitan/melon_popsicle as it's serializer returned null
[19ago2025 19:08:14.700] [main/ERROR] [net.minecraft.world.item.crafting.RecipeManager/]: Parsing error loading recipe autumnity:wallpapers/black_wallpaper_roll: com.google.gson.JsonSyntaxException: Unknown item 'wallpapers:black_wallpaper_roll'
[19ago2025 19:08:14.700] [main/INFO] [net.minecraft.world.item.crafting.RecipeManager/]: Skipping loading recipe delightful:integration/cookielicious/source_berry_cookie_tiles as it's serializer returned null
[19ago2025 19:08:14.700] [main/INFO] [net.minecraft.world.item.crafting.RecipeManager/]: Skipping loading recipe brewinandchewin:pizza_from_slices as it's serializer returned null
[19ago2025 19:08:14.700] [main/ERROR] [net.minecraft.world.item.crafting.RecipeManager/]: Parsing error loading recipe sullysmod:grindstone_polishing/gelogicexpansion/blue_polished_prismatic_stone_slab_from_blue_prismatic_stone_slab: com.google.gson.JsonSyntaxException: Invalid or unsupported recipe type 'sullysmod:grindstone_polishing'
[19ago2025 19:08:14.701] [main/ERROR] [net.minecraft.world.item.crafting.RecipeManager/]: Parsing error loading recipe alexscaves:cooking/primordial_soup: com.google.gson.JsonSyntaxException: Unknown item 'alexscaves:trilocaris_tail'
[19ago2025 19:08:14.701] [main/INFO] [net.minecraft.world.item.crafting.RecipeManager/]: Skipping loading recipe delightful:integration/ars_nouveau/imbuement_mangosteen as it's serializer returned null
[19ago2025 19:08:14.701] [main/INFO] [net.minecraft.world.item.crafting.RecipeManager/]: Skipping loading recipe delightful:integration/autumnity/cooking/sap as it's serializer returned null
[19ago2025 19:08:14.701] [main/INFO] [net.minecraft.world.item.crafting.RecipeManager/]: Skipping loading recipe delightful:integration/habitat/cutting/flowering_yellow_ball_cactus_block as it's serializer returned null
[19ago2025 19:08:14.707] [main/ERROR] [net.minecraft.world.item.crafting.RecipeManager/]: Parsing error loading recipe farmersdelight:cutting/autumnity/autumn_crocus: com.google.gson.JsonSyntaxException: Unknown item 'autumnity:autumn_crocus'
[19ago2025 19:08:14.710] [main/INFO] [net.minecraft.world.item.crafting.RecipeManager/]: Skipping loading recipe buzzier_bees:pink_clover as it's serializer returned null
[19ago2025 19:08:14.710] [main/ERROR] [net.minecraft.world.item.crafting.RecipeManager/]: Parsing error loading recipe extra_compat:utherium_spear: com.google.gson.JsonSyntaxException: Unknown item 'undergarden:utherium_crystal'
[19ago2025 19:08:14.716] [main/INFO] [net.minecraft.world.item.crafting.RecipeManager/]: Skipping loading recipe delightful:food/deluxe_cheeseburger_from_bun as it's serializer returned null
[19ago2025 19:08:14.719] [main/INFO] [net.minecraft.world.item.crafting.RecipeManager/]: Skipping loading recipe delightful:food/matcha_ice_cream as it's serializer returned null
[19ago2025 19:08:14.719] [main/INFO] [net.minecraft.world.item.crafting.RecipeManager/]: Skipping loading recipe create:crafting/appliances/slime_ball as it's serializer returned null
[19ago2025 19:08:14.722] [main/ERROR] [net.minecraft.world.item.crafting.RecipeManager/]: Parsing error loading recipe farmersdelight:cutting/buzzier_bees/buttercup: com.google.gson.JsonSyntaxException: Unknown item 'buzzier_bees:buttercup'
[19ago2025 19:08:14.723] [main/INFO] [net.minecraft.world.item.crafting.RecipeManager/]: Skipping loading recipe abnormals_delight:buzzier_bees/cutting/pink_clover as it's serializer returned null
[19ago2025 19:08:14.723] [main/ERROR] [net.minecraft.world.item.crafting.RecipeManager/]: Parsing error loading recipe sullysmod:grindstone_polishing/gelogicexpansion/gray_polished_prismatic_stone_wall_from_gray_prismatic_stone_wall: com.google.gson.JsonSyntaxException: Invalid or unsupported recipe type 'sullysmod:grindstone_polishing'
[19ago2025 19:08:14.725] [main/ERROR] [net.minecraft.world.item.crafting.RecipeManager/]: Parsing error loading recipe jeed:exsanguination: com.google.gson.JsonSyntaxException: Invalid or unsupported recipe type 'jeed:effect_provider'
[19ago2025 19:08:14.726] [main/INFO] [net.minecraft.world.item.crafting.RecipeManager/]: Skipping loading recipe delightful:integration/ars_nouveau/cutting/green_archwood_wood as it's serializer returned null
[19ago2025 19:08:14.732] [main/INFO] [net.minecraft.world.item.crafting.RecipeManager/]: Skipping loading recipe autumnity:syrup_bottle_from_campfire_cooking as it's serializer returned null
[19ago2025 19:08:14.733] [main/INFO] [net.minecraft.world.item.crafting.RecipeManager/]: Skipping loading recipe neapolitan:adzuki/adzuki_bun as it's serializer returned null
[19ago2025 19:08:14.733] [main/ERROR] [net.minecraft.world.item.crafting.RecipeManager/]: Parsing error loading recipe jeed:resistance: com.google.gson.JsonSyntaxException: Invalid or unsupported recipe type 'jeed:effect_provider'
[19ago2025 19:08:14.739] [main/INFO] [net.minecraft.world.item.crafting.RecipeManager/]: Skipping loading recipe sunflowerdelight:rose_candy_craft as it's serializer returned null
[19ago2025 19:08:14.739] [main/INFO] [net.minecraft.world.item.crafting.RecipeManager/]: Skipping loading recipe incubation:fried_egg as it's serializer returned null
[19ago2025 19:08:14.739] [main/INFO] [net.minecraft.world.item.crafting.RecipeManager/]: Skipping loading recipe wildberries:sweet_berry_pie as it's serializer returned null
[19ago2025 19:08:14.739] [main/INFO] [net.minecraft.world.item.crafting.RecipeManager/]: Skipping loading recipe miners_delight:cooking/stuffed_squid as it's serializer returned null
[19ago2025 19:08:14.739] [main/INFO] [net.minecraft.world.item.crafting.RecipeManager/]: Skipping loading recipe thermal:machines/press/packing3x3/press_carrot_packing as it's serializer returned null
[19ago2025 19:08:14.739] [main/INFO] [net.minecraft.world.item.crafting.RecipeManager/]: Skipping loading recipe moredelight:simple_hamburger as it's serializer returned null
[19ago2025 19:08:14.740] [main/INFO] [net.minecraft.world.item.crafting.RecipeManager/]: Skipping loading recipe delightful:knives/blasting/nickel_thermal as it's serializer returned null
[19ago2025 19:08:14.740] [main/ERROR] [net.minecraft.world.item.crafting.RecipeManager/]: Parsing error loading recipe sullysmod:grindstone_polishing/gelogicexpansion/magenta_polished_prismatic_stone_slab_from_magenta_prismatic_stone_slab: com.google.gson.JsonSyntaxException: Invalid or unsupported recipe type 'sullysmod:grindstone_polishing'
[19ago2025 19:08:14.740] [main/INFO] [net.minecraft.world.item.crafting.RecipeManager/]: Skipping loading recipe wildberries:glow_berry_pie_craft as it's serializer returned null
[19ago2025 19:08:14.740] [main/INFO] [net.minecraft.world.item.crafting.RecipeManager/]: Skipping loading recipe enderio:sag_milling/redstone_ore as it's serializer returned null
[19ago2025 19:08:14.740] [main/INFO] [net.minecraft.world.item.crafting.RecipeManager/]: Skipping loading recipe delightful:integration/biomeswevegone/baobab_fruit_crate as it's serializer returned null
[19ago2025 19:08:14.748] [main/ERROR] [net.minecraft.world.item.crafting.RecipeManager/]: Parsing error loading recipe extra_compat:forgotten_great_axe_smithing: com.google.gson.JsonSyntaxException: Unknown item 'undergarden:forgotten_upgrade_smithing_template'
[19ago2025 19:08:14.748] [main/ERROR] [net.minecraft.world.item.crafting.RecipeManager/]: Parsing error loading recipe twigs:clayworks/silt_brick_from_baking: com.google.gson.JsonSyntaxException: Invalid or unsupported recipe type 'clayworks:baking'
[19ago2025 19:08:14.748] [main/INFO] [net.minecraft.world.item.crafting.RecipeManager/]: Skipping loading recipe delightful:knives/allthemodium_knife as it's serializer returned null
[19ago2025 19:08:14.752] [main/INFO] [net.minecraft.world.item.crafting.RecipeManager/]: Skipping loading recipe untameddelight:kebab_wrap as it's serializer returned null
[19ago2025 19:08:14.752] [main/INFO] [net.minecraft.world.item.crafting.RecipeManager/]: Skipping loading recipe wildberries:blueberry_pie_from_slices as it's serializer returned null
[19ago2025 19:08:14.753] [main/INFO] [net.minecraft.world.item.crafting.RecipeManager/]: Skipping loading recipe delightful:integration/farmersrespite/filling/lavender_tea as it's serializer returned null
[19ago2025 19:08:14.753] [main/INFO] [net.minecraft.world.item.crafting.RecipeManager/]: Skipping loading recipe delightful:integration/cookielicious/source_berry_cookie_tile_slab as it's serializer returned null
[19ago2025 19:08:14.753] [main/INFO] [net.minecraft.world.item.crafting.RecipeManager/]: Skipping loading recipe delightful:integration/atmospheric/passion_fruit_tart_from_slices as it's serializer returned null
[19ago2025 19:08:14.753] [main/INFO] [net.minecraft.world.item.crafting.RecipeManager/]: Skipping loading recipe corn_delight:cooking/classic_corn_dog as it's serializer returned null
[19ago2025 19:08:14.753] [main/INFO] [net.minecraft.world.item.crafting.RecipeManager/]: Skipping loading recipe undergarden:inky_stew as it's serializer returned null
[19ago2025 19:08:14.753] [main/ERROR] [net.minecraft.world.item.crafting.RecipeManager/]: Parsing error loading recipe extra_compat:cloggrum_great_sword: com.google.gson.JsonSyntaxException: Unknown item 'undergarden:cloggrum_sword'
[19ago2025 19:08:14.753] [main/INFO] [net.minecraft.world.item.crafting.RecipeManager/]: Skipping loading recipe vintagedelight:cheese_burger as it's serializer returned null
[19ago2025 19:08:14.761] [main/INFO] [net.minecraft.world.item.crafting.RecipeManager/]: Skipping loading recipe biomeswevegone:blueberry_pie as it's serializer returned null
[19ago2025 19:08:14.761] [main/INFO] [net.minecraft.world.item.crafting.RecipeManager/]: Skipping loading recipe delightful:knives/blasting/lead_thermal as it's serializer returned null
[19ago2025 19:08:14.762] [main/INFO] [net.minecraft.world.item.crafting.RecipeManager/]: Skipping loading recipe delightful:knives/sinisite_knife as it's serializer returned null
[19ago2025 19:08:14.762] [main/ERROR] [net.minecraft.world.item.crafting.RecipeManager/]: Parsing error loading recipe sullysmod:grindstone_polishing/gelogicexpansion/light_gray_polished_prismatic_stone_stairs_from_light_gray_prismatic_stone_stairs: com.google.gson.JsonSyntaxException: Invalid or unsupported recipe type 'sullysmod:grindstone_polishing'
[19ago2025 19:08:14.762] [main/INFO] [net.minecraft.world.item.crafting.RecipeManager/]: Skipping loading recipe thermal:storage/potato_from_block as it's serializer returned null
[19ago2025 19:08:14.762] [main/INFO] [net.minecraft.world.item.crafting.RecipeManager/]: Skipping loading recipe delightful:food/cooking/coconut_curry as it's serializer returned null
[19ago2025 19:08:14.762] [main/ERROR] [net.minecraft.world.item.crafting.RecipeManager/]: Parsing error loading recipe sullysmod:grindstone_polishing/catacylsm/polished_endstone_from_endstone: com.google.gson.JsonSyntaxException: Invalid or unsupported recipe type 'sullysmod:grindstone_polishing'
[19ago2025 19:08:14.762] [main/INFO] [net.minecraft.world.item.crafting.RecipeManager/]: Skipping loading recipe delightful:cutting/makes_dye/green as it's serializer returned null
[19ago2025 19:08:14.762] [main/INFO] [net.minecraft.world.item.crafting.RecipeManager/]: Skipping loading recipe delightful:knives/adamantium_knife as it's serializer returned null
[19ago2025 19:08:14.762] [main/ERROR] [net.minecraft.world.item.crafting.RecipeManager/]: Parsing error loading recipe twigs:clayworks/cracked_polished_schist_bricks_from_baking: com.google.gson.JsonSyntaxException: Invalid or unsupported recipe type 'clayworks:baking'
[19ago2025 19:08:14.763] [main/INFO] [net.minecraft.world.item.crafting.RecipeManager/]: Skipping loading recipe delightful:food/cooking/nut_milk_from_copper_cup as it's serializer returned null
[19ago2025 19:08:14.763] [main/ERROR] [net.minecraft.world.item.crafting.RecipeManager/]: Parsing error loading recipe sullysmod:grindstone_polishing/gelogicexpansion/polished_prismatic_stone_stairs_from_prismatic_stone_stairs: com.google.gson.JsonSyntaxException: Invalid or unsupported recipe type 'sullysmod:grindstone_polishing'
[19ago2025 19:08:14.763] [main/INFO] [net.minecraft.world.item.crafting.RecipeManager/]: Skipping loading recipe delightful:integration/ars_nouveau/source_berry_cookie as it's serializer returned null
[19ago2025 19:08:14.763] [main/INFO] [net.minecraft.world.item.crafting.RecipeManager/]: Skipping loading recipe wildberries:sweet_berry_pie_from_slices as it's serializer returned null
[19ago2025 19:08:14.768] [main/INFO] [net.minecraft.world.item.crafting.RecipeManager/]: Skipping loading recipe twigs:azalea_flowers_from_azalea_flower_ecologics as it's serializer returned null
[19ago2025 19:08:14.772] [main/INFO] [net.minecraft.world.item.crafting.RecipeManager/]: Skipping loading recipe thermal:machines/press/unpacking/press_apple_unpacking as it's serializer returned null
[19ago2025 19:08:14.772] [main/INFO] [net.minecraft.world.item.crafting.RecipeManager/]: Skipping loading recipe thermal:machines/bottler/bottler_syrup_bottle as it's serializer returned null
[19ago2025 19:08:14.772] [main/INFO] [net.minecraft.world.item.crafting.RecipeManager/]: Skipping loading recipe delightful:cutting/makes_dye/magenta as it's serializer returned null
[19ago2025 19:08:14.772] [main/INFO] [net.minecraft.world.item.crafting.RecipeManager/]: Skipping loading recipe delightful:knives/manasteel_knife as it's serializer returned null
[19ago2025 19:08:14.772] [main/INFO] [net.minecraft.world.item.crafting.RecipeManager/]: Skipping loading recipe vampiresdelight:bat_taco as it's serializer returned null
[19ago2025 19:08:14.772] [main/INFO] [net.minecraft.world.item.crafting.RecipeManager/]: Skipping loading recipe create:crafting/curiosities/cake as it's serializer returned null
[19ago2025 19:08:14.772] [main/INFO] [net.minecraft.world.item.crafting.RecipeManager/]: Skipping loading recipe delightful:integration/ars_nouveau/cutting/blue_archwood_log as it's serializer returned null
[19ago2025 19:08:14.772] [main/INFO] [net.minecraft.world.item.crafting.RecipeManager/]: Skipping loading recipe delightful:knives/elementium_knife as it's serializer returned null
[19ago2025 19:08:14.772] [main/INFO] [net.minecraft.world.item.crafting.RecipeManager/]: Skipping loading recipe delightful:knives/nickel_knife as it's serializer returned null
[19ago2025 19:08:14.776] [main/INFO] [net.minecraft.world.item.crafting.RecipeManager/]: Skipping loading recipe delightful:mixing/matcha_gummy as it's serializer returned null
[19ago2025 19:08:14.782] [main/INFO] [net.minecraft.world.item.crafting.RecipeManager/]: Skipping loading recipe delightful:knives/repairing/holystone_knife as it's serializer returned null
[19ago2025 19:08:14.782] [main/INFO] [net.minecraft.world.item.crafting.RecipeManager/]: Skipping loading recipe biomeswevegone:white_puffball_stew as it's serializer returned null
[19ago2025 19:08:14.786] [main/INFO] [net.minecraft.world.item.crafting.RecipeManager/]: Skipping loading recipe twilightdelight:ghast_burger as it's serializer returned null
[19ago2025 19:08:14.786] [main/INFO] [net.minecraft.world.item.crafting.RecipeManager/]: Skipping loading recipe delightful:food/salmonberry_ice_cream as it's serializer returned null
[19ago2025 19:08:14.786] [main/INFO] [net.minecraft.world.item.crafting.RecipeManager/]: Skipping loading recipe delightful:knives/smelting/zinc_create as it's serializer returned null
[19ago2025 19:08:14.787] [main/ERROR] [net.minecraft.world.item.crafting.RecipeManager/]: Parsing error loading recipe miningmaster:forging/paragon_shield: com.google.gson.JsonSyntaxException: Invalid or unsupported recipe type 'miningmaster:forging_recipe'
[19ago2025 19:08:14.787] [main/INFO] [net.minecraft.world.item.crafting.RecipeManager/]: Skipping loading recipe delightful:integration/youkaishomecoming/kettle/azalea_tea as it's serializer returned null
[19ago2025 19:08:14.790] [main/INFO] [net.minecraft.world.item.crafting.RecipeManager/]: Skipping loading recipe delightful:cutting/makes_dye/white as it's serializer returned null
[19ago2025 19:08:14.793] [main/INFO] [net.minecraft.world.item.crafting.RecipeManager/]: Skipping loading recipe biomemakeover:glowshroom_stew as it's serializer returned null
[19ago2025 19:08:14.794] [main/INFO] [net.minecraft.world.item.crafting.RecipeManager/]: Skipping loading recipe additionaladditions:fried_egg as it's serializer returned null
[19ago2025 19:08:14.794] [main/INFO] [net.minecraft.world.item.crafting.RecipeManager/]: Skipping loading recipe delightful:knives/smithing/forgotten_knife as it's serializer returned null
[19ago2025 19:08:14.794] [main/INFO] [net.minecraft.world.item.crafting.RecipeManager/]: Skipping loading recipe delightful:food/cheeseburger_from_bun as it's serializer returned null
[19ago2025 19:08:14.800] [main/ERROR] [net.minecraft.world.item.crafting.RecipeManager/]: Parsing error loading recipe farmersdelight:cutting/marigolds/marigold: com.google.gson.JsonSyntaxException: Unknown item 'marigolds:marigold'
[19ago2025 19:08:14.805] [main/INFO] [net.minecraft.world.item.crafting.RecipeManager/]: Skipping loading recipe delightful:integration/biomeswevegone/green_apple_pie_from_slices as it's serializer returned null
[19ago2025 19:08:14.805] [main/INFO] [net.minecraft.world.item.crafting.RecipeManager/]: Skipping loading recipe delightful:mixing/cantaloupe_gummy as it's serializer returned null
[19ago2025 19:08:14.805] [main/INFO] [net.minecraft.world.item.crafting.RecipeManager/]: Skipping loading recipe culturaldelights:mutton_sandwich as it's serializer returned null
[19ago2025 19:08:14.814] [main/ERROR] [net.minecraft.world.item.crafting.RecipeManager/]: Parsing error loading recipe sullysmod:grindstone_polishing/gelogicexpansion/cyan_polished_prismatic_stone_wall_from_cyan_prismatic_stone_wall: com.google.gson.JsonSyntaxException: Invalid or unsupported recipe type 'sullysmod:grindstone_polishing'
[19ago2025 19:08:14.814] [main/ERROR] [net.minecraft.world.item.crafting.RecipeManager/]: Parsing error loading recipe sullysmod:grindstone_polishing/twigs/polished_calcite_stairs_from_calcite_stairs: com.google.gson.JsonSyntaxException: Invalid or unsupported recipe type 'sullysmod:grindstone_polishing'
[19ago2025 19:08:14.814] [main/INFO] [net.minecraft.world.item.crafting.RecipeManager/]: Skipping loading recipe delightful:integration/ars_nouveau/source_berry_gummy as it's serializer returned null
[19ago2025 19:08:14.814] [main/ERROR] [net.minecraft.world.item.crafting.RecipeManager/]: Parsing error loading recipe sullysmod:grindstone_polishing/gelogicexpansion/light_gray_polished_prismatic_stone_from_light_gray_prismatic_stone: com.google.gson.JsonSyntaxException: Invalid or unsupported recipe type 'sullysmod:grindstone_polishing'
[19ago2025 19:08:14.817] [main/ERROR] [net.minecraft.world.item.crafting.RecipeManager/]: Parsing error loading recipe sullysmod:grindstone_polishing/gelogicexpansion/yellow_polished_prismatic_stone_from_yellow_prismatic_stone: com.google.gson.JsonSyntaxException: Invalid or unsupported recipe type 'sullysmod:grindstone_polishing'
[19ago2025 19:08:14.817] [main/ERROR] [net.minecraft.world.item.crafting.RecipeManager/]: Parsing error loading recipe jeed:vulnerability: com.google.gson.JsonSyntaxException: Invalid or unsupported recipe type 'jeed:effect_provider'
[19ago2025 19:08:14.820] [main/ERROR] [net.minecraft.world.item.crafting.RecipeManager/]: Parsing error loading recipe sullysmod:grindstone_polishing/gelogicexpansion/polished_limestone_from_limestone: com.google.gson.JsonSyntaxException: Invalid or unsupported recipe type 'sullysmod:grindstone_polishing'
[19ago2025 19:08:14.820] [main/INFO] [net.minecraft.world.item.crafting.RecipeManager/]: Skipping loading recipe delightful:integration/immersiveengineering/squeezer/acorn as it's serializer returned null
[19ago2025 19:08:14.820] [main/INFO] [net.minecraft.world.item.crafting.RecipeManager/]: Skipping loading recipe delightful:knives/refined_obsidian_knife as it's serializer returned null
[19ago2025 19:08:14.823] [main/INFO] [net.minecraft.world.item.crafting.RecipeManager/]: Skipping loading recipe delightful:integration/thermal/tree_extractor/red_maple as it's serializer returned null
[19ago2025 19:08:14.823] [main/INFO] [net.minecraft.world.item.crafting.RecipeManager/]: Skipping loading recipe delightful:mixing/salmonberry_gummy as it's serializer returned null
[19ago2025 19:08:14.823] [main/INFO] [net.minecraft.world.item.crafting.RecipeManager/]: Skipping loading recipe delightful:integration/unusualend/cutting/chorus_pie as it's serializer returned null
[19ago2025 19:08:14.823] [main/INFO] [net.minecraft.world.item.crafting.RecipeManager/]: Skipping loading recipe delightful:integration/unusualend/chorus_pie_from_slices as it's serializer returned null
[19ago2025 19:08:14.824] [main/INFO] [net.minecraft.world.item.crafting.RecipeManager/]: Skipping loading recipe delightful:knives/smithing/gilded_netherite_knife as it's serializer returned null
[19ago2025 19:08:14.824] [main/INFO] [net.minecraft.world.item.crafting.RecipeManager/]: Skipping loading recipe naturalist:cooked_egg_from_smoking as it's serializer returned null
[19ago2025 19:08:14.826] [main/INFO] [net.minecraft.world.item.crafting.RecipeManager/]: Skipping loading recipe delightful:integration/atmospheric/red_dye_from_blood_orange as it's serializer returned null
[19ago2025 19:08:14.827] [main/INFO] [net.minecraft.world.item.crafting.RecipeManager/]: Skipping loading recipe delightful:integration/habitat/cutting/flowering_orange_ball_cactus_block as it's serializer returned null
[19ago2025 19:08:14.827] [main/ERROR] [net.minecraft.world.item.crafting.RecipeManager/]: Parsing error loading recipe sullysmod:grindstone_polishing/gelogicexpansion/cyan_polished_prismatic_stone_slab_from_cyan_prismatic_stone_slab: com.google.gson.JsonSyntaxException: Invalid or unsupported recipe type 'sullysmod:grindstone_polishing'
[19ago2025 19:08:14.827] [main/ERROR] [net.minecraft.world.item.crafting.RecipeManager/]: Parsing error loading recipe shieldexp:griefer_shield: com.google.gson.JsonSyntaxException: Unknown item 'savage_and_ravage:blast_proof_plating'
[19ago2025 19:08:14.828] [main/ERROR] [net.minecraft.world.item.crafting.RecipeManager/]: Parsing error loading recipe autumnity:wallpapers/blue_wallpaper_roll: com.google.gson.JsonSyntaxException: Unknown item 'wallpapers:blue_wallpaper_roll'
[19ago2025 19:08:14.828] [main/INFO] [net.minecraft.world.item.crafting.RecipeManager/]: Skipping loading recipe twilightdelight:meef_wrap as it's serializer returned null
[19ago2025 19:08:14.830] [main/INFO] [Sawmill/]: Generating Sawmill Recipes
[19ago2025 19:08:15.120] [main/INFO] [Sawmill/]: Generated Sawmill recipes in 289 milliseconds
[19ago2025 19:08:15.130] [main/INFO] [net.minecraft.world.item.crafting.RecipeManager/]: Loaded 57 recipes
[19ago2025 19:08:15.149] [main/INFO] [com.teamabnormals.blueprint.core.Blueprint/]: Advancement Modification Manager has loaded 1 modifier groups
[19ago2025 19:08:15.149] [main/ERROR] [net.minecraft.tags.TagLoader/]: [Load My Fucking Tags] Couldn't load certain entries with the tag minecraft:tick: nova_structures:mobs (from dungeons-and-taverns-ancient-city-overhaul-1 [Forge].jar)
[19ago2025 19:08:15.225] [main/ERROR] [net.minecraft.server.ServerAdvancementManager/]: Parsing error loading custom advancement extra_compat:overweight_farming_melon_juice: Unknown item id 'overweight_farming:melon_juice'
[19ago2025 19:08:15.284] [main/INFO] [quark/]: [Automatic Recipe Unlock] Removed 8981 recipe advancements
[19ago2025 19:08:15.289] [main/INFO] [net.minecraft.advancements.AdvancementList/]: Loaded 616 advancements
[19ago2025 19:08:15.291] [main/INFO] [villagersplus/]: Deserializing default trades of profession: villagersplus:alchemist
[19ago2025 19:08:15.294] [main/INFO] [villagersplus/]: Deserializing default trades of profession: villagersplus:horticulturist
[19ago2025 19:08:15.294] [main/INFO] [villagersplus/]: Deserializing default trades of profession: villagersplus:occultist
[19ago2025 19:08:15.295] [main/INFO] [villagersplus/]: Deserializing default trades of profession: villagersplus:oceanographer
[19ago2025 19:08:15.302] [main/ERROR] [mixin/]: Injection error: LVT in net/minecraft/world/entity/npc/VillagerTrades$EmeraldsForVillagerTypeItem::m_213663_(Lnet/minecraft/world/entity/Entity;Lnet/minecraft/util/RandomSource;)Lnet/minecraft/world/item/trading/MerchantOffer; has incompatible changes at opcode 34 in callback fabric-object-builder-v1.mixins.json:TradeOffersTypeAwareBuyForOneEmeraldFactoryMixin from mod fabric_object_builder_api_v1->@Inject::failOnNullItem(Lnet/minecraft/world/entity/Entity;Lnet/minecraft/util/RandomSource;Lorg/spongepowered/asm/mixin/injection/callback/CallbackInfoReturnable;Lnet/minecraft/world/item/ItemStack;)V.
 Expected: [Lnet/minecraft/world/item/ItemStack;]
    Found: [Lnet/minecraft/world/item/Item;]
Available: [Lnet/minecraft/world/item/Item;, Lnet/minecraft/world/item/ItemStack;]
[19ago2025 19:08:15.324] [main/INFO] [top.theillusivec4.curios.Curios/]: Loaded 11 curio slots
[19ago2025 19:08:15.327] [main/INFO] [top.theillusivec4.curios.Curios/]: Loaded 1 curio entities
[19ago2025 19:08:15.353] [main/INFO] [com.cupboard.Cupboard/]: Loaded config for: lootintegrations.json
[19ago2025 19:08:15.393] [main/INFO] [quark-zeta/]: Modified advancement minecraft:husbandry/wax_on with 2 patches
[19ago2025 19:08:15.393] [main/INFO] [quark-zeta/]: Modified advancement minecraft:adventure/kill_a_mob with 3 patches
[19ago2025 19:08:15.393] [main/INFO] [quark-zeta/]: Modified advancement minecraft:husbandry/bred_all_animals with 3 patches
[19ago2025 19:08:15.393] [main/INFO] [quark-zeta/]: Modified advancement minecraft:adventure/kill_all_mobs with 3 patches
[19ago2025 19:08:15.393] [main/INFO] [quark-zeta/]: Modified advancement minecraft:husbandry/balanced_diet with 3 patches
[19ago2025 19:08:15.394] [main/INFO] [quark-zeta/]: Modified advancement minecraft:husbandry/plant_seed with 1 patches
[19ago2025 19:08:15.394] [main/INFO] [quark-zeta/]: Modified advancement minecraft:nether/all_effects with 2 patches
[19ago2025 19:08:15.394] [main/INFO] [quark-zeta/]: Modified advancement minecraft:husbandry/wax_off with 2 patches
[19ago2025 19:08:15.394] [main/INFO] [quark-zeta/]: Modified advancement minecraft:adventure/adventuring_time with 1 patches
[19ago2025 19:08:15.394] [main/INFO] [quark-zeta/]: Modified advancement minecraft:nether/all_potions with 1 patches
[19ago2025 19:08:15.394] [main/INFO] [com.teamabnormals.blueprint.core.Blueprint/]: Chunk Generator Modification Manager has loaded 0 modifier groups
[19ago2025 19:08:15.398] [main/INFO] [Supplementaries/]: Loaded 27 flute songs
[19ago2025 19:08:15.603] [main/INFO] [Moonlight/]: Applied 20 data villager trades
[19ago2025 19:08:15.735] [main/INFO] [Supplementaries/]: Finished additional setup in 0 ms
[19ago2025 19:08:15.772] [main/ERROR] [org.betterx.worlds.together.util.Logger/]: [worlds_together] Error for jar:file:///C:/Users/LucaS/OneDrive/Desktop/Server-Modpack-1.20.1/mods/abridged-2.0.0-forge-1.20.1.jar: java.nio.file.NoSuchFileException: /fabric.mod.json
[19ago2025 19:08:15.775] [main/ERROR] [org.betterx.worlds.together.util.Logger/]: [worlds_together] Error for jar:file:///C:/Users/LucaS/OneDrive/Desktop/Server-Modpack-1.20.1/mods/Ad-Astra-Giselle-Addon-forge-1.20.1-6.18.jar: java.nio.file.NoSuchFileException: /fabric.mod.json
[19ago2025 19:08:15.778] [main/ERROR] [org.betterx.worlds.together.util.Logger/]: [worlds_together] Error for jar:file:///C:/Users/LucaS/OneDrive/Desktop/Server-Modpack-1.20.1/mods/adastraextra-forge-1.20.1-1.2.3.jar: java.nio.file.NoSuchFileException: /fabric.mod.json
[19ago2025 19:08:15.785] [main/ERROR] [org.betterx.worlds.together.util.Logger/]: [worlds_together] Error for jar:file:///C:/Users/LucaS/OneDrive/Desktop/Server-Modpack-1.20.1/mods/ad_astra-forge-1.20.1-1.15.20.jar: java.nio.file.NoSuchFileException: /fabric.mod.json
[19ago2025 19:08:15.786] [main/ERROR] [org.betterx.worlds.together.util.Logger/]: [worlds_together] Error for jar:file:///C:/Users/LucaS/OneDrive/Desktop/Server-Modpack-1.20.1/mods/ad_astra_rocketed-forge-1.20.1-1.0.5.jar: java.nio.file.NoSuchFileException: /fabric.mod.json
[19ago2025 19:08:15.792] [main/ERROR] [org.betterx.worlds.together.util.Logger/]: [worlds_together] Error for jar:file:///C:/Users/LucaS/OneDrive/Desktop/Server-Modpack-1.20.1/mods/alexsmobs-1.22.9.jar: java.nio.file.NoSuchFileException: /fabric.mod.json
[19ago2025 19:08:15.795] [main/ERROR] [org.betterx.worlds.together.util.Logger/]: [worlds_together] Error for jar:file:///C:/Users/LucaS/OneDrive/Desktop/Server-Modpack-1.20.1/mods/alltheleaks-0.1.4-beta+1.20.1-forge.jar: java.nio.file.NoSuchFileException: /fabric.mod.json
[19ago2025 19:08:15.796] [main/ERROR] [org.betterx.worlds.together.util.Logger/]: [worlds_together] Error for jar:file:///C:/Users/LucaS/OneDrive/Desktop/Server-Modpack-1.20.1/mods/alternate_current-mc1.20-1.7.0.jar: java.nio.file.NoSuchFileException: /fabric.mod.json
[19ago2025 19:08:15.799] [main/ERROR] [org.betterx.worlds.together.util.Logger/]: [worlds_together] Error for jar:file:///C:/Users/LucaS/OneDrive/Desktop/Server-Modpack-1.20.1/mods/amendments-1.20-1.2.19.jar: java.nio.file.NoSuchFileException: /fabric.mod.json
[19ago2025 19:08:15.803] [main/ERROR] [org.betterx.worlds.together.util.Logger/]: [worlds_together] Error for jar:file:///C:/Users/LucaS/OneDrive/Desktop/Server-Modpack-1.20.1/mods/another_furniture-forge-1.20.1-3.0.2.jar: java.nio.file.NoSuchFileException: /fabric.mod.json
[19ago2025 19:08:15.805] [main/ERROR] [org.betterx.worlds.together.util.Logger/]: [worlds_together] Error for jar:file:///C:/Users/LucaS/OneDrive/Desktop/Server-Modpack-1.20.1/mods/architectury-9.2.14-forge.jar: java.nio.file.NoSuchFileException: /fabric.mod.json
[19ago2025 19:08:15.808] [main/ERROR] [org.betterx.worlds.together.util.Logger/]: [worlds_together] Error for jar:file:///C:/Users/LucaS/OneDrive/Desktop/Server-Modpack-1.20.1/mods/ash_api-forge-3.0.2+1.20.1.jar: java.nio.file.NoSuchFileException: /fabric.mod.json
[19ago2025 19:08:15.810] [main/ERROR] [org.betterx.worlds.together.util.Logger/]: [worlds_together] Error for jar:file:///C:/Users/LucaS/OneDrive/Desktop/Server-Modpack-1.20.1/mods/athena-forge-1.20.1-3.1.2.jar: java.nio.file.NoSuchFileException: /fabric.mod.json
[19ago2025 19:08:15.812] [main/ERROR] [org.betterx.worlds.together.util.Logger/]: [worlds_together] Unable to parse Version in jar:file:///C:/Users/LucaS/OneDrive/Desktop/Server-Modpack-1.20.1/mods/AutochefsDelight-1.20.1-Forge-1.0.7.jar
[19ago2025 19:08:15.819] [main/ERROR] [org.betterx.worlds.together.util.Logger/]: [worlds_together] Error for jar:file:///C:/Users/LucaS/OneDrive/Desktop/Server-Modpack-1.20.1/mods/automodpack-mc1.20.1-forge-4.0.0-beta38.jar: java.nio.file.NoSuchFileException: /fabric.mod.json
[19ago2025 19:08:15.822] [main/ERROR] [org.betterx.worlds.together.util.Logger/]: [worlds_together] Error for jar:file:///C:/Users/LucaS/OneDrive/Desktop/Server-Modpack-1.20.1/mods/azurelib-neo-1.20.1-3.0.9.jar: java.nio.file.NoSuchFileException: /fabric.mod.json
[19ago2025 19:08:15.826] [main/ERROR] [org.betterx.worlds.together.util.Logger/]: [worlds_together] Error for jar:file:///C:/Users/LucaS/OneDrive/Desktop/Server-Modpack-1.20.1/mods/backpacked-forge-1.20.1-3.0.0-beta.9.jar: java.nio.file.NoSuchFileException: /fabric.mod.json
[19ago2025 19:08:15.828] [main/ERROR] [org.betterx.worlds.together.util.Logger/]: [worlds_together] Error for jar:file:///C:/Users/LucaS/OneDrive/Desktop/Server-Modpack-1.20.1/mods/balm-forge-1.20.1-7.3.33-all.jar: java.nio.file.NoSuchFileException: /fabric.mod.json
[19ago2025 19:08:15.830] [main/ERROR] [org.betterx.worlds.together.util.Logger/]: [worlds_together] Error for jar:file:///C:/Users/LucaS/OneDrive/Desktop/Server-Modpack-1.20.1/mods/BarteringStation-v8.0.0-1.20.1-Forge.jar: java.nio.file.NoSuchFileException: /fabric.mod.json
[19ago2025 19:08:15.848] [main/ERROR] [org.betterx.worlds.together.util.Logger/]: [worlds_together] Error for jar:file:///C:/Users/LucaS/OneDrive/Desktop/Server-Modpack-1.20.1/mods/biomemusic-1.20.1-3.5.jar: java.nio.file.NoSuchFileException: /fabric.mod.json
[19ago2025 19:08:15.852] [main/ERROR] [org.betterx.worlds.together.util.Logger/]: [worlds_together] Error for jar:file:///C:/Users/LucaS/OneDrive/Desktop/Server-Modpack-1.20.1/mods/BiomesOPlenty-forge-1.20.1-19.0.0.96.jar: java.nio.file.NoSuchFileException: /fabric.mod.json
[19ago2025 19:08:15.857] [main/ERROR] [org.betterx.worlds.together.util.Logger/]: [worlds_together] Error for jar:file:///C:/Users/LucaS/OneDrive/Desktop/Server-Modpack-1.20.1/mods/blueprint-1.20.1-7.1.3.jar: java.nio.file.NoSuchFileException: /fabric.mod.json
[19ago2025 19:08:15.859] [main/ERROR] [org.betterx.worlds.together.util.Logger/]: [worlds_together] Error for jar:file:///C:/Users/LucaS/OneDrive/Desktop/Server-Modpack-1.20.1/mods/bmcpalegardenpatcher-0.1.0.jar: java.nio.file.NoSuchFileException: /fabric.mod.json
[19ago2025 19:08:15.862] [main/ERROR] [org.betterx.worlds.together.util.Logger/]: [worlds_together] Error for jar:file:///C:/Users/LucaS/OneDrive/Desktop/Server-Modpack-1.20.1/mods/boatload-1.20.1-5.0.1.jar: java.nio.file.NoSuchFileException: /fabric.mod.json
[19ago2025 19:08:15.863] [main/ERROR] [org.betterx.worlds.together.util.Logger/]: [worlds_together] Error for jar:file:///C:/Users/LucaS/OneDrive/Desktop/Server-Modpack-1.20.1/mods/botarium-forge-1.20.1-2.3.3.jar: java.nio.file.NoSuchFileException: /fabric.mod.json
[19ago2025 19:08:15.865] [main/ERROR] [org.betterx.worlds.together.util.Logger/]: [worlds_together] Error for jar:file:///C:/Users/LucaS/OneDrive/Desktop/Server-Modpack-1.20.1/mods/botarium-forge-1.20.1-2.3.4.jar: java.nio.file.NoSuchFileException: /fabric.mod.json
[19ago2025 19:08:15.867] [main/ERROR] [org.betterx.worlds.together.util.Logger/]: [worlds_together] Error for jar:file:///C:/Users/LucaS/OneDrive/Desktop/Server-Modpack-1.20.1/mods/caelus-forge-3.2.0+1.20.1.jar: java.nio.file.NoSuchFileException: /fabric.mod.json
[19ago2025 19:08:15.869] [main/ERROR] [org.betterx.worlds.together.util.Logger/]: [worlds_together] Error for jar:file:///C:/Users/LucaS/OneDrive/Desktop/Server-Modpack-1.20.1/mods/carryon-forge-1.20.1-2.1.2.7.jar: java.nio.file.NoSuchFileException: /fabric.mod.json
[19ago2025 19:08:15.872] [main/ERROR] [org.betterx.worlds.together.util.Logger/]: [worlds_together] Error for jar:file:///C:/Users/LucaS/OneDrive/Desktop/Server-Modpack-1.20.1/mods/cerulean-forge-1.0.0-1.20.1.jar: java.nio.file.NoSuchFileException: /fabric.mod.json
[19ago2025 19:08:15.874] [main/ERROR] [org.betterx.worlds.together.util.Logger/]: [worlds_together] Error for jar:file:///C:/Users/LucaS/OneDrive/Desktop/Server-Modpack-1.20.1/mods/chat_heads-0.13.18-forge-1.20.jar: java.nio.file.NoSuchFileException: /fabric.mod.json
[19ago2025 19:08:15.876] [main/ERROR] [org.betterx.worlds.together.util.Logger/]: [worlds_together] Error for jar:file:///C:/Users/LucaS/OneDrive/Desktop/Server-Modpack-1.20.1/mods/chefs-delight-1.0.3-forge-1.20.1.jar: java.nio.file.NoSuchFileException: /fabric.mod.json
[19ago2025 19:08:15.892] [main/ERROR] [org.betterx.worlds.together.util.Logger/]: [worlds_together] Error for jar:file:///C:/Users/LucaS/OneDrive/Desktop/Server-Modpack-1.20.1/mods/chipped-forge-1.20.1-3.0.7.jar: java.nio.file.NoSuchFileException: /fabric.mod.json
[19ago2025 19:08:15.896] [main/ERROR] [org.betterx.worlds.together.util.Logger/]: [worlds_together] Error for jar:file:///C:/Users/LucaS/OneDrive/Desktop/Server-Modpack-1.20.1/mods/chunkactivitytracker-forge-1.0.1-1.20.1.jar: java.nio.file.NoSuchFileException: /fabric.mod.json
[19ago2025 19:08:15.897] [main/ERROR] [org.betterx.worlds.together.util.Logger/]: [worlds_together] Error for jar:file:///C:/Users/LucaS/OneDrive/Desktop/Server-Modpack-1.20.1/mods/chunksending-1.20.1-2.8.jar: java.nio.file.NoSuchFileException: /fabric.mod.json
[19ago2025 19:08:15.901] [main/ERROR] [org.betterx.worlds.together.util.Logger/]: [worlds_together] Error for jar:file:///C:/Users/LucaS/OneDrive/Desktop/Server-Modpack-1.20.1/mods/citadel-2.6.2-1.20.1.jar: java.nio.file.NoSuchFileException: /fabric.mod.json
[19ago2025 19:08:15.903] [main/ERROR] [org.betterx.worlds.together.util.Logger/]: [worlds_together] Error for jar:file:///C:/Users/LucaS/OneDrive/Desktop/Server-Modpack-1.20.1/mods/clientcrafting-1.20.1-1.8.jar: java.nio.file.NoSuchFileException: /fabric.mod.json
[19ago2025 19:08:15.906] [main/ERROR] [org.betterx.worlds.together.util.Logger/]: [worlds_together] Error for jar:file:///C:/Users/LucaS/OneDrive/Desktop/Server-Modpack-1.20.1/mods/clientsort-forge-2.0.0-beta.9+1.20.1.jar: java.nio.file.NoSuchFileException: /fabric.mod.json
[19ago2025 19:08:15.908] [main/ERROR] [org.betterx.worlds.together.util.Logger/]: [worlds_together] Error for jar:file:///C:/Users/LucaS/OneDrive/Desktop/Server-Modpack-1.20.1/mods/ClimateRivers-v20.1.0-1.20.1-Forge.jar: java.nio.file.NoSuchFileException: /fabric.mod.json
[19ago2025 19:08:15.912] [main/ERROR] [org.betterx.worlds.together.util.Logger/]: [worlds_together] Error for jar:file:///C:/Users/LucaS/OneDrive/Desktop/Server-Modpack-1.20.1/mods/cloth-config-11.1.136-forge.jar: java.nio.file.NoSuchFileException: /fabric.mod.json
[19ago2025 19:08:15.915] [main/ERROR] [org.betterx.worlds.together.util.Logger/]: [worlds_together] Error for jar:file:///C:/Users/LucaS/OneDrive/Desktop/Server-Modpack-1.20.1/mods/Clumps-forge-1.20.1-12.0.0.4.jar: java.nio.file.NoSuchFileException: /fabric.mod.json
[19ago2025 19:08:15.918] [main/ERROR] [org.betterx.worlds.together.util.Logger/]: [worlds_together] Error for jar:file:///C:/Users/LucaS/OneDrive/Desktop/Server-Modpack-1.20.1/mods/comforts-forge-6.4.0+1.20.1.jar: java.nio.file.NoSuchFileException: /fabric.mod.json
[19ago2025 19:08:15.921] [main/ERROR] [org.betterx.worlds.together.util.Logger/]: [worlds_together] Error for jar:file:///C:/Users/LucaS/OneDrive/Desktop/Server-Modpack-1.20.1/mods/ConfiguredDefaults-v8.0.4-1.20.1-Forge.jar: java.nio.file.NoSuchFileException: /fabric.mod.json
[19ago2025 19:08:15.925] [main/ERROR] [org.betterx.worlds.together.util.Logger/]: [worlds_together] Error for jar:file:///C:/Users/LucaS/OneDrive/Desktop/Server-Modpack-1.20.1/mods/connectivity-1.20.1-7.1.jar: java.nio.file.NoSuchFileException: /fabric.mod.json
[19ago2025 19:08:15.929] [main/ERROR] [org.betterx.worlds.together.util.Logger/]: [worlds_together] Error for jar:file:///C:/Users/LucaS/OneDrive/Desktop/Server-Modpack-1.20.1/mods/Connector-1.0.0-beta.46+1.20.1.jar: java.nio.file.NoSuchFileException: /fabric.mod.json
[19ago2025 19:08:15.932] [main/ERROR] [org.betterx.worlds.together.util.Logger/]: [worlds_together] Error for jar:file:///C:/Users/LucaS/OneDrive/Desktop/Server-Modpack-1.20.1/mods/ConnectorExtras-1.11.2+1.20.1.jar: java.nio.file.NoSuchFileException: /fabric.mod.json
[19ago2025 19:08:15.935] [main/ERROR] [org.betterx.worlds.together.util.Logger/]: [worlds_together] Error for jar:file:///C:/Users/LucaS/OneDrive/Desktop/Server-Modpack-1.20.1/mods/coroutil-forge-1.20.1-1.3.7.jar: java.nio.file.NoSuchFileException: /fabric.mod.json
[19ago2025 19:08:15.937] [main/ERROR] [org.betterx.worlds.together.util.Logger/]: [worlds_together] Error for jar:file:///C:/Users/LucaS/OneDrive/Desktop/Server-Modpack-1.20.1/mods/corpse-forge-1.20.1-1.0.21.jar: java.nio.file.NoSuchFileException: /fabric.mod.json
[19ago2025 19:08:15.939] [main/ERROR] [org.betterx.worlds.together.util.Logger/]: [worlds_together] Error for jar:file:///C:/Users/LucaS/OneDrive/Desktop/Server-Modpack-1.20.1/mods/CrabbersDelight-1.20.1-1.1.7e.jar: java.nio.file.NoSuchFileException: /fabric.mod.json
[19ago2025 19:08:15.942] [main/ERROR] [org.betterx.worlds.together.util.Logger/]: [worlds_together] Error for jar:file:///C:/Users/LucaS/OneDrive/Desktop/Server-Modpack-1.20.1/mods/crawlondemand-1.20.x-1.0.0.jar: java.nio.file.NoSuchFileException: /fabric.mod.json
[19ago2025 19:08:15.944] [main/ERROR] [org.betterx.worlds.together.util.Logger/]: [worlds_together] Error for jar:file:///C:/Users/LucaS/OneDrive/Desktop/Server-Modpack-1.20.1/mods/cristellib-1.1.6-forge.jar: java.nio.file.NoSuchFileException: /fabric.mod.json
[19ago2025 19:08:15.947] [main/ERROR] [org.betterx.worlds.together.util.Logger/]: [worlds_together] Error for jar:file:///C:/Users/LucaS/OneDrive/Desktop/Server-Modpack-1.20.1/mods/cupboard-1.20.1-2.7.jar: java.nio.file.NoSuchFileException: /fabric.mod.json
[19ago2025 19:08:15.950] [main/ERROR] [org.betterx.worlds.together.util.Logger/]: [worlds_together] Error for jar:file:///C:/Users/LucaS/OneDrive/Desktop/Server-Modpack-1.20.1/mods/curios-forge-5.14.1+1.20.1.jar: java.nio.file.NoSuchFileException: /fabric.mod.json
[19ago2025 19:08:15.953] [main/ERROR] [org.betterx.worlds.together.util.Logger/]: [worlds_together] Error for jar:file:///C:/Users/LucaS/OneDrive/Desktop/Server-Modpack-1.20.1/mods/decorative_blocks-forge-1.20.1-4.1.3.jar: java.nio.file.NoSuchFileException: /fabric.mod.json
[19ago2025 19:08:15.956] [main/ERROR] [org.betterx.worlds.together.util.Logger/]: [worlds_together] Error for jar:file:///C:/Users/LucaS/OneDrive/Desktop/Server-Modpack-1.20.1/mods/deeperdarker-forge-1.20.1-1.3.3.jar: java.nio.file.NoSuchFileException: /fabric.mod.json
[19ago2025 19:08:15.960] [main/ERROR] [org.betterx.worlds.together.util.Logger/]: [worlds_together] Error for jar:file:///C:/Users/LucaS/OneDrive/Desktop/Server-Modpack-1.20.1/mods/Delightful-1.20.1-3.7.3.jar: java.nio.file.NoSuchFileException: /fabric.mod.json
[19ago2025 19:08:15.962] [main/ERROR] [org.betterx.worlds.together.util.Logger/]: [worlds_together] Error for file:///C:/Users/LucaS/OneDrive/Desktop/Server-Modpack-1.20.1/mods/desktop.ini: java.nio.file.ProviderNotFoundException: Provider not found
[19ago2025 19:08:15.962] [main/INFO] [STDERR/]: [java.lang.Throwable:printStackTrace:651]: java.nio.file.ProviderNotFoundException: Provider not found
[19ago2025 19:08:15.962] [main/INFO] [STDERR/]: [java.lang.Throwable:printStackTrace:651]: 	at java.base/java.nio.file.FileSystems.newFileSystem(FileSystems.java:545)
[19ago2025 19:08:15.962] [main/INFO] [STDERR/]: [java.lang.Throwable:printStackTrace:651]: 	at java.base/java.nio.file.FileSystems.newFileSystem(FileSystems.java:475)
[19ago2025 19:08:15.962] [main/INFO] [STDERR/]: [java.lang.Throwable:printStackTrace:651]: 	at TRANSFORMER/bclib@3.0.14/org.betterx.worlds.together.util.ModUtil.accept(ModUtil.java:363)
[19ago2025 19:08:15.964] [main/INFO] [STDERR/]: [java.lang.Throwable:printStackTrace:651]: 	at TRANSFORMER/bclib@3.0.14/org.betterx.worlds.together.util.PathUtil.fileWalker(PathUtil.java:72)
[19ago2025 19:08:15.964] [main/INFO] [STDERR/]: [java.lang.Throwable:printStackTrace:651]: 	at TRANSFORMER/bclib@3.0.14/org.betterx.worlds.together.util.ModUtil.getMods(ModUtil.java:50)
[19ago2025 19:08:15.964] [main/INFO] [STDERR/]: [java.lang.Throwable:printStackTrace:651]: 	at TRANSFORMER/bclib@3.0.14/org.betterx.worlds.together.util.ModUtil.getModInfo(ModUtil.java:250)
[19ago2025 19:08:15.964] [main/INFO] [STDERR/]: [java.lang.Throwable:printStackTrace:651]: 	at TRANSFORMER/bclib@3.0.14/org.betterx.worlds.together.util.ModUtil.getModVersionFromJar(ModUtil.java:282)
[19ago2025 19:08:15.964] [main/INFO] [STDERR/]: [java.lang.Throwable:printStackTrace:651]: 	at TRANSFORMER/bclib@3.0.14/org.betterx.worlds.together.util.ModUtil.getModVersion(ModUtil.java:272)
[19ago2025 19:08:15.964] [main/INFO] [STDERR/]: [java.lang.Throwable:printStackTrace:651]: 	at TRANSFORMER/bclib@3.0.14/org.betterx.worlds.together.world.WorldConfig.getRootTag(WorldConfig.java:97)
[19ago2025 19:08:15.964] [main/INFO] [STDERR/]: [java.lang.Throwable:printStackTrace:651]: 	at TRANSFORMER/bclib@3.0.14/org.betterx.worlds.together.world.WorldConfig.getCompoundTag(WorldConfig.java:115)
[19ago2025 19:08:15.964] [main/INFO] [STDERR/]: [java.lang.Throwable:printStackTrace:651]: 	at TRANSFORMER/bclib@3.0.14/org.betterx.worlds.together.levelgen.WorldGenUtil.getPresetsNbt(WorldGenUtil.java:85)
[19ago2025 19:08:15.964] [main/INFO] [STDERR/]: [java.lang.Throwable:printStackTrace:651]: 	at TRANSFORMER/bclib@3.0.14/org.betterx.worlds.together.worldPreset.TogetherWorldPreset.loadWorldDimensions(TogetherWorldPreset.java:159)
[19ago2025 19:08:15.965] [main/INFO] [STDERR/]: [java.lang.Throwable:printStackTrace:651]: 	at TRANSFORMER/bclib@3.0.14/org.betterx.worlds.together.levelgen.BiomeRepairHelper.repairBiomeSourceInAllDimensions(BiomeRepairHelper.java:31)
[19ago2025 19:08:15.965] [main/INFO] [STDERR/]: [java.lang.Throwable:printStackTrace:651]: 	at TRANSFORMER/bclib@3.0.14/org.betterx.worlds.together.levelgen.WorldGenUtil.repairBiomeSourceInAllDimensions(WorldGenUtil.java:128)
[19ago2025 19:08:15.965] [main/INFO] [STDERR/]: [java.lang.Throwable:printStackTrace:651]: 	at TRANSFORMER/bclib@3.0.14/org.betterx.worlds.together.world.event.WorldBootstrap.enforceInLayeredRegistry(WorldBootstrap.java:327)
[19ago2025 19:08:15.965] [main/INFO] [STDERR/]: [java.lang.Throwable:printStackTrace:651]: 	at TRANSFORMER/minecraft@1.20.1/net.minecraft.server.WorldStem.localvar$dhc000$bclib$wt_bake(WorldStem.java:517)
[19ago2025 19:08:15.965] [main/INFO] [STDERR/]: [java.lang.Throwable:printStackTrace:651]: 	at TRANSFORMER/minecraft@1.20.1/net.minecraft.server.WorldStem.<init>(WorldStem.java:7)
[19ago2025 19:08:15.965] [main/INFO] [STDERR/]: [java.lang.Throwable:printStackTrace:651]: 	at TRANSFORMER/minecraft@1.20.1/net.minecraft.server.WorldLoader.m_244809_(WorldLoader.java:45)
[19ago2025 19:08:15.965] [main/INFO] [STDERR/]: [java.lang.Throwable:printStackTrace:651]: 	at java.base/java.util.concurrent.CompletableFuture$UniApply.tryFire(CompletableFuture.java:646)
[19ago2025 19:08:15.965] [main/INFO] [STDERR/]: [java.lang.Throwable:printStackTrace:651]: 	at java.base/java.util.concurrent.CompletableFuture$Completion.run(CompletableFuture.java:482)
[19ago2025 19:08:15.965] [main/INFO] [STDERR/]: [java.lang.Throwable:printStackTrace:651]: 	at TRANSFORMER/minecraft@1.20.1/net.minecraft.Util.m_214652_(Util.java:783)
[19ago2025 19:08:15.965] [main/INFO] [STDERR/]: [java.lang.Throwable:printStackTrace:651]: 	at TRANSFORMER/minecraft@1.20.1/net.minecraft.Util.m_214679_(Util.java:772)
[19ago2025 19:08:15.966] [main/INFO] [STDERR/]: [java.lang.Throwable:printStackTrace:651]: 	at TRANSFORMER/minecraft@1.20.1/net.minecraft.server.Main.main(Main.java:166)
[19ago2025 19:08:15.966] [main/INFO] [STDERR/]: [java.lang.Throwable:printStackTrace:651]: 	at java.base/jdk.internal.reflect.DirectMethodHandleAccessor.invoke(DirectMethodHandleAccessor.java:103)
[19ago2025 19:08:15.966] [main/INFO] [STDERR/]: [java.lang.Throwable:printStackTrace:651]: 	at java.base/java.lang.reflect.Method.invoke(Method.java:580)
[19ago2025 19:08:15.966] [main/INFO] [STDERR/]: [java.lang.Throwable:printStackTrace:651]: 	at MC-BOOTSTRAP/fmlloader@1.20.1-47.4.0/net.minecraftforge.fml.loading.targets.CommonLaunchHandler.runTarget(CommonLaunchHandler.java:111)
[19ago2025 19:08:15.966] [main/INFO] [STDERR/]: [java.lang.Throwable:printStackTrace:651]: 	at MC-BOOTSTRAP/fmlloader@1.20.1-47.4.0/net.minecraftforge.fml.loading.targets.CommonLaunchHandler.serverService(CommonLaunchHandler.java:103)
[19ago2025 19:08:15.966] [main/INFO] [STDERR/]: [java.lang.Throwable:printStackTrace:651]: 	at MC-BOOTSTRAP/fmlloader@1.20.1-47.4.0/net.minecraftforge.fml.loading.targets.CommonServerLaunchHandler.lambda$makeService$0(CommonServerLaunchHandler.java:27)
[19ago2025 19:08:15.966] [main/INFO] [STDERR/]: [java.lang.Throwable:printStackTrace:651]: 	at MC-BOOTSTRAP/cpw.mods.modlauncher@10.0.9/cpw.mods.modlauncher.LaunchServiceHandlerDecorator.launch(LaunchServiceHandlerDecorator.java:30)
[19ago2025 19:08:15.966] [main/INFO] [STDERR/]: [java.lang.Throwable:printStackTrace:651]: 	at MC-BOOTSTRAP/cpw.mods.modlauncher@10.0.9/cpw.mods.modlauncher.LaunchServiceHandler.launch(LaunchServiceHandler.java:53)
[19ago2025 19:08:15.966] [main/INFO] [STDERR/]: [java.lang.Throwable:printStackTrace:651]: 	at MC-BOOTSTRAP/cpw.mods.modlauncher@10.0.9/cpw.mods.modlauncher.LaunchServiceHandler.launch(LaunchServiceHandler.java:71)
[19ago2025 19:08:15.966] [main/INFO] [STDERR/]: [java.lang.Throwable:printStackTrace:651]: 	at MC-BOOTSTRAP/cpw.mods.modlauncher@10.0.9/cpw.mods.modlauncher.Launcher.run(Launcher.java:108)
[19ago2025 19:08:15.966] [main/INFO] [STDERR/]: [java.lang.Throwable:printStackTrace:651]: 	at MC-BOOTSTRAP/cpw.mods.modlauncher@10.0.9/cpw.mods.modlauncher.Launcher.main(Launcher.java:78)
[19ago2025 19:08:15.966] [main/INFO] [STDERR/]: [java.lang.Throwable:printStackTrace:651]: 	at MC-BOOTSTRAP/cpw.mods.modlauncher@10.0.9/cpw.mods.modlauncher.BootstrapLaunchConsumer.accept(BootstrapLaunchConsumer.java:26)
[19ago2025 19:08:15.966] [main/INFO] [STDERR/]: [java.lang.Throwable:printStackTrace:651]: 	at MC-BOOTSTRAP/cpw.mods.modlauncher@10.0.9/cpw.mods.modlauncher.BootstrapLaunchConsumer.accept(BootstrapLaunchConsumer.java:23)
[19ago2025 19:08:15.967] [main/INFO] [STDERR/]: [java.lang.Throwable:printStackTrace:651]: 	at cpw.mods.bootstraplauncher@1.1.2/cpw.mods.bootstraplauncher.BootstrapLauncher.main(BootstrapLauncher.java:141)
[19ago2025 19:08:15.969] [main/ERROR] [org.betterx.worlds.together.util.Logger/]: [worlds_together] Error for jar:file:///C:/Users/LucaS/OneDrive/Desktop/Server-Modpack-1.20.1/mods/despawntweaks-forge-1.0.0-1.20.1.jar: java.nio.file.NoSuchFileException: /fabric.mod.json
[19ago2025 19:08:15.970] [main/ERROR] [org.betterx.worlds.together.util.Logger/]: [worlds_together] Error for jar:file:///C:/Users/LucaS/OneDrive/Desktop/Server-Modpack-1.20.1/mods/DiagonalFences-v8.1.5-1.20.1-Forge.jar: java.nio.file.NoSuchFileException: /fabric.mod.json
[19ago2025 19:08:15.973] [main/ERROR] [org.betterx.worlds.together.util.Logger/]: [worlds_together] Error for jar:file:///C:/Users/LucaS/OneDrive/Desktop/Server-Modpack-1.20.1/mods/DiagonalWalls-v8.0.4-1.20.1-Forge.jar: java.nio.file.NoSuchFileException: /fabric.mod.json
[19ago2025 19:08:15.976] [main/ERROR] [org.betterx.worlds.together.util.Logger/]: [worlds_together] Error for jar:file:///C:/Users/LucaS/OneDrive/Desktop/Server-Modpack-1.20.1/mods/distraction_free_recipes-forge-1.2.1-1.20.1.jar: java.nio.file.NoSuchFileException: /fabric.mod.json
[19ago2025 19:08:15.978] [main/ERROR] [org.betterx.worlds.together.util.Logger/]: [worlds_together] Error for jar:file:///C:/Users/LucaS/OneDrive/Desktop/Server-Modpack-1.20.1/mods/does_it_tick-forge-1.1.4-1.20.1.jar: java.nio.file.NoSuchFileException: /fabric.mod.json
[19ago2025 19:08:15.980] [main/ERROR] [org.betterx.worlds.together.util.Logger/]: [worlds_together] Error for jar:file:///C:/Users/LucaS/OneDrive/Desktop/Server-Modpack-1.20.1/mods/dragonmounts-1.20.1-1.2.3-beta.jar: java.nio.file.NoSuchFileException: /fabric.mod.json
[19ago2025 19:08:15.982] [main/ERROR] [org.betterx.worlds.together.util.Logger/]: [worlds_together] Error for jar:file:///C:/Users/LucaS/OneDrive/Desktop/Server-Modpack-1.20.1/mods/dragon_mounts_patches-1.0.0.jar: java.nio.file.NoSuchFileException: /fabric.mod.json
[19ago2025 19:08:15.986] [main/ERROR] [org.betterx.worlds.together.util.Logger/]: [worlds_together] Error for jar:file:///C:/Users/LucaS/OneDrive/Desktop/Server-Modpack-1.20.1/mods/dungeons-and-taverns-ancient-city-overhaul-1%20%5BForge%5D.jar: java.nio.file.NoSuchFileException: /fabric.mod.json
[19ago2025 19:08:15.988] [main/ERROR] [org.betterx.worlds.together.util.Logger/]: [worlds_together] Error for jar:file:///C:/Users/LucaS/OneDrive/Desktop/Server-Modpack-1.20.1/mods/EasyAnvils-v8.0.2-1.20.1-Forge.jar: java.nio.file.NoSuchFileException: /fabric.mod.json
[19ago2025 19:08:15.990] [main/ERROR] [org.betterx.worlds.together.util.Logger/]: [worlds_together] Error for jar:file:///C:/Users/LucaS/OneDrive/Desktop/Server-Modpack-1.20.1/mods/EasyMagic-v8.0.1-1.20.1-Forge.jar: java.nio.file.NoSuchFileException: /fabric.mod.json
[19ago2025 19:08:15.995] [main/ERROR] [org.betterx.worlds.together.util.Logger/]: [worlds_together] Error for jar:file:///C:/Users/LucaS/OneDrive/Desktop/Server-Modpack-1.20.1/mods/elevatorid-1.20.1-1.9.1-forge.jar: java.nio.file.NoSuchFileException: /fabric.mod.json
[19ago2025 19:08:15.997] [main/ERROR] [org.betterx.worlds.together.util.Logger/]: [worlds_together] Error for jar:file:///C:/Users/LucaS/OneDrive/Desktop/Server-Modpack-1.20.1/mods/elytraslot-forge-6.4.4+1.20.1.jar: java.nio.file.NoSuchFileException: /fabric.mod.json
[19ago2025 19:08:15.999] [main/ERROR] [org.betterx.worlds.together.util.Logger/]: [worlds_together] Error for jar:file:///C:/Users/LucaS/OneDrive/Desktop/Server-Modpack-1.20.1/mods/endersdelight-forge-1.20.1-1.1.3.jar: java.nio.file.NoSuchFileException: /fabric.mod.json
[19ago2025 19:08:16.002] [main/ERROR] [org.betterx.worlds.together.util.Logger/]: [worlds_together] Error for jar:file:///C:/Users/LucaS/OneDrive/Desktop/Server-Modpack-1.20.1/mods/entityculling-forge-1.8.2-mc1.20.1.jar: java.nio.file.NoSuchFileException: /fabric.mod.json
[19ago2025 19:08:16.004] [main/ERROR] [org.betterx.worlds.together.util.Logger/]: [worlds_together] Error for jar:file:///C:/Users/LucaS/OneDrive/Desktop/Server-Modpack-1.20.1/mods/entity_model_features_forge_1.20.1-2.4.1.jar: java.nio.file.NoSuchFileException: /fabric.mod.json
[19ago2025 19:08:16.006] [main/ERROR] [org.betterx.worlds.together.util.Logger/]: [worlds_together] Error for jar:file:///C:/Users/LucaS/OneDrive/Desktop/Server-Modpack-1.20.1/mods/entity_texture_features_forge_1.20.1-6.2.9.jar: java.nio.file.NoSuchFileException: /fabric.mod.json
[19ago2025 19:08:16.009] [main/ERROR] [org.betterx.worlds.together.util.Logger/]: [worlds_together] Error for jar:file:///C:/Users/LucaS/OneDrive/Desktop/Server-Modpack-1.20.1/mods/everycomp-1.20-2.8.13-forge.jar: java.nio.file.NoSuchFileException: /fabric.mod.json
[19ago2025 19:08:16.012] [main/ERROR] [org.betterx.worlds.together.util.Logger/]: [worlds_together] Error for jar:file:///C:/Users/LucaS/OneDrive/Desktop/Server-Modpack-1.20.1/mods/explorations-forge-1.20.1-1.6.1.jar: java.nio.file.NoSuchFileException: /fabric.mod.json
[19ago2025 19:08:16.014] [main/ERROR] [org.betterx.worlds.together.util.Logger/]: [worlds_together] Error for jar:file:///C:/Users/LucaS/OneDrive/Desktop/Server-Modpack-1.20.1/mods/extra_compat-1.5.25.jar: java.nio.file.NoSuchFileException: /fabric.mod.json
[19ago2025 19:08:16.016] [main/ERROR] [org.betterx.worlds.together.util.Logger/]: [worlds_together] Error for jar:file:///C:/Users/LucaS/OneDrive/Desktop/Server-Modpack-1.20.1/mods/fabric-api-0.92.2+1.11.12+1.20.1.jar: java.nio.file.NoSuchFileException: /fabric.mod.json
[19ago2025 19:08:16.020] [main/ERROR] [org.betterx.worlds.together.util.Logger/]: [worlds_together] Error for jar:file:///C:/Users/LucaS/OneDrive/Desktop/Server-Modpack-1.20.1/mods/FarmersDelight-1.20.1-1.2.8.jar: java.nio.file.NoSuchFileException: /fabric.mod.json
[19ago2025 19:08:16.022] [main/ERROR] [org.betterx.worlds.together.util.Logger/]: [worlds_together] Error for jar:file:///C:/Users/LucaS/OneDrive/Desktop/Server-Modpack-1.20.1/mods/fastasyncworldsave-1.20.1-2.4.jar: java.nio.file.NoSuchFileException: /fabric.mod.json
[19ago2025 19:08:16.027] [main/ERROR] [org.betterx.worlds.together.util.Logger/]: [worlds_together] Error for jar:file:///C:/Users/LucaS/OneDrive/Desktop/Server-Modpack-1.20.1/mods/FastItemFrames-v20.1.3-1.20.1-Forge.jar: java.nio.file.NoSuchFileException: /fabric.mod.json
[19ago2025 19:08:16.029] [main/ERROR] [org.betterx.worlds.together.util.Logger/]: [worlds_together] Error for jar:file:///C:/Users/LucaS/OneDrive/Desktop/Server-Modpack-1.20.1/mods/fastpaintings-1.20-1.2.7.jar: java.nio.file.NoSuchFileException: /fabric.mod.json
[19ago2025 19:08:16.030] [main/ERROR] [org.betterx.worlds.together.util.Logger/]: [worlds_together] Error for jar:file:///C:/Users/LucaS/OneDrive/Desktop/Server-Modpack-1.20.1/mods/Feature-Recycler-forge-1.0.1.jar: java.nio.file.NoSuchFileException: /fabric.mod.json
[19ago2025 19:08:16.033] [main/ERROR] [org.betterx.worlds.together.util.Logger/]: [worlds_together] Error for jar:file:///C:/Users/LucaS/OneDrive/Desktop/Server-Modpack-1.20.1/mods/ferritecore-6.0.1-forge.jar: java.nio.file.NoSuchFileException: /fabric.mod.json
[19ago2025 19:08:16.035] [main/ERROR] [org.betterx.worlds.together.util.Logger/]: [worlds_together] Error for jar:file:///C:/Users/LucaS/OneDrive/Desktop/Server-Modpack-1.20.1/mods/flib-1.20.1-0.0.15.jar: java.nio.file.NoSuchFileException: /fabric.mod.json
[19ago2025 19:08:16.037] [main/ERROR] [org.betterx.worlds.together.util.Logger/]: [worlds_together] Error for jar:file:///C:/Users/LucaS/OneDrive/Desktop/Server-Modpack-1.20.1/mods/forgery-3.6.2+1.20.jar: java.nio.file.NoSuchFileException: /fabric.mod.json
[19ago2025 19:08:16.039] [main/ERROR] [org.betterx.worlds.together.util.Logger/]: [worlds_together] Error for jar:file:///C:/Users/LucaS/OneDrive/Desktop/Server-Modpack-1.20.1/mods/formations-1.0.4-forge-mc1.20.2.jar: java.nio.file.NoSuchFileException: /fabric.mod.json
[19ago2025 19:08:16.046] [main/ERROR] [org.betterx.worlds.together.util.Logger/]: [worlds_together] Error for jar:file:///C:/Users/LucaS/OneDrive/Desktop/Server-Modpack-1.20.1/mods/framework-forge-1.20.1-0.7.15.jar: java.nio.file.NoSuchFileException: /fabric.mod.json
[19ago2025 19:08:16.048] [main/ERROR] [org.betterx.worlds.together.util.Logger/]: [worlds_together] Error for jar:file:///C:/Users/LucaS/OneDrive/Desktop/Server-Modpack-1.20.1/mods/friendsandfoes-forge-mc1.20.1-3.0.9.jar: java.nio.file.NoSuchFileException: /fabric.mod.json
[19ago2025 19:08:16.050] [main/ERROR] [org.betterx.worlds.together.util.Logger/]: [worlds_together] Error for jar:file:///C:/Users/LucaS/OneDrive/Desktop/Server-Modpack-1.20.1/mods/ftb-library-forge-2001.2.9.jar: java.nio.file.NoSuchFileException: /fabric.mod.json
[19ago2025 19:08:16.052] [main/ERROR] [org.betterx.worlds.together.util.Logger/]: [worlds_together] Error for jar:file:///C:/Users/LucaS/OneDrive/Desktop/Server-Modpack-1.20.1/mods/ftb-teams-forge-2001.3.1.jar: java.nio.file.NoSuchFileException: /fabric.mod.json
[19ago2025 19:08:16.055] [main/ERROR] [org.betterx.worlds.together.util.Logger/]: [worlds_together] Error for jar:file:///C:/Users/LucaS/OneDrive/Desktop/Server-Modpack-1.20.1/mods/gallery-1.20.1-1.0.3.jar: java.nio.file.NoSuchFileException: /fabric.mod.json
[19ago2025 19:08:16.057] [main/ERROR] [org.betterx.worlds.together.util.Logger/]: [worlds_together] Error for jar:file:///C:/Users/LucaS/OneDrive/Desktop/Server-Modpack-1.20.1/mods/Galosphere-1.20.1-1.4.1-Forge.jar: java.nio.file.NoSuchFileException: /fabric.mod.json
[19ago2025 19:08:16.059] [main/ERROR] [org.betterx.worlds.together.util.Logger/]: [worlds_together] Error for jar:file:///C:/Users/LucaS/OneDrive/Desktop/Server-Modpack-1.20.1/mods/geckolib-forge-1.20.1-4.7.3.jar: java.nio.file.NoSuchFileException: /fabric.mod.json
[19ago2025 19:08:16.061] [main/ERROR] [org.betterx.worlds.together.util.Logger/]: [worlds_together] Error for jar:file:///C:/Users/LucaS/OneDrive/Desktop/Server-Modpack-1.20.1/mods/GlitchCore-forge-1.20.1-0.0.1.1.jar: java.nio.file.NoSuchFileException: /fabric.mod.json
[19ago2025 19:08:16.063] [main/ERROR] [org.betterx.worlds.together.util.Logger/]: [worlds_together] Error for jar:file:///C:/Users/LucaS/OneDrive/Desktop/Server-Modpack-1.20.1/mods/goblintraders-forge-1.20.1-1.9.3.jar: java.nio.file.NoSuchFileException: /fabric.mod.json
[19ago2025 19:08:16.065] [main/ERROR] [org.betterx.worlds.together.util.Logger/]: [worlds_together] Error for jar:file:///C:/Users/LucaS/OneDrive/Desktop/Server-Modpack-1.20.1/mods/gpumemleakfix-1.20.1-1.8.jar: java.nio.file.NoSuchFileException: /fabric.mod.json
[19ago2025 19:08:16.067] [main/ERROR] [org.betterx.worlds.together.util.Logger/]: [worlds_together] Error for jar:file:///C:/Users/LucaS/OneDrive/Desktop/Server-Modpack-1.20.1/mods/Grass_Overhaul-Forge-23.10.10-MC1.20.1.jar: java.nio.file.NoSuchFileException: /fabric.mod.json
[19ago2025 19:08:16.072] [main/ERROR] [org.betterx.worlds.together.util.Logger/]: [worlds_together] Error for jar:file:///C:/Users/LucaS/OneDrive/Desktop/Server-Modpack-1.20.1/mods/handcrafted-forge-1.20.1-3.0.6.jar: java.nio.file.NoSuchFileException: /fabric.mod.json
[19ago2025 19:08:16.076] [main/ERROR] [org.betterx.worlds.together.util.Logger/]: [worlds_together] Error for jar:file:///C:/Users/LucaS/OneDrive/Desktop/Server-Modpack-1.20.1/mods/hearth_and_home-forge-1.20.1-2.0.3.jar: java.nio.file.NoSuchFileException: /fabric.mod.json
[19ago2025 19:08:16.078] [main/ERROR] [org.betterx.worlds.together.util.Logger/]: [worlds_together] Error for jar:file:///C:/Users/LucaS/OneDrive/Desktop/Server-Modpack-1.20.1/mods/Highlighter-1.20.1-forge-1.1.9.jar: java.nio.file.NoSuchFileException: /fabric.mod.json
[19ago2025 19:08:16.079] [main/ERROR] [org.betterx.worlds.together.util.Logger/]: [worlds_together] Error for jar:file:///C:/Users/LucaS/OneDrive/Desktop/Server-Modpack-1.20.1/mods/Iceberg-1.20.1-forge-1.1.25.jar: java.nio.file.NoSuchFileException: /fabric.mod.json
[19ago2025 19:08:16.082] [main/ERROR] [org.betterx.worlds.together.util.Logger/]: [worlds_together] Error for jar:file:///C:/Users/LucaS/OneDrive/Desktop/Server-Modpack-1.20.1/mods/IllagerInvasion-v8.0.7-1.20.1-Forge.jar: java.nio.file.NoSuchFileException: /fabric.mod.json
[19ago2025 19:08:16.084] [main/ERROR] [org.betterx.worlds.together.util.Logger/]: [worlds_together] Error for jar:file:///C:/Users/LucaS/OneDrive/Desktop/Server-Modpack-1.20.1/mods/ImmediatelyFast-Forge-1.5.1+1.20.4.jar: java.nio.file.NoSuchFileException: /fabric.mod.json
[19ago2025 19:08:16.086] [main/ERROR] [org.betterx.worlds.together.util.Logger/]: [worlds_together] Error for jar:file:///C:/Users/LucaS/OneDrive/Desktop/Server-Modpack-1.20.1/mods/immersivearmorhud-forge-1.0.1-1.20.1.jar: java.nio.file.NoSuchFileException: /fabric.mod.json
[19ago2025 19:08:16.090] [main/ERROR] [org.betterx.worlds.together.util.Logger/]: [worlds_together] Error for jar:file:///C:/Users/LucaS/OneDrive/Desktop/Server-Modpack-1.20.1/mods/incubation-1.20.1-4.0.4.jar: java.nio.file.NoSuchFileException: /fabric.mod.json
[19ago2025 19:08:16.092] [main/ERROR] [org.betterx.worlds.together.util.Logger/]: [worlds_together] Error for jar:file:///C:/Users/LucaS/OneDrive/Desktop/Server-Modpack-1.20.1/mods/Jade-1.20.1-Forge-11.13.1.jar: java.nio.file.NoSuchFileException: /fabric.mod.json
[19ago2025 19:08:16.093] [main/ERROR] [org.betterx.worlds.together.util.Logger/]: [worlds_together] Error for jar:file:///C:/Users/LucaS/OneDrive/Desktop/Server-Modpack-1.20.1/mods/jei-1.20.1-forge-15.20.0.112.jar: java.nio.file.NoSuchFileException: /fabric.mod.json
[19ago2025 19:08:16.096] [main/ERROR] [org.betterx.worlds.together.util.Logger/]: [worlds_together] Error for jar:file:///C:/Users/LucaS/OneDrive/Desktop/Server-Modpack-1.20.1/mods/JustEnoughResources-1.20.1-1.4.0.247.jar: java.nio.file.NoSuchFileException: /fabric.mod.json
[19ago2025 19:08:16.099] [main/ERROR] [org.betterx.worlds.together.util.Logger/]: [worlds_together] Error for jar:file:///C:/Users/LucaS/OneDrive/Desktop/Server-Modpack-1.20.1/mods/justzoom_forge_2.1.1_MC_1.20.1.jar: java.nio.file.NoSuchFileException: /fabric.mod.json
[19ago2025 19:08:16.101] [main/ERROR] [org.betterx.worlds.together.util.Logger/]: [worlds_together] Error for jar:file:///C:/Users/LucaS/OneDrive/Desktop/Server-Modpack-1.20.1/mods/Kiwi-1.20.1-Forge-11.8.31.jar: java.nio.file.NoSuchFileException: /fabric.mod.json
[19ago2025 19:08:16.103] [main/ERROR] [org.betterx.worlds.together.util.Logger/]: [worlds_together] Error for jar:file:///C:/Users/LucaS/OneDrive/Desktop/Server-Modpack-1.20.1/mods/konkrete_forge_1.8.0_MC_1.20-1.20.1.jar: java.nio.file.NoSuchFileException: /fabric.mod.json
[19ago2025 19:08:16.106] [main/ERROR] [org.betterx.worlds.together.util.Logger/]: [worlds_together] Error for jar:file:///C:/Users/LucaS/OneDrive/Desktop/Server-Modpack-1.20.1/mods/KryptonReforged-0.2.3.jar: java.nio.file.NoSuchFileException: /fabric.mod.json
[19ago2025 19:08:16.108] [main/ERROR] [org.betterx.worlds.together.util.Logger/]: [worlds_together] Error for jar:file:///C:/Users/LucaS/OneDrive/Desktop/Server-Modpack-1.20.1/mods/kubejs-forge-2001.6.5-build.16.jar: java.nio.file.NoSuchFileException: /fabric.mod.json
[19ago2025 19:08:16.110] [main/ERROR] [org.betterx.worlds.together.util.Logger/]: [worlds_together] Error for jar:file:///C:/Users/LucaS/OneDrive/Desktop/Server-Modpack-1.20.1/mods/LeavesBeGone-v8.0.0-1.20.1-Forge.jar: java.nio.file.NoSuchFileException: /fabric.mod.json
[19ago2025 19:08:16.112] [main/ERROR] [org.betterx.worlds.together.util.Logger/]: [worlds_together] Error for jar:file:///C:/Users/LucaS/OneDrive/Desktop/Server-Modpack-1.20.1/mods/lionfishapi-2.4-Fix.jar: java.nio.file.NoSuchFileException: /fabric.mod.json
[19ago2025 19:08:16.114] [main/ERROR] [org.betterx.worlds.together.util.Logger/]: [worlds_together] Error for jar:file:///C:/Users/LucaS/OneDrive/Desktop/Server-Modpack-1.20.1/mods/lithostitched-forge-1.20.1-1.4.11.jar: java.nio.file.NoSuchFileException: /fabric.mod.json
[19ago2025 19:08:16.117] [main/ERROR] [org.betterx.worlds.together.util.Logger/]: [worlds_together] Error for jar:file:///C:/Users/LucaS/OneDrive/Desktop/Server-Modpack-1.20.1/mods/lmft-1.0.4+1.20.1-forge.jar: java.nio.file.NoSuchFileException: /fabric.mod.json
[19ago2025 19:08:16.119] [main/ERROR] [org.betterx.worlds.together.util.Logger/]: [worlds_together] Error for jar:file:///C:/Users/LucaS/OneDrive/Desktop/Server-Modpack-1.20.1/mods/LongerChatHistory-1.3-Forge.jar: java.nio.file.NoSuchFileException: /fabric.mod.json
[19ago2025 19:08:16.121] [main/ERROR] [org.betterx.worlds.together.util.Logger/]: [worlds_together] Error for jar:file:///C:/Users/LucaS/OneDrive/Desktop/Server-Modpack-1.20.1/mods/lootintegrations-1.20.1-4.7.jar: java.nio.file.NoSuchFileException: /fabric.mod.json
[19ago2025 19:08:16.124] [main/ERROR] [org.betterx.worlds.together.util.Logger/]: [worlds_together] Error for jar:file:///C:/Users/LucaS/OneDrive/Desktop/Server-Modpack-1.20.1/mods/L_Enders_Cataclysm-3.08.jar: java.nio.file.NoSuchFileException: /fabric.mod.json
[19ago2025 19:08:16.127] [main/ERROR] [org.betterx.worlds.together.util.Logger/]: [worlds_together] Error for jar:file:///C:/Users/LucaS/OneDrive/Desktop/Server-Modpack-1.20.1/mods/MagnumTorch-v8.0.2-1.20.1-Forge.jar: java.nio.file.NoSuchFileException: /fabric.mod.json
[19ago2025 19:08:16.132] [main/ERROR] [org.betterx.worlds.together.util.Logger/]: [worlds_together] Error for jar:file:///C:/Users/LucaS/OneDrive/Desktop/Server-Modpack-1.20.1/mods/Mekanism-1.20.1-10.4.16.80.jar: java.nio.file.NoSuchFileException: /fabric.mod.json
[19ago2025 19:08:16.134] [main/ERROR] [org.betterx.worlds.together.util.Logger/]: [worlds_together] Error for jar:file:///C:/Users/LucaS/OneDrive/Desktop/Server-Modpack-1.20.1/mods/mekanism-ad-astra-ores-forge-1.20.1-1.1.0.jar: java.nio.file.NoSuchFileException: /fabric.mod.json
[19ago2025 19:08:16.137] [main/ERROR] [org.betterx.worlds.together.util.Logger/]: [worlds_together] Error for jar:file:///C:/Users/LucaS/OneDrive/Desktop/Server-Modpack-1.20.1/mods/MekanismGenerators-1.20.1-10.4.16.80.jar: java.nio.file.NoSuchFileException: /fabric.mod.json
[19ago2025 19:08:16.138] [main/ERROR] [org.betterx.worlds.together.util.Logger/]: [worlds_together] Error for jar:file:///C:/Users/LucaS/OneDrive/Desktop/Server-Modpack-1.20.1/mods/mes-1.3.4-1.20-forge.jar: java.nio.file.NoSuchFileException: /fabric.mod.json
[19ago2025 19:08:16.140] [main/ERROR] [org.betterx.worlds.together.util.Logger/]: [worlds_together] Error for jar:file:///C:/Users/LucaS/OneDrive/Desktop/Server-Modpack-1.20.1/mods/misctweaks-1.1.2+1.20.1.jar: java.nio.file.NoSuchFileException: /fabric.mod.json
[19ago2025 19:08:16.142] [main/ERROR] [org.betterx.worlds.together.util.Logger/]: [worlds_together] Error for jar:file:///C:/Users/LucaS/OneDrive/Desktop/Server-Modpack-1.20.1/mods/mns-1.0.3-1.20-forge.jar: java.nio.file.NoSuchFileException: /fabric.mod.json
[19ago2025 19:08:16.145] [main/ERROR] [org.betterx.worlds.together.util.Logger/]: [worlds_together] Error for jar:file:///C:/Users/LucaS/OneDrive/Desktop/Server-Modpack-1.20.1/mods/modernfix-forge-5.24.3+mc1.20.1.jar: java.nio.file.NoSuchFileException: /fabric.mod.json
[19ago2025 19:08:16.147] [main/ERROR] [org.betterx.worlds.together.util.Logger/]: [worlds_together] Error for jar:file:///C:/Users/LucaS/OneDrive/Desktop/Server-Modpack-1.20.1/mods/moonlight-1.20-2.14.13-forge.jar: java.nio.file.NoSuchFileException: /fabric.mod.json
[19ago2025 19:08:16.149] [main/ERROR] [org.betterx.worlds.together.util.Logger/]: [worlds_together] Error for jar:file:///C:/Users/LucaS/OneDrive/Desktop/Server-Modpack-1.20.1/mods/MouseTweaks-forge-mc1.20.1-2.25.1.jar: java.nio.file.NoSuchFileException: /fabric.mod.json
[19ago2025 19:08:16.150] [main/ERROR] [org.betterx.worlds.together.util.Logger/]: [worlds_together] Error for jar:file:///C:/Users/LucaS/OneDrive/Desktop/Server-Modpack-1.20.1/mods/MyNethersDelight-1.20.1-0.1.8.jar: java.nio.file.NoSuchFileException: /fabric.mod.json
[19ago2025 19:08:16.155] [main/ERROR] [org.betterx.worlds.together.util.Logger/]: [worlds_together] Error for jar:file:///C:/Users/LucaS/OneDrive/Desktop/Server-Modpack-1.20.1/mods/NetherChested-v8.0.4-1.20.1-Forge.jar: java.nio.file.NoSuchFileException: /fabric.mod.json
[19ago2025 19:08:16.156] [main/ERROR] [org.betterx.worlds.together.util.Logger/]: [worlds_together] Error for jar:file:///C:/Users/LucaS/OneDrive/Desktop/Server-Modpack-1.20.1/mods/netherportalfix-forge-1.20-13.0.1.jar: java.nio.file.NoSuchFileException: /fabric.mod.json
[19ago2025 19:08:16.159] [main/ERROR] [org.betterx.worlds.together.util.Logger/]: [worlds_together] Error for jar:file:///C:/Users/LucaS/OneDrive/Desktop/Server-Modpack-1.20.1/mods/NoChatReports-FORGE-1.20.1-v2.2.2.jar: java.nio.file.NoSuchFileException: /fabric.mod.json
[19ago2025 19:08:16.161] [main/ERROR] [org.betterx.worlds.together.util.Logger/]: [worlds_together] Error for jar:file:///C:/Users/LucaS/OneDrive/Desktop/Server-Modpack-1.20.1/mods/noisium-forge-2.3.0+mc1.20-1.20.1.jar: java.nio.file.NoSuchFileException: /fabric.mod.json
[19ago2025 19:08:16.162] [main/ERROR] [org.betterx.worlds.together.util.Logger/]: [worlds_together] Error for jar:file:///C:/Users/LucaS/OneDrive/Desktop/Server-Modpack-1.20.1/mods/notenoughanimations-forge-1.10.1-mc1.20.1.jar: java.nio.file.NoSuchFileException: /fabric.mod.json
[19ago2025 19:08:16.165] [main/ERROR] [org.betterx.worlds.together.util.Logger/]: [worlds_together] Error for jar:file:///C:/Users/LucaS/OneDrive/Desktop/Server-Modpack-1.20.1/mods/oceansdelight-1.0.2-1.20.jar: java.nio.file.NoSuchFileException: /fabric.mod.json
[19ago2025 19:08:16.166] [main/ERROR] [org.betterx.worlds.together.util.Logger/]: [worlds_together] Error for jar:file:///C:/Users/LucaS/OneDrive/Desktop/Server-Modpack-1.20.1/mods/OverflowingBars-v8.0.1-1.20.1-Forge.jar: java.nio.file.NoSuchFileException: /fabric.mod.json
[19ago2025 19:08:16.170] [main/ERROR] [org.betterx.worlds.together.util.Logger/]: [worlds_together] Error for jar:file:///C:/Users/LucaS/OneDrive/Desktop/Server-Modpack-1.20.1/mods/palegarden-1.0.7-forge-1.20.1.jar: java.nio.file.NoSuchFileException: /fabric.mod.json
[19ago2025 19:08:16.173] [main/ERROR] [org.betterx.worlds.together.util.Logger/]: [worlds_together] Error for jar:file:///C:/Users/LucaS/OneDrive/Desktop/Server-Modpack-1.20.1/mods/Patchouli-1.20.1-84.1-FORGE.jar: java.nio.file.NoSuchFileException: /fabric.mod.json
[19ago2025 19:08:16.175] [main/ERROR] [org.betterx.worlds.together.util.Logger/]: [worlds_together] Error for jar:file:///C:/Users/LucaS/OneDrive/Desktop/Server-Modpack-1.20.1/mods/pet_cemetery-1.20.1-2.0.0.jar: java.nio.file.NoSuchFileException: /fabric.mod.json
[19ago2025 19:08:16.177] [main/ERROR] [org.betterx.worlds.together.util.Logger/]: [worlds_together] Error for jar:file:///C:/Users/LucaS/OneDrive/Desktop/Server-Modpack-1.20.1/mods/Ping-Wheel-1.10.3-forge-1.20.1.jar: java.nio.file.NoSuchFileException: /fabric.mod.json
[19ago2025 19:08:16.179] [main/ERROR] [org.betterx.worlds.together.util.Logger/]: [worlds_together] Error for jar:file:///C:/Users/LucaS/OneDrive/Desktop/Server-Modpack-1.20.1/mods/polymorph-forge-0.49.10+1.20.1.jar: java.nio.file.NoSuchFileException: /fabric.mod.json
[19ago2025 19:08:16.182] [main/ERROR] [org.betterx.worlds.together.util.Logger/]: [worlds_together] Error for jar:file:///C:/Users/LucaS/OneDrive/Desktop/Server-Modpack-1.20.1/mods/PuzzlesLib-v8.1.32-1.20.1-Forge.jar: java.nio.file.NoSuchFileException: /fabric.mod.json
[19ago2025 19:08:16.185] [main/ERROR] [org.betterx.worlds.together.util.Logger/]: [worlds_together] Error for jar:file:///C:/Users/LucaS/OneDrive/Desktop/Server-Modpack-1.20.1/mods/Quark-4.0-462.jar: java.nio.file.NoSuchFileException: /fabric.mod.json
[19ago2025 19:08:16.187] [main/ERROR] [org.betterx.worlds.together.util.Logger/]: [worlds_together] Error for jar:file:///C:/Users/LucaS/OneDrive/Desktop/Server-Modpack-1.20.1/mods/radium-mc1.20.1-0.12.4+git.26c9d8e.jar: java.nio.file.NoSuchFileException: /fabric.mod.json
[19ago2025 19:08:16.188] [main/ERROR] [org.betterx.worlds.together.util.Logger/]: [worlds_together] Error for jar:file:///C:/Users/LucaS/OneDrive/Desktop/Server-Modpack-1.20.1/mods/Raided-1.20.1-0.1.4.jar: java.nio.file.NoSuchFileException: /fabric.mod.json
[19ago2025 19:08:16.192] [main/ERROR] [org.betterx.worlds.together.util.Logger/]: [worlds_together] Error for jar:file:///C:/Users/LucaS/OneDrive/Desktop/Server-Modpack-1.20.1/mods/recipeessentials-1.20.1-4.0.jar: java.nio.file.NoSuchFileException: /fabric.mod.json
[19ago2025 19:08:16.193] [main/ERROR] [org.betterx.worlds.together.util.Logger/]: [worlds_together] Error for jar:file:///C:/Users/LucaS/OneDrive/Desktop/Server-Modpack-1.20.1/mods/redirected-forge-1.0.0-1.20.1.jar: java.nio.file.NoSuchFileException: /fabric.mod.json
[19ago2025 19:08:16.196] [main/ERROR] [org.betterx.worlds.together.util.Logger/]: [worlds_together] Error for jar:file:///C:/Users/LucaS/OneDrive/Desktop/Server-Modpack-1.20.1/mods/repurposed_structures-7.1.17+1.20.1-forge.jar: java.nio.file.NoSuchFileException: /fabric.mod.json
[19ago2025 19:08:16.198] [main/ERROR] [org.betterx.worlds.together.util.Logger/]: [worlds_together] Error for jar:file:///C:/Users/LucaS/OneDrive/Desktop/Server-Modpack-1.20.1/mods/resourcefulconfig-forge-1.20.1-2.1.3.jar: java.nio.file.NoSuchFileException: /fabric.mod.json
[19ago2025 19:08:16.200] [main/ERROR] [org.betterx.worlds.together.util.Logger/]: [worlds_together] Error for jar:file:///C:/Users/LucaS/OneDrive/Desktop/Server-Modpack-1.20.1/mods/resourcefullib-forge-1.20.1-2.1.29.jar: java.nio.file.NoSuchFileException: /fabric.mod.json
[19ago2025 19:08:16.202] [main/ERROR] [org.betterx.worlds.together.util.Logger/]: [worlds_together] Error for jar:file:///C:/Users/LucaS/OneDrive/Desktop/Server-Modpack-1.20.1/mods/ResourcePackOverrides-v8.0.3-1.20.1-Forge.jar: java.nio.file.NoSuchFileException: /fabric.mod.json
[19ago2025 19:08:16.204] [main/ERROR] [org.betterx.worlds.together.util.Logger/]: [worlds_together] Error for jar:file:///C:/Users/LucaS/OneDrive/Desktop/Server-Modpack-1.20.1/mods/revampedwolf-1.20.1-6.1.0.jar: java.nio.file.NoSuchFileException: /fabric.mod.json
[19ago2025 19:08:16.206] [main/ERROR] [org.betterx.worlds.together.util.Logger/]: [worlds_together] Error for jar:file:///C:/Users/LucaS/OneDrive/Desktop/Server-Modpack-1.20.1/mods/rhino-forge-2001.2.3-build.10.jar: java.nio.file.NoSuchFileException: /fabric.mod.json
[19ago2025 19:08:16.207] [main/ERROR] [org.betterx.worlds.together.util.Logger/]: [worlds_together] Error for jar:file:///C:/Users/LucaS/OneDrive/Desktop/Server-Modpack-1.20.1/mods/sawmill-1.20-1.4.7.jar: java.nio.file.NoSuchFileException: /fabric.mod.json
[19ago2025 19:08:16.210] [main/ERROR] [org.betterx.worlds.together.util.Logger/]: [worlds_together] Error for jar:file:///C:/Users/LucaS/OneDrive/Desktop/Server-Modpack-1.20.1/mods/Searchables-forge-1.20.1-1.0.3.jar: java.nio.file.NoSuchFileException: /fabric.mod.json
[19ago2025 19:08:16.212] [main/ERROR] [org.betterx.worlds.together.util.Logger/]: [worlds_together] Error for jar:file:///C:/Users/LucaS/OneDrive/Desktop/Server-Modpack-1.20.1/mods/SereneSeasons-forge-1.20.1-9.1.0.2.jar: java.nio.file.NoSuchFileException: /fabric.mod.json
[19ago2025 19:08:16.213] [main/ERROR] [org.betterx.worlds.together.util.Logger/]: [worlds_together] Error for jar:file:///C:/Users/LucaS/OneDrive/Desktop/Server-Modpack-1.20.1/mods/ShieldExpansion-1.20.1-1.2.2.jar: java.nio.file.NoSuchFileException: /fabric.mod.json
[19ago2025 19:08:16.215] [main/ERROR] [org.betterx.worlds.together.util.Logger/]: [worlds_together] Error for jar:file:///C:/Users/LucaS/OneDrive/Desktop/Server-Modpack-1.20.1/mods/SimpleStorageNetwork-1.20.1-1.12.2.jar: java.nio.file.NoSuchFileException: /fabric.mod.json
[19ago2025 19:08:16.217] [main/ERROR] [org.betterx.worlds.together.util.Logger/]: [worlds_together] Error for jar:file:///C:/Users/LucaS/OneDrive/Desktop/Server-Modpack-1.20.1/mods/simple_snowy_fix-forge-2.1.4.jar: java.nio.file.NoSuchFileException: /fabric.mod.json
[19ago2025 19:08:16.219] [main/ERROR] [org.betterx.worlds.together.util.Logger/]: [worlds_together] Error for jar:file:///C:/Users/LucaS/OneDrive/Desktop/Server-Modpack-1.20.1/mods/SkeletonAIFix-v20.1.1-1.20.1-Forge.jar: java.nio.file.NoSuchFileException: /fabric.mod.json
[19ago2025 19:08:16.222] [main/ERROR] [org.betterx.worlds.together.util.Logger/]: [worlds_together] Error for jar:file:///C:/Users/LucaS/OneDrive/Desktop/Server-Modpack-1.20.1/mods/skinlayers3d-forge-1.8.2-mc1.20.1.jar: java.nio.file.NoSuchFileException: /fabric.mod.json
[19ago2025 19:08:16.223] [main/ERROR] [org.betterx.worlds.together.util.Logger/]: [worlds_together] Error for jar:file:///C:/Users/LucaS/OneDrive/Desktop/Server-Modpack-1.20.1/mods/skinrestorer-2.4.2+1.20-forge.jar: java.nio.file.NoSuchFileException: /fabric.mod.json
[19ago2025 19:08:16.225] [main/ERROR] [org.betterx.worlds.together.util.Logger/]: [worlds_together] Error for jar:file:///C:/Users/LucaS/OneDrive/Desktop/Server-Modpack-1.20.1/mods/smarterfarmers-1.20-2.1.2.jar: java.nio.file.NoSuchFileException: /fabric.mod.json
[19ago2025 19:08:16.226] [main/ERROR] [org.betterx.worlds.together.util.Logger/]: [worlds_together] Error for jar:file:///C:/Users/LucaS/OneDrive/Desktop/Server-Modpack-1.20.1/mods/smoothchunk-1.20.1-4.1.jar: java.nio.file.NoSuchFileException: /fabric.mod.json
[19ago2025 19:08:16.228] [main/ERROR] [org.betterx.worlds.together.util.Logger/]: [worlds_together] Error for jar:file:///C:/Users/LucaS/OneDrive/Desktop/Server-Modpack-1.20.1/mods/SnowRealMagic-1.20.1-Forge-10.6.4.jar: java.nio.file.NoSuchFileException: /fabric.mod.json
[19ago2025 19:08:16.230] [main/ERROR] [org.betterx.worlds.together.util.Logger/]: [worlds_together] Error for jar:file:///C:/Users/LucaS/OneDrive/Desktop/Server-Modpack-1.20.1/mods/snowundertrees-1.20.1-1.4.12.jar: java.nio.file.NoSuchFileException: /fabric.mod.json
[19ago2025 19:08:16.232] [main/ERROR] [org.betterx.worlds.together.util.Logger/]: [worlds_together] Error for jar:file:///C:/Users/LucaS/OneDrive/Desktop/Server-Modpack-1.20.1/mods/sodiumdynamiclights-forge-1.0.10-1.20.1.jar: java.nio.file.NoSuchFileException: /fabric.mod.json
[19ago2025 19:08:16.234] [main/ERROR] [org.betterx.worlds.together.util.Logger/]: [worlds_together] Error for jar:file:///C:/Users/LucaS/OneDrive/Desktop/Server-Modpack-1.20.1/mods/sodiumoptionsapi-forge-1.0.10-1.20.1.jar: java.nio.file.NoSuchFileException: /fabric.mod.json
[19ago2025 19:08:16.236] [main/ERROR] [org.betterx.worlds.together.util.Logger/]: [worlds_together] Error for jar:file:///C:/Users/LucaS/OneDrive/Desktop/Server-Modpack-1.20.1/mods/sodiumoptionsmodcompat-forge-1.0.0-1.20.1.jar: java.nio.file.NoSuchFileException: /fabric.mod.json
[19ago2025 19:08:16.238] [main/ERROR] [org.betterx.worlds.together.util.Logger/]: [worlds_together] Error for jar:file:///C:/Users/LucaS/OneDrive/Desktop/Server-Modpack-1.20.1/mods/sound-physics-remastered-forge-1.20.1-1.4.10.jar: java.nio.file.NoSuchFileException: /fabric.mod.json
[19ago2025 19:08:16.240] [main/ERROR] [org.betterx.worlds.together.util.Logger/]: [worlds_together] Error for jar:file:///C:/Users/LucaS/OneDrive/Desktop/Server-Modpack-1.20.1/mods/spark-1.10.53-forge.jar: java.nio.file.NoSuchFileException: /fabric.mod.json
[19ago2025 19:08:16.242] [main/ERROR] [org.betterx.worlds.together.util.Logger/]: [worlds_together] Error for jar:file:///C:/Users/LucaS/OneDrive/Desktop/Server-Modpack-1.20.1/mods/sparsestructuresreforged-1.20.1-0.0.1.jar: java.nio.file.NoSuchFileException: /fabric.mod.json
[19ago2025 19:08:16.244] [main/ERROR] [org.betterx.worlds.together.util.Logger/]: [worlds_together] Error for jar:file:///C:/Users/LucaS/OneDrive/Desktop/Server-Modpack-1.20.1/mods/stalwart-dungeons-1.20.1-1.2.8.jar: java.nio.file.NoSuchFileException: /fabric.mod.json
[19ago2025 19:08:16.246] [main/ERROR] [org.betterx.worlds.together.util.Logger/]: [worlds_together] Error for jar:file:///C:/Users/LucaS/OneDrive/Desktop/Server-Modpack-1.20.1/mods/Stoneworks-v8.0.0-1.20.1-Forge.jar: java.nio.file.NoSuchFileException: /fabric.mod.json
[19ago2025 19:08:16.253] [main/ERROR] [org.betterx.worlds.together.util.Logger/]: [worlds_together] Error for jar:file:///C:/Users/LucaS/OneDrive/Desktop/Server-Modpack-1.20.1/mods/structureessentials-1.20.1-4.8.jar: java.nio.file.NoSuchFileException: /fabric.mod.json
[19ago2025 19:08:16.255] [main/ERROR] [org.betterx.worlds.together.util.Logger/]: [worlds_together] Error for jar:file:///C:/Users/LucaS/OneDrive/Desktop/Server-Modpack-1.20.1/mods/structure_gel-1.20.1-2.16.2.jar: java.nio.file.NoSuchFileException: /fabric.mod.json
[19ago2025 19:08:16.258] [main/ERROR] [org.betterx.worlds.together.util.Logger/]: [worlds_together] Error for jar:file:///C:/Users/LucaS/OneDrive/Desktop/Server-Modpack-1.20.1/mods/structure_layout_optimizer-forge-1.0.10.jar: java.nio.file.NoSuchFileException: /fabric.mod.json
[19ago2025 19:08:16.261] [main/ERROR] [org.betterx.worlds.together.util.Logger/]: [worlds_together] Error for jar:file:///C:/Users/LucaS/OneDrive/Desktop/Server-Modpack-1.20.1/mods/StylishEffects-v8.0.2-1.20.1-Forge.jar: java.nio.file.NoSuchFileException: /fabric.mod.json
[19ago2025 19:08:16.263] [main/ERROR] [org.betterx.worlds.together.util.Logger/]: [worlds_together] Error for jar:file:///C:/Users/LucaS/OneDrive/Desktop/Server-Modpack-1.20.1/mods/supplementaries-1.20-3.1.36.jar: java.nio.file.NoSuchFileException: /fabric.mod.json
[19ago2025 19:08:16.266] [main/ERROR] [org.betterx.worlds.together.util.Logger/]: [worlds_together] Error for jar:file:///C:/Users/LucaS/OneDrive/Desktop/Server-Modpack-1.20.1/mods/suppsquared-1.20-1.1.21.jar: java.nio.file.NoSuchFileException: /fabric.mod.json
[19ago2025 19:08:16.268] [main/ERROR] [org.betterx.worlds.together.util.Logger/]: [worlds_together] Error for jar:file:///C:/Users/LucaS/OneDrive/Desktop/Server-Modpack-1.20.1/mods/temporalapi-1.6.7.jar: java.nio.file.NoSuchFileException: /fabric.mod.json
[19ago2025 19:08:16.271] [main/ERROR] [org.betterx.worlds.together.util.Logger/]: [worlds_together] Error for jar:file:///C:/Users/LucaS/OneDrive/Desktop/Server-Modpack-1.20.1/mods/TerraBlender-forge-1.20.1-3.0.1.10.jar: java.nio.file.NoSuchFileException: /fabric.mod.json
[19ago2025 19:08:16.272] [main/ERROR] [org.betterx.worlds.together.util.Logger/]: [worlds_together] Error for jar:file:///C:/Users/LucaS/OneDrive/Desktop/Server-Modpack-1.20.1/mods/the-conjurer-1.20.1-1.1.6.jar: java.nio.file.NoSuchFileException: /fabric.mod.json
[19ago2025 19:08:16.274] [main/ERROR] [org.betterx.worlds.together.util.Logger/]: [worlds_together] Error for jar:file:///C:/Users/LucaS/OneDrive/Desktop/Server-Modpack-1.20.1/mods/ThinAir-v8.1.7-1.20.1-Forge.jar: java.nio.file.NoSuchFileException: /fabric.mod.json
[19ago2025 19:08:16.276] [main/ERROR] [org.betterx.worlds.together.util.Logger/]: [worlds_together] Error for jar:file:///C:/Users/LucaS/OneDrive/Desktop/Server-Modpack-1.20.1/mods/thinairastra-0.0.2.jar: java.nio.file.NoSuchFileException: /fabric.mod.json
[19ago2025 19:08:16.278] [main/ERROR] [org.betterx.worlds.together.util.Logger/]: [worlds_together] Error for jar:file:///C:/Users/LucaS/OneDrive/Desktop/Server-Modpack-1.20.1/mods/ToughAsNails-forge-1.20.1-9.2.0.171.jar: java.nio.file.NoSuchFileException: /fabric.mod.json
[19ago2025 19:08:16.282] [main/ERROR] [org.betterx.worlds.together.util.Logger/]: [worlds_together] Error for jar:file:///C:/Users/LucaS/OneDrive/Desktop/Server-Modpack-1.20.1/mods/TradingPost-v8.0.2-1.20.1-Forge.jar: java.nio.file.NoSuchFileException: /fabric.mod.json
[19ago2025 19:08:16.284] [main/ERROR] [org.betterx.worlds.together.util.Logger/]: [worlds_together] Error for jar:file:///C:/Users/LucaS/OneDrive/Desktop/Server-Modpack-1.20.1/mods/transparent-forge-8.0.1+1.20.1.jar: java.nio.file.NoSuchFileException: /fabric.mod.json
[19ago2025 19:08:16.286] [main/ERROR] [org.betterx.worlds.together.util.Logger/]: [worlds_together] Error for jar:file:///C:/Users/LucaS/OneDrive/Desktop/Server-Modpack-1.20.1/mods/Twigs-1.20.1-3.1.0.jar: java.nio.file.NoSuchFileException: /fabric.mod.json
[19ago2025 19:08:16.289] [main/ERROR] [org.betterx.worlds.together.util.Logger/]: [worlds_together] Error for jar:file:///C:/Users/LucaS/OneDrive/Desktop/Server-Modpack-1.20.1/mods/txnilib-forge-1.0.24-1.20.1.jar: java.nio.file.NoSuchFileException: /fabric.mod.json
[19ago2025 19:08:16.290] [main/ERROR] [org.betterx.worlds.together.util.Logger/]: [worlds_together] Error for jar:file:///C:/Users/LucaS/OneDrive/Desktop/Server-Modpack-1.20.1/mods/underlay-1.20.1-v0.9.4-f.jar: java.nio.file.NoSuchFileException: /fabric.mod.json
[19ago2025 19:08:16.292] [main/ERROR] [org.betterx.worlds.together.util.Logger/]: [worlds_together] Error for jar:file:///C:/Users/LucaS/OneDrive/Desktop/Server-Modpack-1.20.1/mods/VillagersPlus_3.1_(FORGE)_for_1.20.1.jar: java.nio.file.NoSuchFileException: /fabric.mod.json
[19ago2025 19:08:16.293] [main/ERROR] [org.betterx.worlds.together.util.Logger/]: [worlds_together] Error for jar:file:///C:/Users/LucaS/OneDrive/Desktop/Server-Modpack-1.20.1/mods/villagesandpillages-forge-mc1.20.1-1.0.2.jar: java.nio.file.NoSuchFileException: /fabric.mod.json
[19ago2025 19:08:16.296] [main/ERROR] [org.betterx.worlds.together.util.Logger/]: [worlds_together] Error for jar:file:///C:/Users/LucaS/OneDrive/Desktop/Server-Modpack-1.20.1/mods/visuality-forge-2.0.2.jar: java.nio.file.NoSuchFileException: /fabric.mod.json
[19ago2025 19:08:16.297] [main/ERROR] [org.betterx.worlds.together.util.Logger/]: [worlds_together] Error for jar:file:///C:/Users/LucaS/OneDrive/Desktop/Server-Modpack-1.20.1/mods/VisualWorkbench-v8.0.0-1.20.1-Forge.jar: java.nio.file.NoSuchFileException: /fabric.mod.json
[19ago2025 19:08:16.300] [main/ERROR] [org.betterx.worlds.together.util.Logger/]: [worlds_together] Error for jar:file:///C:/Users/LucaS/OneDrive/Desktop/Server-Modpack-1.20.1/mods/v_slab_compat-1.20-2.5.jar: java.nio.file.NoSuchFileException: /fabric.mod.json
[19ago2025 19:08:16.302] [main/ERROR] [org.betterx.worlds.together.util.Logger/]: [worlds_together] Error for jar:file:///C:/Users/LucaS/OneDrive/Desktop/Server-Modpack-1.20.1/mods/watut-forge-1.20.1-1.2.3.jar: java.nio.file.NoSuchFileException: /fabric.mod.json
[19ago2025 19:08:16.303] [main/ERROR] [org.betterx.worlds.together.util.Logger/]: [worlds_together] Error for jar:file:///C:/Users/LucaS/OneDrive/Desktop/Server-Modpack-1.20.1/mods/waystones-forge-1.20.1-14.1.15.jar: java.nio.file.NoSuchFileException: /fabric.mod.json
[19ago2025 19:08:16.305] [main/ERROR] [org.betterx.worlds.together.util.Logger/]: [worlds_together] Error for jar:file:///C:/Users/LucaS/OneDrive/Desktop/Server-Modpack-1.20.1/mods/whatareyouvotingfor2023-1.20.1-1.2.5.jar: java.nio.file.NoSuchFileException: /fabric.mod.json
[19ago2025 19:08:16.306] [main/ERROR] [org.betterx.worlds.together.util.Logger/]: [worlds_together] Error for jar:file:///C:/Users/LucaS/OneDrive/Desktop/Server-Modpack-1.20.1/mods/XaeroPlus-2.27.6+forge-1.20.1-WM1.39.12-MM25.2.10.jar: java.nio.file.NoSuchFileException: /fabric.mod.json
[19ago2025 19:08:16.308] [main/ERROR] [org.betterx.worlds.together.util.Logger/]: [worlds_together] Error for jar:file:///C:/Users/LucaS/OneDrive/Desktop/Server-Modpack-1.20.1/mods/XaerosWorldMap_1.39.12_Forge_1.20.jar: java.nio.file.NoSuchFileException: /fabric.mod.json
[19ago2025 19:08:16.311] [main/ERROR] [org.betterx.worlds.together.util.Logger/]: [worlds_together] Error for jar:file:///C:/Users/LucaS/OneDrive/Desktop/Server-Modpack-1.20.1/mods/Xaeros_Minimap_25.2.10_Forge_1.20.jar: java.nio.file.NoSuchFileException: /fabric.mod.json
[19ago2025 19:08:16.313] [main/ERROR] [org.betterx.worlds.together.util.Logger/]: [worlds_together] Error for jar:file:///C:/Users/LucaS/OneDrive/Desktop/Server-Modpack-1.20.1/mods/xenon-0.3.31+mc1.20.1.jar: java.nio.file.NoSuchFileException: /fabric.mod.json
[19ago2025 19:08:16.315] [main/ERROR] [org.betterx.worlds.together.util.Logger/]: [worlds_together] Error for jar:file:///C:/Users/LucaS/OneDrive/Desktop/Server-Modpack-1.20.1/mods/YungsApi-1.20-Forge-4.0.6.jar: java.nio.file.NoSuchFileException: /fabric.mod.json
[19ago2025 19:08:16.316] [main/ERROR] [org.betterx.worlds.together.util.Logger/]: [worlds_together] Error for jar:file:///C:/Users/LucaS/OneDrive/Desktop/Server-Modpack-1.20.1/mods/YungsBetterDungeons-1.20-Forge-4.0.4.jar: java.nio.file.NoSuchFileException: /fabric.mod.json
[19ago2025 19:08:16.319] [main/ERROR] [org.betterx.worlds.together.util.Logger/]: [worlds_together] Error for jar:file:///C:/Users/LucaS/OneDrive/Desktop/Server-Modpack-1.20.1/mods/YungsBetterEndIsland-1.20-Forge-2.0.6.jar: java.nio.file.NoSuchFileException: /fabric.mod.json
[19ago2025 19:08:16.321] [main/ERROR] [org.betterx.worlds.together.util.Logger/]: [worlds_together] Error for jar:file:///C:/Users/LucaS/OneDrive/Desktop/Server-Modpack-1.20.1/mods/YungsBetterJungleTemples-1.20-Forge-2.0.5.jar: java.nio.file.NoSuchFileException: /fabric.mod.json
[19ago2025 19:08:16.322] [main/ERROR] [org.betterx.worlds.together.util.Logger/]: [worlds_together] Error for jar:file:///C:/Users/LucaS/OneDrive/Desktop/Server-Modpack-1.20.1/mods/YungsBetterMineshafts-1.20-Forge-4.0.4.jar: java.nio.file.NoSuchFileException: /fabric.mod.json
[19ago2025 19:08:16.324] [main/ERROR] [org.betterx.worlds.together.util.Logger/]: [worlds_together] Error for jar:file:///C:/Users/LucaS/OneDrive/Desktop/Server-Modpack-1.20.1/mods/YungsBetterNetherFortresses-1.20-Forge-2.0.6.jar: java.nio.file.NoSuchFileException: /fabric.mod.json
[19ago2025 19:08:16.326] [main/ERROR] [org.betterx.worlds.together.util.Logger/]: [worlds_together] Error for jar:file:///C:/Users/LucaS/OneDrive/Desktop/Server-Modpack-1.20.1/mods/YungsBetterOceanMonuments-1.20-Forge-3.0.4.jar: java.nio.file.NoSuchFileException: /fabric.mod.json
[19ago2025 19:08:16.328] [main/ERROR] [org.betterx.worlds.together.util.Logger/]: [worlds_together] Error for jar:file:///C:/Users/LucaS/OneDrive/Desktop/Server-Modpack-1.20.1/mods/YungsBetterStrongholds-1.20-Forge-4.0.3.jar: java.nio.file.NoSuchFileException: /fabric.mod.json
[19ago2025 19:08:16.330] [main/ERROR] [org.betterx.worlds.together.util.Logger/]: [worlds_together] Error for jar:file:///C:/Users/LucaS/OneDrive/Desktop/Server-Modpack-1.20.1/mods/YungsBetterWitchHuts-1.20-Forge-3.0.3.jar: java.nio.file.NoSuchFileException: /fabric.mod.json
[19ago2025 19:08:16.332] [main/ERROR] [org.betterx.worlds.together.util.Logger/]: [worlds_together] Error for jar:file:///C:/Users/LucaS/OneDrive/Desktop/Server-Modpack-1.20.1/mods/YungsCaveBiomes-1.20.1-Forge-2.0.5.jar: java.nio.file.NoSuchFileException: /fabric.mod.json
[19ago2025 19:08:16.333] [main/ERROR] [org.betterx.worlds.together.util.Logger/]: [worlds_together] Error for jar:file:///C:/Users/LucaS/OneDrive/Desktop/Server-Modpack-1.20.1/mods/Zeta-1.0-30.jar: java.nio.file.NoSuchFileException: /fabric.mod.json
[19ago2025 19:08:16.335] [main/INFO] [org.betterx.worlds.together.util.Logger/]: [bclib] Updating Pickers for BCLib - Nether BiomeSource (3c567ae1)
[19ago2025 19:08:16.348] [main/INFO] [org.betterx.worlds.together.util.Logger/]: [bclib] Updating Pickers for BCLib - The End  BiomeSource (423a87cf)
[19ago2025 19:08:16.350] [main/WARN] [ModernFix/]: Initial datapack load took 6.830 s
[19ago2025 19:08:17.461] [Server thread/INFO] [net.minecraft.server.dedicated.DedicatedServer/]: Starting minecraft server version 1.20.1
[19ago2025 19:08:17.462] [Server thread/INFO] [net.minecraft.server.dedicated.DedicatedServer/]: Loading properties
[19ago2025 19:08:17.462] [Server thread/INFO] [net.minecraft.server.dedicated.DedicatedServer/]: Default game type: SURVIVAL
[19ago2025 19:08:17.462] [Server thread/INFO] [net.minecraft.server.MinecraftServer/]: Generating keypair
[19ago2025 19:08:17.495] [Server thread/INFO] [net.minecraft.server.dedicated.DedicatedServer/]: Starting Minecraft server on *:25565
[19ago2025 19:08:17.505] [Server thread/INFO] [net.minecraft.server.network.ServerConnectionListener/]: Using default channel type
[19ago2025 19:08:17.600] [Server thread/WARN] [net.minecraft.server.dedicated.DedicatedServer/]: **** SERVER IS RUNNING IN OFFLINE/INSECURE MODE!
[19ago2025 19:08:17.600] [Server thread/WARN] [net.minecraft.server.dedicated.DedicatedServer/]: The server will make no attempt to authenticate usernames. Beware.
[19ago2025 19:08:17.600] [Server thread/WARN] [net.minecraft.server.dedicated.DedicatedServer/]: While this makes the game possible to play without internet access, it also opens up the ability for hackers to connect with any username they choose.
[19ago2025 19:08:17.600] [Server thread/WARN] [net.minecraft.server.dedicated.DedicatedServer/]: To change this, set "online-mode" to "true" in the server.properties file.
[19ago2025 19:08:17.612] [Server thread/INFO] [org.betterx.worlds.together.util.Logger/]: [betternether] Freeze Registry[ResourceKey[minecraft:root / worlds_together:worldgen/betterx/surface_rules] (Stable)]
[19ago2025 19:08:17.619] [Server thread/INFO] [Puzzles Lib/]: Loading server config for leavesbegone
[19ago2025 19:08:17.622] [Server thread/INFO] [Puzzles Lib/]: Loading server config for easyanvils
[19ago2025 19:08:17.627] [Server thread/INFO] [Puzzles Lib/]: Loading server config for netherchested
[19ago2025 19:08:17.628] [Server thread/INFO] [Puzzles Lib/]: Loading server config for puzzlesapi
[19ago2025 19:08:17.636] [Server thread/INFO] [Puzzles Lib/]: Loading server config for illagerinvasion
[19ago2025 19:08:17.656] [Server thread/INFO] [Puzzles Lib/]: Loading server config for tradingpost
[19ago2025 19:08:17.659] [Server thread/INFO] [Puzzles Lib/]: Loading server config for easymagic
[19ago2025 19:08:17.661] [Server thread/INFO] [Puzzles Lib/]: Loading server config for skeletonaifix
[19ago2025 19:08:17.664] [Server thread/INFO] [Puzzles Lib/]: Loading server config for magnumtorch
[19ago2025 19:08:17.667] [Server thread/INFO] [Puzzles Lib/]: Loading server config for barteringstation
[19ago2025 19:08:17.672] [Server thread/INFO] [Puzzles Lib/]: Loading server config for thinair
[19ago2025 19:08:17.835] [Server thread/INFO] [FTB Teams/]: loaded team data: 7 known players, 8 teams total
[19ago2025 19:08:17.842] [Server thread/INFO] [Explorations/]: Config 'explorations.json' was successfully loaded.
[19ago2025 19:08:17.843] [Server thread/INFO] [Explorations/]: Added statues to vanilla villages
[19ago2025 19:08:17.912] [Server thread/INFO] [spark/]: Starting background profiler...
[19ago2025 19:08:17.920] [Server thread/INFO] [spark/]: The async-profiler engine is not supported for your os/arch (windows11/amd64), so the built-in Java engine will be used instead.
[19ago2025 19:08:18.007] [Server thread/INFO] [Sawmill/]: Injecting Carpenter Village Houses
[19ago2025 19:08:18.146] [Server thread/INFO] [zeta/]: Server starting, accepting filewatcher changes for zeta's config
[19ago2025 19:08:18.148] [Server thread/INFO] [Framework/]: Loading server configs...
[19ago2025 19:08:18.155] [Server thread/INFO] [quark-zeta/]: Server starting, accepting filewatcher changes for quark's config
[19ago2025 19:08:18.723] [Server thread/INFO] [terrablender/]: Initialized TerraBlender biomes for level stem minecraft:overworld
[19ago2025 19:08:18.726] [Server thread/INFO] [net.minecraft.server.dedicated.DedicatedServer/]: Preparing level "world"
[19ago2025 19:08:18.743] [Server thread/INFO] [Forgery/]: Loading of features.ini done in 4.415 ms with 0 warnings
[19ago2025 19:08:18.750] [Server thread/INFO] [org.betterx.worlds.together.util.Logger/]: [bclib] 
Apply Modifications for adastraextra:deimos_orbit
    FixedBiomeSource (51e019ca)
        biomes     = 1
        namespaces = ad_astra(1)
[19ago2025 19:08:18.751] [Server thread/INFO] [org.betterx.worlds.together.util.Logger/]: [bclib] 
Apply Modifications for ad_astra:glacio
    MultiNoiseBiomeSource (159c445e)
        biomes     = 2
        namespaces = ad_astra(2)
[19ago2025 19:08:18.752] [Server thread/INFO] [org.betterx.worlds.together.util.Logger/]: [bclib] 
Apply Modifications for ad_astra:mercury
    MultiNoiseBiomeSource (6d3c65bc)
        biomes     = 1
        namespaces = ad_astra(1)
[19ago2025 19:08:18.752] [Server thread/INFO] [org.betterx.worlds.together.util.Logger/]: [bclib] 
Apply Modifications for ad_astra:moon
    FixedBiomeSource (3d8e9690)
        biomes     = 1
        namespaces = ad_astra(1)
[19ago2025 19:08:18.752] [Server thread/INFO] [org.betterx.worlds.together.util.Logger/]: [bclib] 
Apply Modifications for adastraextra:adrastea_orbit
    FixedBiomeSource (6e24a030)
        biomes     = 1
        namespaces = ad_astra(1)
[19ago2025 19:08:18.752] [Server thread/INFO] [org.betterx.worlds.together.util.Logger/]: [bclib] 
Apply Modifications for ad_astra:moon_orbit
    FixedBiomeSource (51cf6952)
        biomes     = 1
        namespaces = ad_astra(1)
[19ago2025 19:08:18.752] [Server thread/INFO] [org.betterx.worlds.together.util.Logger/]: [bclib] 
Apply Modifications for ad_astra:venus
    MultiNoiseBiomeSource (23e3c82c)
        biomes     = 2
        namespaces = ad_astra(2)
[19ago2025 19:08:18.752] [Server thread/INFO] [org.betterx.worlds.together.util.Logger/]: [bclib] 
Apply Modifications for adastraextra:saturn_orbit
    FixedBiomeSource (733c7f54)
        biomes     = 1
        namespaces = ad_astra(1)
[19ago2025 19:08:18.752] [Server thread/INFO] [org.betterx.worlds.together.util.Logger/]: [bclib] 
Apply Modifications for ad_astra:glacio_orbit
    FixedBiomeSource (48a9d194)
        biomes     = 1
        namespaces = ad_astra(1)
[19ago2025 19:08:18.752] [Server thread/INFO] [org.betterx.worlds.together.util.Logger/]: [bclib] 
Apply Modifications for ad_astra:mercury_orbit
    FixedBiomeSource (19eb6590)
        biomes     = 1
        namespaces = ad_astra(1)
[19ago2025 19:08:18.753] [Server thread/INFO] [org.betterx.worlds.together.util.Logger/]: [bclib] 
Apply Modifications for adastraextra:metis_orbit
    FixedBiomeSource (5c10575d)
        biomes     = 1
        namespaces = ad_astra(1)
[19ago2025 19:08:18.753] [Server thread/INFO] [org.betterx.worlds.together.util.Logger/]: [bclib] 
Apply Modifications for adastraextra:jupiter_orbit
    FixedBiomeSource (7c23a05f)
        biomes     = 1
        namespaces = ad_astra(1)
[19ago2025 19:08:18.753] [Server thread/INFO] [org.betterx.worlds.together.util.Logger/]: [bclib] 
Apply Modifications for adastraextra:thebe
    MultiNoiseBiomeSource (60e121ed)
        biomes     = 1
        namespaces = adastraextra(1)
[19ago2025 19:08:18.753] [Server thread/INFO] [org.betterx.worlds.together.util.Logger/]: [bclib] 
Apply Modifications for ad_astra:earth_orbit
    FixedBiomeSource (b22a531)
        biomes     = 1
        namespaces = ad_astra(1)
[19ago2025 19:08:18.753] [Server thread/INFO] [org.betterx.worlds.together.util.Logger/]: [bclib] 
Apply Modifications for adastraextra:phobos_orbit
    FixedBiomeSource (75394070)
        biomes     = 1
        namespaces = ad_astra(1)
[19ago2025 19:08:18.754] [Server thread/INFO] [org.betterx.worlds.together.util.Logger/]: [bclib] 
Apply Modifications for minecraft:the_nether
    ModdedBiomeSource (17b98185)
        biomes     = 32
        namespaces = betternether(22), biomesoplenty(5), minecraft(5)
[19ago2025 19:08:18.757] [Server thread/INFO] [org.betterx.worlds.together.util.Logger/]: [bclib] 
Apply Modifications for minecraft:overworld
    ModdedBiomeSource (72a50d7)
        biomes     = 124
        namespaces = minecraft(53), climaterivers(3), galosphere(3), palegarden(1), biomesoplenty(61), yungscavebiomes(2), quark(1)
[19ago2025 19:08:18.757] [Server thread/INFO] [org.betterx.worlds.together.util.Logger/]: [bclib] 
Apply Modifications for adastraextra:saturn
    MultiNoiseBiomeSource (209e6729)
        biomes     = 1
        namespaces = adastraextra(1)
[19ago2025 19:08:18.758] [Server thread/INFO] [org.betterx.worlds.together.util.Logger/]: [bclib] 
Apply Modifications for adastraextra:phobos
    MultiNoiseBiomeSource (1ebd0b73)
        biomes     = 1
        namespaces = adastraextra(1)
[19ago2025 19:08:18.759] [Server thread/INFO] [org.betterx.worlds.together.util.Logger/]: [bclib] 
Apply Modifications for adastraextra:amalthea
    MultiNoiseBiomeSource (61e4c243)
        biomes     = 1
        namespaces = adastraextra(1)
[19ago2025 19:08:18.760] [Server thread/INFO] [org.betterx.worlds.together.util.Logger/]: [bclib] 
Apply Modifications for ad_astra:venus_orbit
    FixedBiomeSource (7e682952)
        biomes     = 1
        namespaces = ad_astra(1)
[19ago2025 19:08:18.760] [Server thread/INFO] [org.betterx.worlds.together.util.Logger/]: [bclib] 
Apply Modifications for ad_astra:mars_orbit
    FixedBiomeSource (9191720)
        biomes     = 1
        namespaces = ad_astra(1)
[19ago2025 19:08:18.760] [Server thread/INFO] [org.betterx.worlds.together.util.Logger/]: [bclib] 
Apply Modifications for minecraft:the_end
    ModdedBiomeSource (7cdbb588)
        biomes     = 26
        namespaces = betterend(19), eldritch_end(2), minecraft(5)
[19ago2025 19:08:18.769] [Server thread/INFO] [org.betterx.worlds.together.util.Logger/]: [bclib] 
Apply Modifications for adastraextra:adrastea
    MultiNoiseBiomeSource (328e6ae7)
        biomes     = 1
        namespaces = adastraextra(1)
[19ago2025 19:08:18.769] [Server thread/INFO] [org.betterx.worlds.together.util.Logger/]: [bclib] 
Apply Modifications for adastraextra:amalthea_orbit
    FixedBiomeSource (61dceeaf)
        biomes     = 1
        namespaces = ad_astra(1)
[19ago2025 19:08:18.769] [Server thread/INFO] [org.betterx.worlds.together.util.Logger/]: [bclib] 
Apply Modifications for adastraextra:jupiter
    MultiNoiseBiomeSource (2d3b2d33)
        biomes     = 1
        namespaces = adastraextra(1)
[19ago2025 19:08:18.770] [Server thread/INFO] [org.betterx.worlds.together.util.Logger/]: [bclib] 
Apply Modifications for ad_astra:mars
    MultiNoiseBiomeSource (382b40d2)
        biomes     = 3
        namespaces = ad_astra(3)
[19ago2025 19:08:18.770] [Server thread/INFO] [org.betterx.worlds.together.util.Logger/]: [bclib] 
Apply Modifications for adastraextra:neptune_orbit
    FixedBiomeSource (3d0769cc)
        biomes     = 1
        namespaces = ad_astra(1)
[19ago2025 19:08:18.770] [Server thread/INFO] [org.betterx.worlds.together.util.Logger/]: [bclib] 
Apply Modifications for adastraextra:neptune
    MultiNoiseBiomeSource (421072fe)
        biomes     = 1
        namespaces = adastraextra(1)
[19ago2025 19:08:18.770] [Server thread/INFO] [org.betterx.worlds.together.util.Logger/]: [bclib] 
Apply Modifications for deeperdarker:otherside
    MultiNoiseBiomeSource (100d709)
        biomes     = 4
        namespaces = deeperdarker(4)
[19ago2025 19:08:18.770] [Server thread/INFO] [org.betterx.worlds.together.util.Logger/]: [bclib] 
Apply Modifications for adastraextra:metis
    MultiNoiseBiomeSource (1c9afa2a)
        biomes     = 1
        namespaces = adastraextra(1)
[19ago2025 19:08:18.770] [Server thread/INFO] [org.betterx.worlds.together.util.Logger/]: [bclib] 
Apply Modifications for adastraextra:thebe_orbit
    FixedBiomeSource (60a89b57)
        biomes     = 1
        namespaces = ad_astra(1)
[19ago2025 19:08:18.770] [Server thread/INFO] [org.betterx.worlds.together.util.Logger/]: [bclib] 
Apply Modifications for adastraextra:uranus
    MultiNoiseBiomeSource (11e90aee)
        biomes     = 2
        namespaces = adastraextra(2)
[19ago2025 19:08:18.770] [Server thread/INFO] [org.betterx.worlds.together.util.Logger/]: [bclib] 
Apply Modifications for adastraextra:uranus_orbit
    FixedBiomeSource (6ff37e58)
        biomes     = 1
        namespaces = ad_astra(1)
[19ago2025 19:08:18.770] [Server thread/INFO] [org.betterx.worlds.together.util.Logger/]: [bclib] 
Apply Modifications for adastraextra:deimos
    MultiNoiseBiomeSource (23e928b8)
        biomes     = 1
        namespaces = adastraextra(1)
[19ago2025 19:08:18.770] [Server thread/INFO] [org.betterx.worlds.together.util.Logger/]: [bclib] World Dimensions: 
 - adastraextra:deimos_orbit: 
     net.minecraft.world.level.levelgen.NoiseBasedChunkGenerator@54f118 
     FixedBiomeSource (51e019ca)
         biomes     = 1
         namespaces = ad_astra(1)
 - ad_astra:glacio: 
     net.minecraft.world.level.levelgen.NoiseBasedChunkGenerator@4463316e 
     MultiNoiseBiomeSource (159c445e)
         biomes     = 2
         namespaces = ad_astra(2)
 - ad_astra:mercury: 
     net.minecraft.world.level.levelgen.NoiseBasedChunkGenerator@4a479532 
     MultiNoiseBiomeSource (6d3c65bc)
         biomes     = 1
         namespaces = ad_astra(1)
 - ad_astra:moon: 
     net.minecraft.world.level.levelgen.NoiseBasedChunkGenerator@603b380e 
     FixedBiomeSource (3d8e9690)
         biomes     = 1
         namespaces = ad_astra(1)
 - adastraextra:adrastea_orbit: 
     net.minecraft.world.level.levelgen.NoiseBasedChunkGenerator@18bc46c3 
     FixedBiomeSource (6e24a030)
         biomes     = 1
         namespaces = ad_astra(1)
 - ad_astra:moon_orbit: 
     net.minecraft.world.level.levelgen.NoiseBasedChunkGenerator@688dd02d 
     FixedBiomeSource (51cf6952)
         biomes     = 1
         namespaces = ad_astra(1)
 - ad_astra:venus: 
     net.minecraft.world.level.levelgen.NoiseBasedChunkGenerator@599308cd 
     MultiNoiseBiomeSource (23e3c82c)
         biomes     = 2
         namespaces = ad_astra(2)
 - adastraextra:saturn_orbit: 
     net.minecraft.world.level.levelgen.NoiseBasedChunkGenerator@75b6c5a6 
     FixedBiomeSource (733c7f54)
         biomes     = 1
         namespaces = ad_astra(1)
 - ad_astra:glacio_orbit: 
     net.minecraft.world.level.levelgen.NoiseBasedChunkGenerator@9bd6d2c 
     FixedBiomeSource (48a9d194)
         biomes     = 1
         namespaces = ad_astra(1)
 - ad_astra:mercury_orbit: 
     net.minecraft.world.level.levelgen.NoiseBasedChunkGenerator@5a3308fe 
     FixedBiomeSource (19eb6590)
         biomes     = 1
         namespaces = ad_astra(1)
 - adastraextra:metis_orbit: 
     net.minecraft.world.level.levelgen.NoiseBasedChunkGenerator@3ea685fe 
     FixedBiomeSource (5c10575d)
         biomes     = 1
         namespaces = ad_astra(1)
 - adastraextra:jupiter_orbit: 
     net.minecraft.world.level.levelgen.NoiseBasedChunkGenerator@3e9523dd 
     FixedBiomeSource (7c23a05f)
         biomes     = 1
         namespaces = ad_astra(1)
 - adastraextra:thebe: 
     net.minecraft.world.level.levelgen.NoiseBasedChunkGenerator@6a62d17a 
     MultiNoiseBiomeSource (60e121ed)
         biomes     = 1
         namespaces = adastraextra(1)
 - ad_astra:earth_orbit: 
     net.minecraft.world.level.levelgen.NoiseBasedChunkGenerator@1cbee443 
     FixedBiomeSource (b22a531)
         biomes     = 1
         namespaces = ad_astra(1)
 - adastraextra:phobos_orbit: 
     net.minecraft.world.level.levelgen.NoiseBasedChunkGenerator@9aca6ac 
     FixedBiomeSource (75394070)
         biomes     = 1
         namespaces = ad_astra(1)
 - minecraft:the_nether: 
     BCLib - Chunk Generator (4515d48a) 
     ModdedBiomeSource (17b98185)
         biomes     = 32
         namespaces = betternether(22), biomesoplenty(5), minecraft(5)
 - minecraft:overworld: 
     net.minecraft.world.level.levelgen.NoiseBasedChunkGenerator@5baef5f6 
     ModdedBiomeSource (72a50d7)
         biomes     = 124
         namespaces = minecraft(53), climaterivers(3), galosphere(3), palegarden(1), biomesoplenty(61), yungscavebiomes(2), quark(1)
 - adastraextra:saturn: 
     net.minecraft.world.level.levelgen.NoiseBasedChunkGenerator@4bc45634 
     MultiNoiseBiomeSource (209e6729)
         biomes     = 1
         namespaces = adastraextra(1)
 - adastraextra:phobos: 
     net.minecraft.world.level.levelgen.NoiseBasedChunkGenerator@32904c17 
     MultiNoiseBiomeSource (1ebd0b73)
         biomes     = 1
         namespaces = adastraextra(1)
 - adastraextra:amalthea: 
     net.minecraft.world.level.levelgen.NoiseBasedChunkGenerator@8785dbd 
     MultiNoiseBiomeSource (61e4c243)
         biomes     = 1
         namespaces = adastraextra(1)
 - ad_astra:venus_orbit: 
     net.minecraft.world.level.levelgen.NoiseBasedChunkGenerator@4e28327c 
     FixedBiomeSource (7e682952)
         biomes     = 1
         namespaces = ad_astra(1)
 - ad_astra:mars_orbit: 
     net.minecraft.world.level.levelgen.NoiseBasedChunkGenerator@4346260b 
     FixedBiomeSource (9191720)
         biomes     = 1
         namespaces = ad_astra(1)
 - minecraft:the_end: 
     BCLib - Chunk Generator (736fc3bd) 
     ModdedBiomeSource (7cdbb588)
         biomes     = 26
         namespaces = betterend(19), eldritch_end(2), minecraft(5)
 - adastraextra:adrastea: 
     net.minecraft.world.level.levelgen.NoiseBasedChunkGenerator@408a74c3 
     MultiNoiseBiomeSource (328e6ae7)
         biomes     = 1
         namespaces = adastraextra(1)
 - adastraextra:amalthea_orbit: 
     net.minecraft.world.level.levelgen.NoiseBasedChunkGenerator@6c23ab02 
     FixedBiomeSource (61dceeaf)
         biomes     = 1
         namespaces = ad_astra(1)
 - adastraextra:jupiter: 
     net.minecraft.world.level.levelgen.NoiseBasedChunkGenerator@3e84783b 
     MultiNoiseBiomeSource (2d3b2d33)
         biomes     = 1
         namespaces = adastraextra(1)
 - ad_astra:mars: 
     net.minecraft.world.level.levelgen.NoiseBasedChunkGenerator@4921876e 
     MultiNoiseBiomeSource (382b40d2)
         biomes     = 3
         namespaces = ad_astra(3)
 - adastraextra:neptune_orbit: 
     net.minecraft.world.level.levelgen.NoiseBasedChunkGenerator@205f8bf7 
     FixedBiomeSource (3d0769cc)
         biomes     = 1
         namespaces = ad_astra(1)
 - adastraextra:neptune: 
     net.minecraft.world.level.levelgen.NoiseBasedChunkGenerator@74f9725 
     MultiNoiseBiomeSource (421072fe)
         biomes     = 1
         namespaces = adastraextra(1)
 - deeperdarker:otherside: 
     net.minecraft.world.level.levelgen.NoiseBasedChunkGenerator@5ddce4ed 
     MultiNoiseBiomeSource (100d709)
         biomes     = 4
         namespaces = deeperdarker(4)
 - adastraextra:metis: 
     net.minecraft.world.level.levelgen.NoiseBasedChunkGenerator@6717b023 
     MultiNoiseBiomeSource (1c9afa2a)
         biomes     = 1
         namespaces = adastraextra(1)
 - adastraextra:thebe_orbit: 
     net.minecraft.world.level.levelgen.NoiseBasedChunkGenerator@5a69e023 
     FixedBiomeSource (60a89b57)
         biomes     = 1
         namespaces = ad_astra(1)
 - adastraextra:uranus: 
     net.minecraft.world.level.levelgen.NoiseBasedChunkGenerator@4ba52658 
     MultiNoiseBiomeSource (11e90aee)
         biomes     = 2
         namespaces = adastraextra(2)
 - adastraextra:uranus_orbit: 
     net.minecraft.world.level.levelgen.NoiseBasedChunkGenerator@7a8ee37d 
     FixedBiomeSource (6ff37e58)
         biomes     = 1
         namespaces = ad_astra(1)
 - adastraextra:deimos: 
     net.minecraft.world.level.levelgen.NoiseBasedChunkGenerator@411c4d7b 
     MultiNoiseBiomeSource (23e928b8)
         biomes     = 1
         namespaces = adastraextra(1)
[19ago2025 19:08:18.776] [Server thread/INFO] [org.betterx.worlds.together.util.Logger/]: [bclib] Merged 22 additional Surface Rules for 
ModdedBiomeSource (17b98185)
    biomes     = 32
    namespaces = betternether(22), biomesoplenty(5), minecraft(5) => 74
[19ago2025 19:08:18.778] [Server thread/INFO] [org.betterx.worlds.together.util.Logger/]: [bclib] Merged 19 additional Surface Rules for 
ModdedBiomeSource (7cdbb588)
    biomes     = 26
    namespaces = betterend(19), eldritch_end(2), minecraft(5) => 20
[19ago2025 19:08:19.056] [Server thread/ERROR] [net.minecraftforge.fml.loading.RuntimeDistCleaner/DISTXFORM]: Attempted to load class net/minecraft/client/renderer/block/model/BlockModel for invalid dist DEDICATED_SERVER
[19ago2025 19:08:19.057] [Server thread/WARN] [Radium Class Analysis/]: Radium Class Analysis Error: Class org.betterx.bclib.blocks.BaseBlock cannot be analysed, because getting declared methods crashes with RuntimeException: Attempted to load class net/minecraft/client/renderer/block/model/BlockModel for invalid dist DEDICATED_SERVER. This is usually caused by modded entities declaring methods that have a return type or parameter type that is annotated with @OnlyIn(Dist.CLIENT). Loading the type is not possible, because it only exists in the CLIENT environment. The recommended fix is to annotate the method with this argument or return type with the same annotation. Lithium handles this error by assuming the class cannot be included in some optimizations.
[19ago2025 19:08:19.061] [Server thread/ERROR] [net.minecraftforge.fml.loading.RuntimeDistCleaner/DISTXFORM]: Attempted to load class net/minecraft/client/renderer/block/model/BlockModel for invalid dist DEDICATED_SERVER
[19ago2025 19:08:19.062] [Server thread/WARN] [Radium Class Analysis/]: Radium Class Analysis Error: Class org.betterx.bclib.blocks.BaseBlock cannot be analysed, because getting declared methods crashes with RuntimeException: Attempted to load class net/minecraft/client/renderer/block/model/BlockModel for invalid dist DEDICATED_SERVER. This is usually caused by modded entities declaring methods that have a return type or parameter type that is annotated with @OnlyIn(Dist.CLIENT). Loading the type is not possible, because it only exists in the CLIENT environment. The recommended fix is to annotate the method with this argument or return type with the same annotation. Lithium handles this error by assuming the class cannot be included in some optimizations.
[19ago2025 19:08:19.072] [Server thread/ERROR] [net.minecraftforge.fml.loading.RuntimeDistCleaner/DISTXFORM]: Attempted to load class net/minecraft/client/renderer/block/model/BlockModel for invalid dist DEDICATED_SERVER
[19ago2025 19:08:19.072] [Server thread/WARN] [Radium Class Analysis/]: Radium Class Analysis Error: Class org.betterx.bclib.blocks.BaseBlock cannot be analysed, because getting declared methods crashes with RuntimeException: Attempted to load class net/minecraft/client/renderer/block/model/BlockModel for invalid dist DEDICATED_SERVER. This is usually caused by modded entities declaring methods that have a return type or parameter type that is annotated with @OnlyIn(Dist.CLIENT). Loading the type is not possible, because it only exists in the CLIENT environment. The recommended fix is to annotate the method with this argument or return type with the same annotation. Lithium handles this error by assuming the class cannot be included in some optimizations.
[19ago2025 19:08:19.082] [Server thread/ERROR] [net.minecraftforge.fml.loading.RuntimeDistCleaner/DISTXFORM]: Attempted to load class net/minecraft/client/renderer/block/model/BlockModel for invalid dist DEDICATED_SERVER
[19ago2025 19:08:19.082] [Server thread/WARN] [Radium Class Analysis/]: Radium Class Analysis Error: Class org.betterx.bclib.blocks.BaseBlock cannot be analysed, because getting declared methods crashes with RuntimeException: Attempted to load class net/minecraft/client/renderer/block/model/BlockModel for invalid dist DEDICATED_SERVER. This is usually caused by modded entities declaring methods that have a return type or parameter type that is annotated with @OnlyIn(Dist.CLIENT). Loading the type is not possible, because it only exists in the CLIENT environment. The recommended fix is to annotate the method with this argument or return type with the same annotation. Lithium handles this error by assuming the class cannot be included in some optimizations.
[19ago2025 19:08:19.083] [Server thread/ERROR] [net.minecraftforge.fml.loading.RuntimeDistCleaner/DISTXFORM]: Attempted to load class net/minecraft/client/renderer/block/model/BlockModel for invalid dist DEDICATED_SERVER
[19ago2025 19:08:19.084] [Server thread/WARN] [Radium Class Analysis/]: Radium Class Analysis Error: Class org.betterx.bclib.blocks.BaseBlock cannot be analysed, because getting declared methods crashes with RuntimeException: Attempted to load class net/minecraft/client/renderer/block/model/BlockModel for invalid dist DEDICATED_SERVER. This is usually caused by modded entities declaring methods that have a return type or parameter type that is annotated with @OnlyIn(Dist.CLIENT). Loading the type is not possible, because it only exists in the CLIENT environment. The recommended fix is to annotate the method with this argument or return type with the same annotation. Lithium handles this error by assuming the class cannot be included in some optimizations.
[19ago2025 19:08:19.093] [Server thread/ERROR] [net.minecraftforge.fml.loading.RuntimeDistCleaner/DISTXFORM]: Attempted to load class net/minecraft/client/renderer/block/model/BlockModel for invalid dist DEDICATED_SERVER
[19ago2025 19:08:19.093] [Server thread/WARN] [Radium Class Analysis/]: Radium Class Analysis Error: Class org.betterx.bclib.blocks.BaseBlock cannot be analysed, because getting declared methods crashes with RuntimeException: Attempted to load class net/minecraft/client/renderer/block/model/BlockModel for invalid dist DEDICATED_SERVER. This is usually caused by modded entities declaring methods that have a return type or parameter type that is annotated with @OnlyIn(Dist.CLIENT). Loading the type is not possible, because it only exists in the CLIENT environment. The recommended fix is to annotate the method with this argument or return type with the same annotation. Lithium handles this error by assuming the class cannot be included in some optimizations.
[19ago2025 19:08:19.094] [Server thread/ERROR] [net.minecraftforge.fml.loading.RuntimeDistCleaner/DISTXFORM]: Attempted to load class net/minecraft/client/renderer/block/model/BlockModel for invalid dist DEDICATED_SERVER
[19ago2025 19:08:19.094] [Server thread/WARN] [Radium Class Analysis/]: Radium Class Analysis Error: Class org.betterx.bclib.blocks.BaseBlock cannot be analysed, because getting declared methods crashes with RuntimeException: Attempted to load class net/minecraft/client/renderer/block/model/BlockModel for invalid dist DEDICATED_SERVER. This is usually caused by modded entities declaring methods that have a return type or parameter type that is annotated with @OnlyIn(Dist.CLIENT). Loading the type is not possible, because it only exists in the CLIENT environment. The recommended fix is to annotate the method with this argument or return type with the same annotation. Lithium handles this error by assuming the class cannot be included in some optimizations.
[19ago2025 19:08:19.105] [Server thread/ERROR] [net.minecraftforge.fml.loading.RuntimeDistCleaner/DISTXFORM]: Attempted to load class net/minecraft/client/renderer/block/model/BlockModel for invalid dist DEDICATED_SERVER
[19ago2025 19:08:19.105] [Server thread/WARN] [Radium Class Analysis/]: Radium Class Analysis Error: Class org.betterx.bclib.blocks.BaseBlock cannot be analysed, because getting declared methods crashes with RuntimeException: Attempted to load class net/minecraft/client/renderer/block/model/BlockModel for invalid dist DEDICATED_SERVER. This is usually caused by modded entities declaring methods that have a return type or parameter type that is annotated with @OnlyIn(Dist.CLIENT). Loading the type is not possible, because it only exists in the CLIENT environment. The recommended fix is to annotate the method with this argument or return type with the same annotation. Lithium handles this error by assuming the class cannot be included in some optimizations.
[19ago2025 19:08:19.118] [Server thread/ERROR] [net.minecraftforge.fml.loading.RuntimeDistCleaner/DISTXFORM]: Attempted to load class net/minecraft/client/renderer/block/model/BlockModel for invalid dist DEDICATED_SERVER
[19ago2025 19:08:19.118] [Server thread/WARN] [Radium Class Analysis/]: Radium Class Analysis Error: Class org.betterx.bclib.blocks.BaseBlock cannot be analysed, because getting declared methods crashes with RuntimeException: Attempted to load class net/minecraft/client/renderer/block/model/BlockModel for invalid dist DEDICATED_SERVER. This is usually caused by modded entities declaring methods that have a return type or parameter type that is annotated with @OnlyIn(Dist.CLIENT). Loading the type is not possible, because it only exists in the CLIENT environment. The recommended fix is to annotate the method with this argument or return type with the same annotation. Lithium handles this error by assuming the class cannot be included in some optimizations.
[19ago2025 19:08:19.129] [Server thread/ERROR] [net.minecraftforge.fml.loading.RuntimeDistCleaner/DISTXFORM]: Attempted to load class net/minecraft/client/renderer/block/model/BlockModel for invalid dist DEDICATED_SERVER
[19ago2025 19:08:19.130] [Server thread/WARN] [Radium Class Analysis/]: Radium Class Analysis Error: Class org.betterx.bclib.blocks.BaseBlock cannot be analysed, because getting declared methods crashes with RuntimeException: Attempted to load class net/minecraft/client/renderer/block/model/BlockModel for invalid dist DEDICATED_SERVER. This is usually caused by modded entities declaring methods that have a return type or parameter type that is annotated with @OnlyIn(Dist.CLIENT). Loading the type is not possible, because it only exists in the CLIENT environment. The recommended fix is to annotate the method with this argument or return type with the same annotation. Lithium handles this error by assuming the class cannot be included in some optimizations.
[19ago2025 19:08:19.148] [Server thread/ERROR] [net.minecraftforge.fml.loading.RuntimeDistCleaner/DISTXFORM]: Attempted to load class net/minecraft/client/renderer/block/model/BlockModel for invalid dist DEDICATED_SERVER
[19ago2025 19:08:19.148] [Server thread/WARN] [Radium Class Analysis/]: Radium Class Analysis Error: Class org.betterx.bclib.blocks.BaseBlock cannot be analysed, because getting declared methods crashes with RuntimeException: Attempted to load class net/minecraft/client/renderer/block/model/BlockModel for invalid dist DEDICATED_SERVER. This is usually caused by modded entities declaring methods that have a return type or parameter type that is annotated with @OnlyIn(Dist.CLIENT). Loading the type is not possible, because it only exists in the CLIENT environment. The recommended fix is to annotate the method with this argument or return type with the same annotation. Lithium handles this error by assuming the class cannot be included in some optimizations.
[19ago2025 19:08:19.158] [Server thread/ERROR] [net.minecraftforge.fml.loading.RuntimeDistCleaner/DISTXFORM]: Attempted to load class net/minecraft/client/renderer/block/model/BlockModel for invalid dist DEDICATED_SERVER
[19ago2025 19:08:19.158] [Server thread/WARN] [Radium Class Analysis/]: Radium Class Analysis Error: Class org.betterx.bclib.blocks.BaseBlock cannot be analysed, because getting declared methods crashes with RuntimeException: Attempted to load class net/minecraft/client/renderer/block/model/BlockModel for invalid dist DEDICATED_SERVER. This is usually caused by modded entities declaring methods that have a return type or parameter type that is annotated with @OnlyIn(Dist.CLIENT). Loading the type is not possible, because it only exists in the CLIENT environment. The recommended fix is to annotate the method with this argument or return type with the same annotation. Lithium handles this error by assuming the class cannot be included in some optimizations.
[19ago2025 19:08:19.160] [Server thread/ERROR] [net.minecraftforge.fml.loading.RuntimeDistCleaner/DISTXFORM]: Attempted to load class net/minecraft/client/renderer/block/model/BlockModel for invalid dist DEDICATED_SERVER
[19ago2025 19:08:19.160] [Server thread/WARN] [Radium Class Analysis/]: Radium Class Analysis Error: Class org.betterx.bclib.blocks.BaseBlock cannot be analysed, because getting declared methods crashes with RuntimeException: Attempted to load class net/minecraft/client/renderer/block/model/BlockModel for invalid dist DEDICATED_SERVER. This is usually caused by modded entities declaring methods that have a return type or parameter type that is annotated with @OnlyIn(Dist.CLIENT). Loading the type is not possible, because it only exists in the CLIENT environment. The recommended fix is to annotate the method with this argument or return type with the same annotation. Lithium handles this error by assuming the class cannot be included in some optimizations.
[19ago2025 19:08:19.163] [Server thread/ERROR] [net.minecraftforge.fml.loading.RuntimeDistCleaner/DISTXFORM]: Attempted to load class net/minecraft/client/renderer/block/model/BlockModel for invalid dist DEDICATED_SERVER
[19ago2025 19:08:19.163] [Server thread/WARN] [Radium Class Analysis/]: Radium Class Analysis Error: Class org.betterx.bclib.blocks.BaseBlock cannot be analysed, because getting declared methods crashes with RuntimeException: Attempted to load class net/minecraft/client/renderer/block/model/BlockModel for invalid dist DEDICATED_SERVER. This is usually caused by modded entities declaring methods that have a return type or parameter type that is annotated with @OnlyIn(Dist.CLIENT). Loading the type is not possible, because it only exists in the CLIENT environment. The recommended fix is to annotate the method with this argument or return type with the same annotation. Lithium handles this error by assuming the class cannot be included in some optimizations.
[19ago2025 19:08:19.179] [Server thread/ERROR] [net.minecraftforge.fml.loading.RuntimeDistCleaner/DISTXFORM]: Attempted to load class net/minecraft/client/renderer/block/model/BlockModel for invalid dist DEDICATED_SERVER
[19ago2025 19:08:19.180] [Server thread/WARN] [Radium Class Analysis/]: Radium Class Analysis Error: Class org.betterx.bclib.blocks.BaseBlock cannot be analysed, because getting declared methods crashes with RuntimeException: Attempted to load class net/minecraft/client/renderer/block/model/BlockModel for invalid dist DEDICATED_SERVER. This is usually caused by modded entities declaring methods that have a return type or parameter type that is annotated with @OnlyIn(Dist.CLIENT). Loading the type is not possible, because it only exists in the CLIENT environment. The recommended fix is to annotate the method with this argument or return type with the same annotation. Lithium handles this error by assuming the class cannot be included in some optimizations.
[19ago2025 19:08:19.181] [Server thread/ERROR] [net.minecraftforge.fml.loading.RuntimeDistCleaner/DISTXFORM]: Attempted to load class net/minecraft/client/renderer/block/model/BlockModel for invalid dist DEDICATED_SERVER
[19ago2025 19:08:19.181] [Server thread/WARN] [Radium Class Analysis/]: Radium Class Analysis Error: Class org.betterx.bclib.blocks.BaseBlock cannot be analysed, because getting declared methods crashes with RuntimeException: Attempted to load class net/minecraft/client/renderer/block/model/BlockModel for invalid dist DEDICATED_SERVER. This is usually caused by modded entities declaring methods that have a return type or parameter type that is annotated with @OnlyIn(Dist.CLIENT). Loading the type is not possible, because it only exists in the CLIENT environment. The recommended fix is to annotate the method with this argument or return type with the same annotation. Lithium handles this error by assuming the class cannot be included in some optimizations.
[19ago2025 19:08:19.190] [Server thread/ERROR] [net.minecraftforge.fml.loading.RuntimeDistCleaner/DISTXFORM]: Attempted to load class net/minecraft/client/renderer/block/model/BlockModel for invalid dist DEDICATED_SERVER
[19ago2025 19:08:19.190] [Server thread/WARN] [Radium Class Analysis/]: Radium Class Analysis Error: Class org.betterx.bclib.blocks.BaseBlock cannot be analysed, because getting declared methods crashes with RuntimeException: Attempted to load class net/minecraft/client/renderer/block/model/BlockModel for invalid dist DEDICATED_SERVER. This is usually caused by modded entities declaring methods that have a return type or parameter type that is annotated with @OnlyIn(Dist.CLIENT). Loading the type is not possible, because it only exists in the CLIENT environment. The recommended fix is to annotate the method with this argument or return type with the same annotation. Lithium handles this error by assuming the class cannot be included in some optimizations.
[19ago2025 19:08:19.192] [Server thread/ERROR] [net.minecraftforge.fml.loading.RuntimeDistCleaner/DISTXFORM]: Attempted to load class net/minecraft/client/renderer/block/model/BlockModel for invalid dist DEDICATED_SERVER
[19ago2025 19:08:19.192] [Server thread/WARN] [Radium Class Analysis/]: Radium Class Analysis Error: Class org.betterx.bclib.blocks.BaseBlock cannot be analysed, because getting declared methods crashes with RuntimeException: Attempted to load class net/minecraft/client/renderer/block/model/BlockModel for invalid dist DEDICATED_SERVER. This is usually caused by modded entities declaring methods that have a return type or parameter type that is annotated with @OnlyIn(Dist.CLIENT). Loading the type is not possible, because it only exists in the CLIENT environment. The recommended fix is to annotate the method with this argument or return type with the same annotation. Lithium handles this error by assuming the class cannot be included in some optimizations.
[19ago2025 19:08:19.202] [Server thread/ERROR] [net.minecraftforge.fml.loading.RuntimeDistCleaner/DISTXFORM]: Attempted to load class net/minecraft/client/renderer/block/model/BlockModel for invalid dist DEDICATED_SERVER
[19ago2025 19:08:19.202] [Server thread/WARN] [Radium Class Analysis/]: Radium Class Analysis Error: Class org.betterx.bclib.blocks.BaseBlock cannot be analysed, because getting declared methods crashes with RuntimeException: Attempted to load class net/minecraft/client/renderer/block/model/BlockModel for invalid dist DEDICATED_SERVER. This is usually caused by modded entities declaring methods that have a return type or parameter type that is annotated with @OnlyIn(Dist.CLIENT). Loading the type is not possible, because it only exists in the CLIENT environment. The recommended fix is to annotate the method with this argument or return type with the same annotation. Lithium handles this error by assuming the class cannot be included in some optimizations.
[19ago2025 19:08:19.212] [Server thread/ERROR] [net.minecraftforge.fml.loading.RuntimeDistCleaner/DISTXFORM]: Attempted to load class net/minecraft/client/renderer/block/model/BlockModel for invalid dist DEDICATED_SERVER
[19ago2025 19:08:19.212] [Server thread/WARN] [Radium Class Analysis/]: Radium Class Analysis Error: Class org.betterx.bclib.blocks.BaseBlock cannot be analysed, because getting declared methods crashes with RuntimeException: Attempted to load class net/minecraft/client/renderer/block/model/BlockModel for invalid dist DEDICATED_SERVER. This is usually caused by modded entities declaring methods that have a return type or parameter type that is annotated with @OnlyIn(Dist.CLIENT). Loading the type is not possible, because it only exists in the CLIENT environment. The recommended fix is to annotate the method with this argument or return type with the same annotation. Lithium handles this error by assuming the class cannot be included in some optimizations.
[19ago2025 19:08:19.215] [Server thread/ERROR] [net.minecraftforge.fml.loading.RuntimeDistCleaner/DISTXFORM]: Attempted to load class net/minecraft/client/renderer/block/model/BlockModel for invalid dist DEDICATED_SERVER
[19ago2025 19:08:19.215] [Server thread/WARN] [Radium Class Analysis/]: Radium Class Analysis Error: Class org.betterx.bclib.blocks.BaseBlock cannot be analysed, because getting declared methods crashes with RuntimeException: Attempted to load class net/minecraft/client/renderer/block/model/BlockModel for invalid dist DEDICATED_SERVER. This is usually caused by modded entities declaring methods that have a return type or parameter type that is annotated with @OnlyIn(Dist.CLIENT). Loading the type is not possible, because it only exists in the CLIENT environment. The recommended fix is to annotate the method with this argument or return type with the same annotation. Lithium handles this error by assuming the class cannot be included in some optimizations.
[19ago2025 19:08:19.222] [Server thread/ERROR] [net.minecraftforge.fml.loading.RuntimeDistCleaner/DISTXFORM]: Attempted to load class net/minecraft/client/renderer/block/model/BlockModel for invalid dist DEDICATED_SERVER
[19ago2025 19:08:19.224] [Server thread/WARN] [Radium Class Analysis/]: Radium Class Analysis Error: Class org.betterx.bclib.blocks.BaseBlock cannot be analysed, because getting declared methods crashes with RuntimeException: Attempted to load class net/minecraft/client/renderer/block/model/BlockModel for invalid dist DEDICATED_SERVER. This is usually caused by modded entities declaring methods that have a return type or parameter type that is annotated with @OnlyIn(Dist.CLIENT). Loading the type is not possible, because it only exists in the CLIENT environment. The recommended fix is to annotate the method with this argument or return type with the same annotation. Lithium handles this error by assuming the class cannot be included in some optimizations.
[19ago2025 19:08:19.225] [Server thread/ERROR] [net.minecraftforge.fml.loading.RuntimeDistCleaner/DISTXFORM]: Attempted to load class net/minecraft/client/renderer/block/model/BlockModel for invalid dist DEDICATED_SERVER
[19ago2025 19:08:19.225] [Server thread/WARN] [Radium Class Analysis/]: Radium Class Analysis Error: Class org.betterx.bclib.blocks.BaseBlock cannot be analysed, because getting declared methods crashes with RuntimeException: Attempted to load class net/minecraft/client/renderer/block/model/BlockModel for invalid dist DEDICATED_SERVER. This is usually caused by modded entities declaring methods that have a return type or parameter type that is annotated with @OnlyIn(Dist.CLIENT). Loading the type is not possible, because it only exists in the CLIENT environment. The recommended fix is to annotate the method with this argument or return type with the same annotation. Lithium handles this error by assuming the class cannot be included in some optimizations.
[19ago2025 19:08:19.241] [Server thread/ERROR] [net.minecraftforge.fml.loading.RuntimeDistCleaner/DISTXFORM]: Attempted to load class net/minecraft/client/renderer/block/model/BlockModel for invalid dist DEDICATED_SERVER
[19ago2025 19:08:19.242] [Server thread/WARN] [Radium Class Analysis/]: Radium Class Analysis Error: Class org.betterx.bclib.blocks.BaseBlock cannot be analysed, because getting declared methods crashes with RuntimeException: Attempted to load class net/minecraft/client/renderer/block/model/BlockModel for invalid dist DEDICATED_SERVER. This is usually caused by modded entities declaring methods that have a return type or parameter type that is annotated with @OnlyIn(Dist.CLIENT). Loading the type is not possible, because it only exists in the CLIENT environment. The recommended fix is to annotate the method with this argument or return type with the same annotation. Lithium handles this error by assuming the class cannot be included in some optimizations.
[19ago2025 19:08:19.242] [Server thread/ERROR] [net.minecraftforge.fml.loading.RuntimeDistCleaner/DISTXFORM]: Attempted to load class net/minecraft/client/renderer/block/model/BlockModel for invalid dist DEDICATED_SERVER
[19ago2025 19:08:19.242] [Server thread/WARN] [Radium Class Analysis/]: Radium Class Analysis Error: Class org.betterx.bclib.blocks.BaseBlock cannot be analysed, because getting declared methods crashes with RuntimeException: Attempted to load class net/minecraft/client/renderer/block/model/BlockModel for invalid dist DEDICATED_SERVER. This is usually caused by modded entities declaring methods that have a return type or parameter type that is annotated with @OnlyIn(Dist.CLIENT). Loading the type is not possible, because it only exists in the CLIENT environment. The recommended fix is to annotate the method with this argument or return type with the same annotation. Lithium handles this error by assuming the class cannot be included in some optimizations.
[19ago2025 19:08:19.259] [Server thread/ERROR] [net.minecraftforge.fml.loading.RuntimeDistCleaner/DISTXFORM]: Attempted to load class net/minecraft/client/renderer/block/model/BlockModel for invalid dist DEDICATED_SERVER
[19ago2025 19:08:19.259] [Server thread/WARN] [Radium Class Analysis/]: Radium Class Analysis Error: Class org.betterx.bclib.blocks.BaseBlock cannot be analysed, because getting declared methods crashes with RuntimeException: Attempted to load class net/minecraft/client/renderer/block/model/BlockModel for invalid dist DEDICATED_SERVER. This is usually caused by modded entities declaring methods that have a return type or parameter type that is annotated with @OnlyIn(Dist.CLIENT). Loading the type is not possible, because it only exists in the CLIENT environment. The recommended fix is to annotate the method with this argument or return type with the same annotation. Lithium handles this error by assuming the class cannot be included in some optimizations.
[19ago2025 19:08:19.265] [Server thread/ERROR] [net.minecraftforge.fml.loading.RuntimeDistCleaner/DISTXFORM]: Attempted to load class net/minecraft/client/renderer/block/model/BlockModel for invalid dist DEDICATED_SERVER
[19ago2025 19:08:19.265] [Server thread/WARN] [Radium Class Analysis/]: Radium Class Analysis Error: Class org.betterx.bclib.blocks.BaseBlock cannot be analysed, because getting declared methods crashes with RuntimeException: Attempted to load class net/minecraft/client/renderer/block/model/BlockModel for invalid dist DEDICATED_SERVER. This is usually caused by modded entities declaring methods that have a return type or parameter type that is annotated with @OnlyIn(Dist.CLIENT). Loading the type is not possible, because it only exists in the CLIENT environment. The recommended fix is to annotate the method with this argument or return type with the same annotation. Lithium handles this error by assuming the class cannot be included in some optimizations.
[19ago2025 19:08:19.269] [Server thread/ERROR] [net.minecraftforge.fml.loading.RuntimeDistCleaner/DISTXFORM]: Attempted to load class net/minecraft/client/renderer/block/model/BlockModel for invalid dist DEDICATED_SERVER
[19ago2025 19:08:19.270] [Server thread/WARN] [Radium Class Analysis/]: Radium Class Analysis Error: Class org.betterx.bclib.blocks.BaseBlock cannot be analysed, because getting declared methods crashes with RuntimeException: Attempted to load class net/minecraft/client/renderer/block/model/BlockModel for invalid dist DEDICATED_SERVER. This is usually caused by modded entities declaring methods that have a return type or parameter type that is annotated with @OnlyIn(Dist.CLIENT). Loading the type is not possible, because it only exists in the CLIENT environment. The recommended fix is to annotate the method with this argument or return type with the same annotation. Lithium handles this error by assuming the class cannot be included in some optimizations.
[19ago2025 19:08:19.277] [Server thread/ERROR] [net.minecraftforge.fml.loading.RuntimeDistCleaner/DISTXFORM]: Attempted to load class net/minecraft/client/renderer/block/model/BlockModel for invalid dist DEDICATED_SERVER
[19ago2025 19:08:19.277] [Server thread/WARN] [Radium Class Analysis/]: Radium Class Analysis Error: Class org.betterx.bclib.blocks.BaseLeavesBlock cannot be analysed, because getting declared methods crashes with RuntimeException: Attempted to load class net/minecraft/client/renderer/block/model/BlockModel for invalid dist DEDICATED_SERVER. This is usually caused by modded entities declaring methods that have a return type or parameter type that is annotated with @OnlyIn(Dist.CLIENT). Loading the type is not possible, because it only exists in the CLIENT environment. The recommended fix is to annotate the method with this argument or return type with the same annotation. Lithium handles this error by assuming the class cannot be included in some optimizations.
[19ago2025 19:08:19.278] [Server thread/ERROR] [net.minecraftforge.fml.loading.RuntimeDistCleaner/DISTXFORM]: Attempted to load class net/minecraft/client/renderer/block/model/BlockModel for invalid dist DEDICATED_SERVER
[19ago2025 19:08:19.278] [Server thread/WARN] [Radium Class Analysis/]: Radium Class Analysis Error: Class org.betterx.bclib.blocks.BaseLeavesBlock cannot be analysed, because getting declared methods crashes with RuntimeException: Attempted to load class net/minecraft/client/renderer/block/model/BlockModel for invalid dist DEDICATED_SERVER. This is usually caused by modded entities declaring methods that have a return type or parameter type that is annotated with @OnlyIn(Dist.CLIENT). Loading the type is not possible, because it only exists in the CLIENT environment. The recommended fix is to annotate the method with this argument or return type with the same annotation. Lithium handles this error by assuming the class cannot be included in some optimizations.
[19ago2025 19:08:19.278] [Server thread/ERROR] [net.minecraftforge.fml.loading.RuntimeDistCleaner/DISTXFORM]: Attempted to load class net/minecraft/client/renderer/block/model/BlockModel for invalid dist DEDICATED_SERVER
[19ago2025 19:08:19.279] [Server thread/WARN] [Radium Class Analysis/]: Radium Class Analysis Error: Class org.betterx.bclib.blocks.BaseLeavesBlock cannot be analysed, because getting declared methods crashes with RuntimeException: Attempted to load class net/minecraft/client/renderer/block/model/BlockModel for invalid dist DEDICATED_SERVER. This is usually caused by modded entities declaring methods that have a return type or parameter type that is annotated with @OnlyIn(Dist.CLIENT). Loading the type is not possible, because it only exists in the CLIENT environment. The recommended fix is to annotate the method with this argument or return type with the same annotation. Lithium handles this error by assuming the class cannot be included in some optimizations.
[19ago2025 19:08:19.279] [Server thread/ERROR] [net.minecraftforge.fml.loading.RuntimeDistCleaner/DISTXFORM]: Attempted to load class net/minecraft/client/renderer/block/model/BlockModel for invalid dist DEDICATED_SERVER
[19ago2025 19:08:19.279] [Server thread/WARN] [Radium Class Analysis/]: Radium Class Analysis Error: Class org.betterx.bclib.blocks.BaseLeavesBlock cannot be analysed, because getting declared methods crashes with RuntimeException: Attempted to load class net/minecraft/client/renderer/block/model/BlockModel for invalid dist DEDICATED_SERVER. This is usually caused by modded entities declaring methods that have a return type or parameter type that is annotated with @OnlyIn(Dist.CLIENT). Loading the type is not possible, because it only exists in the CLIENT environment. The recommended fix is to annotate the method with this argument or return type with the same annotation. Lithium handles this error by assuming the class cannot be included in some optimizations.
[19ago2025 19:08:19.280] [Server thread/ERROR] [net.minecraftforge.fml.loading.RuntimeDistCleaner/DISTXFORM]: Attempted to load class net/minecraft/client/renderer/block/model/BlockModel for invalid dist DEDICATED_SERVER
[19ago2025 19:08:19.280] [Server thread/WARN] [Radium Class Analysis/]: Radium Class Analysis Error: Class org.betterx.bclib.blocks.BaseLeavesBlock cannot be analysed, because getting declared methods crashes with RuntimeException: Attempted to load class net/minecraft/client/renderer/block/model/BlockModel for invalid dist DEDICATED_SERVER. This is usually caused by modded entities declaring methods that have a return type or parameter type that is annotated with @OnlyIn(Dist.CLIENT). Loading the type is not possible, because it only exists in the CLIENT environment. The recommended fix is to annotate the method with this argument or return type with the same annotation. Lithium handles this error by assuming the class cannot be included in some optimizations.
[19ago2025 19:08:19.280] [Server thread/ERROR] [net.minecraftforge.fml.loading.RuntimeDistCleaner/DISTXFORM]: Attempted to load class net/minecraft/client/renderer/block/model/BlockModel for invalid dist DEDICATED_SERVER
[19ago2025 19:08:19.282] [Server thread/WARN] [Radium Class Analysis/]: Radium Class Analysis Error: Class org.betterx.bclib.blocks.BaseLeavesBlock cannot be analysed, because getting declared methods crashes with RuntimeException: Attempted to load class net/minecraft/client/renderer/block/model/BlockModel for invalid dist DEDICATED_SERVER. This is usually caused by modded entities declaring methods that have a return type or parameter type that is annotated with @OnlyIn(Dist.CLIENT). Loading the type is not possible, because it only exists in the CLIENT environment. The recommended fix is to annotate the method with this argument or return type with the same annotation. Lithium handles this error by assuming the class cannot be included in some optimizations.
[19ago2025 19:08:19.282] [Server thread/ERROR] [net.minecraftforge.fml.loading.RuntimeDistCleaner/DISTXFORM]: Attempted to load class net/minecraft/client/renderer/block/model/BlockModel for invalid dist DEDICATED_SERVER
[19ago2025 19:08:19.282] [Server thread/WARN] [Radium Class Analysis/]: Radium Class Analysis Error: Class org.betterx.bclib.blocks.BaseBlock cannot be analysed, because getting declared methods crashes with RuntimeException: Attempted to load class net/minecraft/client/renderer/block/model/BlockModel for invalid dist DEDICATED_SERVER. This is usually caused by modded entities declaring methods that have a return type or parameter type that is annotated with @OnlyIn(Dist.CLIENT). Loading the type is not possible, because it only exists in the CLIENT environment. The recommended fix is to annotate the method with this argument or return type with the same annotation. Lithium handles this error by assuming the class cannot be included in some optimizations.
[19ago2025 19:08:19.283] [Server thread/ERROR] [net.minecraftforge.fml.loading.RuntimeDistCleaner/DISTXFORM]: Attempted to load class net/minecraft/client/renderer/block/model/BlockModel for invalid dist DEDICATED_SERVER
[19ago2025 19:08:19.283] [Server thread/WARN] [Radium Class Analysis/]: Radium Class Analysis Error: Class org.betterx.bclib.blocks.BaseBlock cannot be analysed, because getting declared methods crashes with RuntimeException: Attempted to load class net/minecraft/client/renderer/block/model/BlockModel for invalid dist DEDICATED_SERVER. This is usually caused by modded entities declaring methods that have a return type or parameter type that is annotated with @OnlyIn(Dist.CLIENT). Loading the type is not possible, because it only exists in the CLIENT environment. The recommended fix is to annotate the method with this argument or return type with the same annotation. Lithium handles this error by assuming the class cannot be included in some optimizations.
[19ago2025 19:08:19.609] [Server thread/WARN] [com.structureessentials.StructureEssentials/]: Non-unique structure_set salt:0 potentially creating overlapping structures detected. Structure sets: [minecraft:mineshafts, minecraft:strongholds, minecraft:buried_treasures]
[19ago2025 19:08:19.609] [Server thread/WARN] [com.structureessentials.StructureEssentials/]: Non-unique structure_set salt:100922847 potentially creating overlapping structures detected. Structure sets: [mns:medium_house, mns:medium_house_2]
[19ago2025 19:08:19.609] [Server thread/WARN] [com.structureessentials.StructureEssentials/]: Non-unique structure_set salt:784827271 potentially creating overlapping structures detected. Structure sets: [betterfortresses:fortress, betteroceanmonuments:ocean_monument]
[19ago2025 19:08:19.609] [Server thread/WARN] [com.structureessentials.StructureEssentials/]: Non-unique structure_set salt:420699602 potentially creating overlapping structures detected. Structure sets: [structory_towers:ultra_rare_towers, structory_towers:end_towers, structory_towers:towers]
[19ago2025 19:08:19.609] [Server thread/WARN] [com.structureessentials.StructureEssentials/]: Non-unique structure_set salt:10387313 potentially creating overlapping structures detected. Structure sets: [minecraft:ocean_monuments, minecraft:end_cities]
[19ago2025 19:08:19.609] [Server thread/WARN] [com.structureessentials.StructureEssentials/]: Non-unique structure_set salt:6942069 potentially creating overlapping structures detected. Structure sets: [structory:ruin_quiet, joshie:blossom_blade]
[19ago2025 19:08:19.610] [Server thread/INFO] [net.minecraft.server.MinecraftServer/]: Preparing start region for dimension minecraft:overworld
[19ago2025 19:08:19.613] [Server thread/WARN] [mixin/]: Method overwrite conflict for removeIf in lithium.mixins.json:world.chunk_tickets.SortedArraySetMixin from mod radium, previously written by org.embeddedt.modernfix.common.mixin.bugfix.paper_chunk_patches.SortedArraySetMixin. Skipping method.
[19ago2025 19:08:19.615] [Server thread/INFO] [KubeJS Server/]: Server resource reload complete!
[19ago2025 19:08:20.028] [Server thread/ERROR] [net.minecraftforge.fml.loading.RuntimeDistCleaner/DISTXFORM]: Attempted to load class net/minecraft/client/renderer/block/model/BlockModel for invalid dist DEDICATED_SERVER
[19ago2025 19:08:20.028] [Server thread/WARN] [Radium Class Analysis/]: Radium Class Analysis Error: Class org.betterx.bclib.blocks.BaseBlock cannot be analysed, because getting declared methods crashes with RuntimeException: Attempted to load class net/minecraft/client/renderer/block/model/BlockModel for invalid dist DEDICATED_SERVER. This is usually caused by modded entities declaring methods that have a return type or parameter type that is annotated with @OnlyIn(Dist.CLIENT). Loading the type is not possible, because it only exists in the CLIENT environment. The recommended fix is to annotate the method with this argument or return type with the same annotation. Lithium handles this error by assuming the class cannot be included in some optimizations.
[19ago2025 19:08:20.429] [Server thread/INFO] [net.minecraft.server.level.progress.LoggerChunkProgressListener/]: Preparing spawn area: 0%
[19ago2025 19:08:20.430] [Server thread/INFO] [net.minecraft.server.level.progress.LoggerChunkProgressListener/]: Preparing spawn area: 0%
[19ago2025 19:08:20.612] [Worker-Main-10/INFO] [net.minecraft.server.level.progress.LoggerChunkProgressListener/]: Preparing spawn area: 0%
[19ago2025 19:08:20.640] [Server thread/INFO] [STDOUT/]: [earth.terrarium.botarium.common.energy.EnergyApi:finalizeBlockRegistration:39]: Finalizing energy block registration
[19ago2025 19:08:20.640] [Server thread/INFO] [STDOUT/]: [earth.terrarium.botarium.common.fluid.FluidApi:finalizeBlockRegistration:42]: Finalizing fluid block registration
[19ago2025 19:08:20.986] [Server thread/INFO] [net.minecraft.server.level.progress.LoggerChunkProgressListener/]: Time elapsed: 1375 ms
[19ago2025 19:08:20.986] [Server thread/INFO] [net.minecraft.server.dedicated.DedicatedServer/]: Done (3.369s)! For help, type "help"
[19ago2025 19:08:21.035] [Server thread/INFO] [net.minecraftforge.server.permission.PermissionAPI/]: Successfully initialized permission handler forge:default_handler
[19ago2025 19:08:21.036] [Server thread/INFO] [xaero.hud.minimap.MinimapLogs/]: Registered synced player tracker system: ftb_teams
[19ago2025 19:08:21.037] [Server thread/INFO] [xaero.map.WorldMap/]: Registered synced player tracker system: ftb_teams
[19ago2025 19:08:21.042] [Server thread/ERROR] [AutoModpack/]: Failed to start Netty server
java.lang.IllegalArgumentException: Illegal base64 character d
	at java.util.Base64$Decoder.decode0(Base64.java:852) ~[?:?]
	at java.util.Base64$Decoder.decode(Base64.java:570) ~[?:?]
	at java.util.Base64$Decoder.decode(Base64.java:593) ~[?:?]
	at pl.skidam.automodpack_core.protocol.NetUtils.loadCertificate(NetUtils.java:96) ~[automodpack-mc1.20.1-forge-4.0.0-beta38.jar%23332!/:?]
	at pl.skidam.automodpack_core.protocol.netty.NettyServer.start(NettyServer.java:99) ~[automodpack-mc1.20.1-forge-4.0.0-beta38.jar%23332!/:?]
	at pl.skidam.automodpack.init.Common.afterSetupServer(Common.java:54) ~[automodpack-mod.jar%231130!/:?]
	at net.minecraft.server.MinecraftServer.handler$bgh000$automodpack$afterSetupServer(MinecraftServer.java:4838) ~[server-1.20.1-20230612.114412-srg.jar%23570!/:?]
	at net.minecraft.server.MinecraftServer.m_130011_(MinecraftServer.java:634) ~[server-1.20.1-20230612.114412-srg.jar%23570!/:?]
	at net.minecraft.server.MinecraftServer.m_206580_(MinecraftServer.java:251) ~[server-1.20.1-20230612.114412-srg.jar%23570!/:?]
	at java.lang.Thread.run(Thread.java:1583) ~[?:?]
[19ago2025 19:08:21.044] [Server thread/INFO] [underlay/]: Loading overlays for world: minecraft:overworld
[19ago2025 19:08:21.046] [Server thread/INFO] [underlay/]: Loaded 5 overlays
[19ago2025 19:08:21.046] [Server thread/INFO] [underlay/]: Loaded 5 overlays for dimension minecraft:overworld
[19ago2025 19:08:21.046] [Server thread/INFO] [underlay/]: Loading overlays for world: adastraextra:deimos_orbit
[19ago2025 19:08:21.046] [Server thread/INFO] [underlay/]: No existing overlay save file found
[19ago2025 19:08:21.046] [Server thread/INFO] [underlay/]: Loaded 0 overlays for dimension adastraextra:deimos_orbit
[19ago2025 19:08:21.047] [Server thread/INFO] [underlay/]: Loading overlays for world: ad_astra:glacio
[19ago2025 19:08:21.047] [Server thread/INFO] [underlay/]: No existing overlay save file found
[19ago2025 19:08:21.047] [Server thread/INFO] [underlay/]: Loaded 0 overlays for dimension ad_astra:glacio
[19ago2025 19:08:21.047] [Server thread/INFO] [underlay/]: Loading overlays for world: ad_astra:mercury
[19ago2025 19:08:21.047] [Server thread/INFO] [underlay/]: No existing overlay save file found
[19ago2025 19:08:21.047] [Server thread/INFO] [underlay/]: Loaded 0 overlays for dimension ad_astra:mercury
[19ago2025 19:08:21.047] [Server thread/INFO] [underlay/]: Loading overlays for world: ad_astra:moon
[19ago2025 19:08:21.047] [Server thread/INFO] [underlay/]: No existing overlay save file found
[19ago2025 19:08:21.047] [Server thread/INFO] [underlay/]: Loaded 0 overlays for dimension ad_astra:moon
[19ago2025 19:08:21.047] [Server thread/INFO] [underlay/]: Loading overlays for world: adastraextra:adrastea_orbit
[19ago2025 19:08:21.047] [Server thread/INFO] [underlay/]: No existing overlay save file found
[19ago2025 19:08:21.047] [Server thread/INFO] [underlay/]: Loaded 0 overlays for dimension adastraextra:adrastea_orbit
[19ago2025 19:08:21.047] [Server thread/INFO] [underlay/]: Loading overlays for world: ad_astra:moon_orbit
[19ago2025 19:08:21.047] [Server thread/INFO] [underlay/]: No existing overlay save file found
[19ago2025 19:08:21.047] [Server thread/INFO] [underlay/]: Loaded 0 overlays for dimension ad_astra:moon_orbit
[19ago2025 19:08:21.047] [Server thread/INFO] [underlay/]: Loading overlays for world: ad_astra:venus
[19ago2025 19:08:21.047] [Server thread/INFO] [underlay/]: No existing overlay save file found
[19ago2025 19:08:21.047] [Server thread/INFO] [underlay/]: Loaded 0 overlays for dimension ad_astra:venus
[19ago2025 19:08:21.048] [Server thread/INFO] [underlay/]: Loading overlays for world: adastraextra:saturn_orbit
[19ago2025 19:08:21.048] [Server thread/INFO] [underlay/]: No existing overlay save file found
[19ago2025 19:08:21.048] [Server thread/INFO] [underlay/]: Loaded 0 overlays for dimension adastraextra:saturn_orbit
[19ago2025 19:08:21.048] [Server thread/INFO] [underlay/]: Loading overlays for world: ad_astra:glacio_orbit
[19ago2025 19:08:21.048] [Server thread/INFO] [underlay/]: No existing overlay save file found
[19ago2025 19:08:21.048] [Server thread/INFO] [underlay/]: Loaded 0 overlays for dimension ad_astra:glacio_orbit
[19ago2025 19:08:21.048] [Server thread/INFO] [underlay/]: Loading overlays for world: ad_astra:mercury_orbit
[19ago2025 19:08:21.048] [Server thread/INFO] [underlay/]: No existing overlay save file found
[19ago2025 19:08:21.048] [Server thread/INFO] [underlay/]: Loaded 0 overlays for dimension ad_astra:mercury_orbit
[19ago2025 19:08:21.048] [Server thread/INFO] [underlay/]: Loading overlays for world: adastraextra:metis_orbit
[19ago2025 19:08:21.048] [Server thread/INFO] [underlay/]: No existing overlay save file found
[19ago2025 19:08:21.048] [Server thread/INFO] [underlay/]: Loaded 0 overlays for dimension adastraextra:metis_orbit
[19ago2025 19:08:21.048] [Server thread/INFO] [underlay/]: Loading overlays for world: adastraextra:jupiter_orbit
[19ago2025 19:08:21.048] [Server thread/INFO] [underlay/]: No existing overlay save file found
[19ago2025 19:08:21.048] [Server thread/INFO] [underlay/]: Loaded 0 overlays for dimension adastraextra:jupiter_orbit
[19ago2025 19:08:21.048] [Server thread/INFO] [underlay/]: Loading overlays for world: adastraextra:thebe
[19ago2025 19:08:21.048] [Server thread/INFO] [underlay/]: No existing overlay save file found
[19ago2025 19:08:21.048] [Server thread/INFO] [underlay/]: Loaded 0 overlays for dimension adastraextra:thebe
[19ago2025 19:08:21.049] [Server thread/INFO] [underlay/]: Loading overlays for world: ad_astra:earth_orbit
[19ago2025 19:08:21.049] [Server thread/INFO] [underlay/]: No existing overlay save file found
[19ago2025 19:08:21.049] [Server thread/INFO] [underlay/]: Loaded 0 overlays for dimension ad_astra:earth_orbit
[19ago2025 19:08:21.049] [Server thread/INFO] [underlay/]: Loading overlays for world: adastraextra:phobos_orbit
[19ago2025 19:08:21.049] [Server thread/INFO] [underlay/]: No existing overlay save file found
[19ago2025 19:08:21.049] [Server thread/INFO] [underlay/]: Loaded 0 overlays for dimension adastraextra:phobos_orbit
[19ago2025 19:08:21.049] [Server thread/INFO] [underlay/]: Loading overlays for world: minecraft:the_nether
[19ago2025 19:08:21.049] [Server thread/INFO] [underlay/]: No existing overlay save file found
[19ago2025 19:08:21.049] [Server thread/INFO] [underlay/]: Loaded 0 overlays for dimension minecraft:the_nether
[19ago2025 19:08:21.049] [Server thread/INFO] [underlay/]: Loading overlays for world: adastraextra:saturn
[19ago2025 19:08:21.049] [Server thread/INFO] [underlay/]: No existing overlay save file found
[19ago2025 19:08:21.049] [Server thread/INFO] [underlay/]: Loaded 0 overlays for dimension adastraextra:saturn
[19ago2025 19:08:21.049] [Server thread/INFO] [underlay/]: Loading overlays for world: adastraextra:phobos
[19ago2025 19:08:21.049] [Server thread/INFO] [underlay/]: No existing overlay save file found
[19ago2025 19:08:21.049] [Server thread/INFO] [underlay/]: Loaded 0 overlays for dimension adastraextra:phobos
[19ago2025 19:08:21.050] [Server thread/INFO] [underlay/]: Loading overlays for world: adastraextra:amalthea
[19ago2025 19:08:21.050] [Server thread/INFO] [underlay/]: No existing overlay save file found
[19ago2025 19:08:21.050] [Server thread/INFO] [underlay/]: Loaded 0 overlays for dimension adastraextra:amalthea
[19ago2025 19:08:21.050] [Server thread/INFO] [underlay/]: Loading overlays for world: ad_astra:venus_orbit
[19ago2025 19:08:21.050] [Server thread/INFO] [underlay/]: No existing overlay save file found
[19ago2025 19:08:21.050] [Server thread/INFO] [underlay/]: Loaded 0 overlays for dimension ad_astra:venus_orbit
[19ago2025 19:08:21.050] [Server thread/INFO] [underlay/]: Loading overlays for world: ad_astra:mars_orbit
[19ago2025 19:08:21.050] [Server thread/INFO] [underlay/]: No existing overlay save file found
[19ago2025 19:08:21.050] [Server thread/INFO] [underlay/]: Loaded 0 overlays for dimension ad_astra:mars_orbit
[19ago2025 19:08:21.050] [Server thread/INFO] [underlay/]: Loading overlays for world: minecraft:the_end
[19ago2025 19:08:21.050] [Server thread/INFO] [underlay/]: No existing overlay save file found
[19ago2025 19:08:21.050] [Server thread/INFO] [underlay/]: Loaded 0 overlays for dimension minecraft:the_end
[19ago2025 19:08:21.050] [Server thread/INFO] [underlay/]: Loading overlays for world: adastraextra:adrastea
[19ago2025 19:08:21.050] [Server thread/INFO] [underlay/]: No existing overlay save file found
[19ago2025 19:08:21.050] [Server thread/INFO] [underlay/]: Loaded 0 overlays for dimension adastraextra:adrastea
[19ago2025 19:08:21.050] [Server thread/INFO] [underlay/]: Loading overlays for world: adastraextra:amalthea_orbit
[19ago2025 19:08:21.050] [Server thread/INFO] [underlay/]: No existing overlay save file found
[19ago2025 19:08:21.050] [Server thread/INFO] [underlay/]: Loaded 0 overlays for dimension adastraextra:amalthea_orbit
[19ago2025 19:08:21.050] [Server thread/INFO] [underlay/]: Loading overlays for world: adastraextra:jupiter
[19ago2025 19:08:21.050] [Server thread/INFO] [underlay/]: No existing overlay save file found
[19ago2025 19:08:21.050] [Server thread/INFO] [underlay/]: Loaded 0 overlays for dimension adastraextra:jupiter
[19ago2025 19:08:21.050] [Server thread/INFO] [underlay/]: Loading overlays for world: ad_astra:mars
[19ago2025 19:08:21.050] [Server thread/INFO] [underlay/]: No existing overlay save file found
[19ago2025 19:08:21.052] [Server thread/INFO] [underlay/]: Loaded 0 overlays for dimension ad_astra:mars
[19ago2025 19:08:21.052] [Server thread/INFO] [underlay/]: Loading overlays for world: adastraextra:neptune_orbit
[19ago2025 19:08:21.052] [Server thread/INFO] [underlay/]: No existing overlay save file found
[19ago2025 19:08:21.052] [Server thread/INFO] [underlay/]: Loaded 0 overlays for dimension adastraextra:neptune_orbit
[19ago2025 19:08:21.052] [Server thread/INFO] [underlay/]: Loading overlays for world: adastraextra:neptune
[19ago2025 19:08:21.052] [Server thread/INFO] [underlay/]: No existing overlay save file found
[19ago2025 19:08:21.052] [Server thread/INFO] [underlay/]: Loaded 0 overlays for dimension adastraextra:neptune
[19ago2025 19:08:21.052] [Server thread/INFO] [underlay/]: Loading overlays for world: deeperdarker:otherside
[19ago2025 19:08:21.052] [Server thread/INFO] [underlay/]: No existing overlay save file found
[19ago2025 19:08:21.052] [Server thread/INFO] [underlay/]: Loaded 0 overlays for dimension deeperdarker:otherside
[19ago2025 19:08:21.052] [Server thread/INFO] [underlay/]: Loading overlays for world: adastraextra:metis
[19ago2025 19:08:21.052] [Server thread/INFO] [underlay/]: No existing overlay save file found
[19ago2025 19:08:21.052] [Server thread/INFO] [underlay/]: Loaded 0 overlays for dimension adastraextra:metis
[19ago2025 19:08:21.052] [Server thread/INFO] [underlay/]: Loading overlays for world: adastraextra:thebe_orbit
[19ago2025 19:08:21.052] [Server thread/INFO] [underlay/]: No existing overlay save file found
[19ago2025 19:08:21.052] [Server thread/INFO] [underlay/]: Loaded 0 overlays for dimension adastraextra:thebe_orbit
[19ago2025 19:08:21.053] [Server thread/INFO] [underlay/]: Loading overlays for world: adastraextra:uranus
[19ago2025 19:08:21.053] [Server thread/INFO] [underlay/]: No existing overlay save file found
[19ago2025 19:08:21.053] [Server thread/INFO] [underlay/]: Loaded 0 overlays for dimension adastraextra:uranus
[19ago2025 19:08:21.053] [Server thread/INFO] [underlay/]: Loading overlays for world: adastraextra:uranus_orbit
[19ago2025 19:08:21.053] [Server thread/INFO] [underlay/]: No existing overlay save file found
[19ago2025 19:08:21.053] [Server thread/INFO] [underlay/]: Loaded 0 overlays for dimension adastraextra:uranus_orbit
[19ago2025 19:08:21.053] [Server thread/INFO] [underlay/]: Loading overlays for world: adastraextra:deimos
[19ago2025 19:08:21.053] [Server thread/INFO] [underlay/]: No existing overlay save file found
[19ago2025 19:08:21.053] [Server thread/INFO] [underlay/]: Loaded 0 overlays for dimension adastraextra:deimos
[19ago2025 19:08:21.062] [Server thread/INFO] [com.cupboard.Cupboard/]: Loaded config for: connectivity.json
[19ago2025 19:08:21.062] [Server thread/INFO] [com.cupboard.Cupboard/]: Loaded config for: chunksending.json
[19ago2025 19:08:21.064] [Server thread/INFO] [com.cupboard.Cupboard/]: Loaded config for: biomemusic.json
[19ago2025 19:08:21.065] [Server thread/INFO] [com.cupboard.Cupboard/]: Loaded config for: smoothchunk.json
[19ago2025 19:08:21.118] [Server thread/WARN] [net.minecraft.network.syncher.SynchedEntityData/]: defineId called for: class net.minecraft.world.entity.player.Player from class tschipp.carryon.common.carry.CarryOnDataManager
[19ago2025 19:08:21.179] [Server thread/INFO] [patchouli/]: Sending reload packet to clients
[19ago2025 19:08:21.182] [Server thread/WARN] [ModernFix/]: Dedicated server took 49.007 seconds to load
[19ago2025 19:08:21.220] [Server thread/INFO] [mixin/]: Mixing common.MixinServerStatus from mixins/common/nochatreports.mixins.json into net.minecraft.network.protocol.status.ServerStatus
[19ago2025 19:08:22.148] [Server thread/INFO] [Chunk Activity Tracker/]: Loading data for 8235 chunks for filePath '.\world\chunk_activity_info\overworld.dat' took 31 milliseconds
[19ago2025 19:08:22.183] [Server thread/INFO] [Chunk Activity Tracker/]: Saving data for 8235 chunks for dimension 'overworld' took 35 milliseconds
[19ago2025 19:08:50.067] [Netty Server IO #2/WARN] [mixin/]: @ModifyConstant conflict. Skipping packetfixer.v1_19_4.forge.mixins.json:v1_19_4_forge.PacketEncoderMixin from mod packetfixer->@ModifyConstant::packetfixer$newSize(I)I with priority 1000, already redirected by connectivity.mixins.json:PacketEncoderMixin from mod connectivity->@ModifyConstant::modifyLimit(ILio/netty/channel/ChannelHandlerContext;Lnet/minecraft/network/protocol/Packet;Lio/netty/buffer/ByteBuf;)I with priority 1000
[19ago2025 19:08:50.117] [Netty Server IO #2/INFO] [mixin/]: Mixing server.MixinServerboundChatCommandPacket from mixins/common/nochatreports.mixins.json into net.minecraft.network.protocol.game.ServerboundChatCommandPacket
[19ago2025 19:08:50.118] [Netty Server IO #2/INFO] [mixin/]: Mixing server.MixinServerboundChatPacket from mixins/common/nochatreports.mixins.json into net.minecraft.network.protocol.game.ServerboundChatPacket
[19ago2025 19:08:50.119] [Netty Server IO #2/INFO] [mixin/]: Mixing server.MixinServerboundChatSessionUpdatePacket from mixins/common/nochatreports.mixins.json into net.minecraft.network.protocol.game.ServerboundChatSessionUpdatePacket
[19ago2025 19:08:53.253] [Server thread/INFO] [AutoModpack/]: DangerCreeper17 has installed AutoModpack.
[19ago2025 19:08:53.254] [Server thread/INFO] [AutoModpack/]: Host server is not running. Modpack will not be sent to DangerCreeper17
[19ago2025 19:08:57.748] [Server thread/INFO] [net.minecraft.server.players.PlayerList/]: DangerCreeper17[/127.34.228.211:54309] logged in with entity id 95 at (825.0648539728439, 70.0, 47.1297567275033)
[19ago2025 19:08:58.980] [Server thread/INFO] [org.betterx.worlds.together.util.Logger/]: [betternether] Freeze Registry[ResourceKey[minecraft:root / worlds_together:worldgen/betterx/surface_rules] (Stable)]
[19ago2025 19:08:59.021] [Server thread/INFO] [ModernFix/]: Using enhanced recipe sync for player DangerCreeper17
[19ago2025 19:08:59.045] [Server thread/INFO] [net.minecraft.server.MinecraftServer/]: DangerCreeper17 joined the game
[19ago2025 19:08:59.122] [Server thread/INFO] [Jade/]: Syncing config to DangerCreeper17 (46998091-05e6-3b36-8e3b-c4a8d11f2acd)
[19ago2025 19:09:00.539] [Server thread/INFO] [ping-wheel/]: Channel update: DangerCreeper17 -> default
[19ago2025 19:09:00.540] [Server thread/INFO] [org.betterx.worlds.together.util.Logger/]: [bclib] Received Hello from Client. (server=3.0.14, client=3.0.14)
[19ago2025 19:09:00.542] [Server thread/INFO] [org.betterx.worlds.together.util.Logger/]: [bclib] Sending Hello to Client. (server=3.0.14)
[19ago2025 19:09:00.544] [Server thread/INFO] [org.betterx.worlds.together.util.Logger/]: [bclib] 	- Listing Mod betternether v9.0.10 (size: 21,9 MiB, download=true)
[19ago2025 19:09:00.544] [Server thread/INFO] [org.betterx.worlds.together.util.Logger/]: [bclib] 	- Listing Mod bclib v3.0.14 (size: 2,2 MiB, download=true)
[19ago2025 19:09:00.548] [Server thread/INFO] [org.betterx.worlds.together.util.Logger/]: [bclib] 	- Offering Config bclib.CONFIG_betternether.main
[19ago2025 19:09:00.548] [Server thread/INFO] [org.betterx.worlds.together.util.Logger/]: [bclib] 	- Offering Config bclib.CONFIG_betternether.generator
[19ago2025 19:09:00.549] [Server thread/INFO] [org.betterx.worlds.together.util.Logger/]: [bclib] 	- Offering Config bclib.CONFIG_betternether.blocks
[19ago2025 19:09:00.549] [Server thread/INFO] [org.betterx.worlds.together.util.Logger/]: [bclib] 	- Offering Config bclib.CONFIG_betternether.items
[19ago2025 19:09:00.549] [Server thread/INFO] [org.betterx.worlds.together.util.Logger/]: [bclib] 	- Offering Config bclib.CONFIG_betternether.biomes
[19ago2025 19:09:00.550] [Server thread/INFO] [org.betterx.worlds.together.util.Logger/]: [bclib] 	- Offering Config bclib.CONFIG_betternether.mobs
[19ago2025 19:09:00.550] [Server thread/INFO] [org.betterx.worlds.together.util.Logger/]: [bclib] 	- Offering Config bclib.CONFIG_betterend.entities
[19ago2025 19:09:00.550] [Server thread/INFO] [org.betterx.worlds.together.util.Logger/]: [bclib] 	- Offering Config bclib.CONFIG_betterend.blocks
[19ago2025 19:09:00.550] [Server thread/INFO] [org.betterx.worlds.together.util.Logger/]: [bclib] 	- Offering Config bclib.CONFIG_betterend.items
[19ago2025 19:09:00.552] [Server thread/INFO] [org.betterx.worlds.together.util.Logger/]: [bclib] 	- Offering Config bclib.CONFIG_betterend.enchantments
[19ago2025 19:09:00.552] [Server thread/INFO] [org.betterx.worlds.together.util.Logger/]: [bclib] 	- Offering Config bclib.CONFIG_bclib.generator
[19ago2025 19:09:00.553] [Server thread/INFO] [org.betterx.worlds.together.util.Logger/]: [bclib] 	- Offering Config bclib.CONFIG_bclib.main
[19ago2025 19:09:00.553] [Server thread/INFO] [org.betterx.worlds.together.util.Logger/]: [bclib] 	- Offering Config bclib.CONFIG_bclib.biomes
[19ago2025 19:09:00.553] [Server thread/INFO] [org.betterx.worlds.together.util.Logger/]: [bclib] 	- Offering Folder C:\Users\LucaS\OneDrive\Desktop\Server-Modpack-1.20.1\bclib-sync (allowDelete=true)
[19ago2025 19:09:00.562] [Server thread/WARN] [net.minecraft.server.MinecraftServer/]: Can't keep up! Is the server overloaded? Running 2778ms or 55 ticks behind
[19ago2025 19:09:53.202] [Server thread/INFO] [net.minecraft.server.MinecraftServer/]: [Server] :v
[19ago2025 19:10:05.242] [Server thread/INFO] [net.minecraft.server.MinecraftServer/]: [Server] te voy a violar, no digas nad
[19ago2025 19:10:25.944] [Server thread/INFO] [net.minecraft.server.MinecraftServer/]: Kicked DangerCreeper17: Kicked by an operator
[19ago2025 19:10:25.990] [Server thread/INFO] [net.minecraft.server.network.ServerGamePacketListenerImpl/]: DangerCreeper17 lost connection: Kicked by an operator
[19ago2025 19:10:25.991] [Server thread/INFO] [net.minecraft.server.MinecraftServer/]: DangerCreeper17 left the game
[19ago2025 19:11:32.590] [Server thread/INFO] [net.minecraft.server.network.ServerLoginPacketListenerImpl/]: com.mojang.authlib.GameProfile@8ed274[id=<null>,name=DangerCreeper17,properties={},legacy=false] (/127.34.228.211:54439) lost connection: Disconnected
[19ago2025 19:11:38.392] [Server thread/INFO] [AutoModpack/]: DangerCreeper17 has installed AutoModpack.
[19ago2025 19:11:38.395] [Server thread/INFO] [AutoModpack/]: Host server is not running. Modpack will not be sent to DangerCreeper17
[19ago2025 19:11:42.598] [Server thread/INFO] [net.minecraft.server.players.PlayerList/]: DangerCreeper17[/127.34.228.211:54514] logged in with entity id 367 at (829.4846450182991, 70.0, 39.893735879311194)
[19ago2025 19:11:42.684] [Server thread/INFO] [org.betterx.worlds.together.util.Logger/]: [betternether] Freeze Registry[ResourceKey[minecraft:root / worlds_together:worldgen/betterx/surface_rules] (Stable)]
[19ago2025 19:11:42.730] [Server thread/INFO] [ModernFix/]: Using enhanced recipe sync for player DangerCreeper17
[19ago2025 19:11:42.778] [Server thread/INFO] [net.minecraft.server.MinecraftServer/]: DangerCreeper17 joined the game
[19ago2025 19:11:42.852] [Server thread/INFO] [Jade/]: Syncing config to DangerCreeper17 (46998091-05e6-3b36-8e3b-c4a8d11f2acd)
[19ago2025 19:11:43.124] [Server thread/INFO] [ping-wheel/]: Channel update: DangerCreeper17 -> default
[19ago2025 19:11:43.129] [Server thread/INFO] [org.betterx.worlds.together.util.Logger/]: [bclib] Received Hello from Client. (server=3.0.14, client=3.0.14)
[19ago2025 19:11:43.130] [Server thread/INFO] [org.betterx.worlds.together.util.Logger/]: [bclib] Sending Hello to Client. (server=3.0.14)
[19ago2025 19:11:43.132] [Server thread/INFO] [org.betterx.worlds.together.util.Logger/]: [bclib] 	- Listing Mod betternether v9.0.10 (size: 21,9 MiB, download=true)
[19ago2025 19:11:43.132] [Server thread/INFO] [org.betterx.worlds.together.util.Logger/]: [bclib] 	- Listing Mod bclib v3.0.14 (size: 2,2 MiB, download=true)
[19ago2025 19:11:43.136] [Server thread/INFO] [org.betterx.worlds.together.util.Logger/]: [bclib] 	- Offering Config bclib.CONFIG_betternether.main
[19ago2025 19:11:43.136] [Server thread/INFO] [org.betterx.worlds.together.util.Logger/]: [bclib] 	- Offering Config bclib.CONFIG_betternether.generator
[19ago2025 19:11:43.136] [Server thread/INFO] [org.betterx.worlds.together.util.Logger/]: [bclib] 	- Offering Config bclib.CONFIG_betternether.blocks
[19ago2025 19:11:43.136] [Server thread/INFO] [org.betterx.worlds.together.util.Logger/]: [bclib] 	- Offering Config bclib.CONFIG_betternether.items
[19ago2025 19:11:43.136] [Server thread/INFO] [org.betterx.worlds.together.util.Logger/]: [bclib] 	- Offering Config bclib.CONFIG_betternether.biomes
[19ago2025 19:11:43.136] [Server thread/INFO] [org.betterx.worlds.together.util.Logger/]: [bclib] 	- Offering Config bclib.CONFIG_betternether.mobs
[19ago2025 19:11:43.136] [Server thread/INFO] [org.betterx.worlds.together.util.Logger/]: [bclib] 	- Offering Config bclib.CONFIG_betterend.entities
[19ago2025 19:11:43.136] [Server thread/INFO] [org.betterx.worlds.together.util.Logger/]: [bclib] 	- Offering Config bclib.CONFIG_betterend.blocks
[19ago2025 19:11:43.136] [Server thread/INFO] [org.betterx.worlds.together.util.Logger/]: [bclib] 	- Offering Config bclib.CONFIG_betterend.items
[19ago2025 19:11:43.136] [Server thread/INFO] [org.betterx.worlds.together.util.Logger/]: [bclib] 	- Offering Config bclib.CONFIG_betterend.enchantments
[19ago2025 19:11:43.136] [Server thread/INFO] [org.betterx.worlds.together.util.Logger/]: [bclib] 	- Offering Config bclib.CONFIG_bclib.generator
[19ago2025 19:11:43.137] [Server thread/INFO] [org.betterx.worlds.together.util.Logger/]: [bclib] 	- Offering Config bclib.CONFIG_bclib.main
[19ago2025 19:11:43.137] [Server thread/INFO] [org.betterx.worlds.together.util.Logger/]: [bclib] 	- Offering Config bclib.CONFIG_bclib.biomes
[19ago2025 19:11:43.137] [Server thread/INFO] [org.betterx.worlds.together.util.Logger/]: [bclib] 	- Offering Folder C:\Users\LucaS\OneDrive\Desktop\Server-Modpack-1.20.1\bclib-sync (allowDelete=true)
[19ago2025 19:11:53.554] [Server thread/INFO] [AutoModpack/]: Ezezsche has installed AutoModpack.
[19ago2025 19:11:53.554] [Server thread/INFO] [AutoModpack/]: Host server is not running. Modpack will not be sent to Ezezsche
[19ago2025 19:12:02.114] [Server thread/INFO] [net.minecraft.server.players.PlayerList/]: Ezezsche[/127.68.68.28:54542] logged in with entity id 567 at (56.30000001192093, 0.0, -3281.300000011921)
[19ago2025 19:12:02.160] [Server thread/INFO] [org.betterx.worlds.together.util.Logger/]: [betternether] Freeze Registry[ResourceKey[minecraft:root / worlds_together:worldgen/betterx/surface_rules] (Stable)]
[19ago2025 19:12:02.179] [Server thread/INFO] [ModernFix/]: Using enhanced recipe sync for player Ezezsche
[19ago2025 19:12:02.217] [Server thread/INFO] [net.minecraft.server.MinecraftServer/]: Ezezsche joined the game
[19ago2025 19:12:02.260] [Server thread/INFO] [Jade/]: Syncing config to Ezezsche (a6dc4e1e-57bf-3f69-9af1-fc210388aee7)
[19ago2025 19:12:03.998] [Server thread/INFO] [ping-wheel/]: Channel update: Ezezsche -> default
[19ago2025 19:12:04.001] [Server thread/INFO] [org.betterx.worlds.together.util.Logger/]: [bclib] Received Hello from Client. (server=3.0.14, client=3.0.14)
[19ago2025 19:12:04.002] [Server thread/INFO] [org.betterx.worlds.together.util.Logger/]: [bclib] Sending Hello to Client. (server=3.0.14)
[19ago2025 19:12:04.003] [Server thread/INFO] [org.betterx.worlds.together.util.Logger/]: [bclib] 	- Listing Mod betternether v9.0.10 (size: 21,9 MiB, download=true)
[19ago2025 19:12:04.003] [Server thread/INFO] [org.betterx.worlds.together.util.Logger/]: [bclib] 	- Listing Mod bclib v3.0.14 (size: 2,2 MiB, download=true)
[19ago2025 19:12:04.005] [Server thread/INFO] [org.betterx.worlds.together.util.Logger/]: [bclib] 	- Offering Config bclib.CONFIG_betternether.main
[19ago2025 19:12:04.005] [Server thread/INFO] [org.betterx.worlds.together.util.Logger/]: [bclib] 	- Offering Config bclib.CONFIG_betternether.generator
[19ago2025 19:12:04.007] [Server thread/INFO] [org.betterx.worlds.together.util.Logger/]: [bclib] 	- Offering Config bclib.CONFIG_betternether.blocks
[19ago2025 19:12:04.007] [Server thread/INFO] [org.betterx.worlds.together.util.Logger/]: [bclib] 	- Offering Config bclib.CONFIG_betternether.items
[19ago2025 19:12:04.007] [Server thread/INFO] [org.betterx.worlds.together.util.Logger/]: [bclib] 	- Offering Config bclib.CONFIG_betternether.biomes
[19ago2025 19:12:04.007] [Server thread/INFO] [org.betterx.worlds.together.util.Logger/]: [bclib] 	- Offering Config bclib.CONFIG_betternether.mobs
[19ago2025 19:12:04.007] [Server thread/INFO] [org.betterx.worlds.together.util.Logger/]: [bclib] 	- Offering Config bclib.CONFIG_betterend.entities
[19ago2025 19:12:04.007] [Server thread/INFO] [org.betterx.worlds.together.util.Logger/]: [bclib] 	- Offering Config bclib.CONFIG_betterend.blocks
[19ago2025 19:12:04.007] [Server thread/INFO] [org.betterx.worlds.together.util.Logger/]: [bclib] 	- Offering Config bclib.CONFIG_betterend.items
[19ago2025 19:12:04.007] [Server thread/INFO] [org.betterx.worlds.together.util.Logger/]: [bclib] 	- Offering Config bclib.CONFIG_betterend.enchantments
[19ago2025 19:12:04.008] [Server thread/INFO] [org.betterx.worlds.together.util.Logger/]: [bclib] 	- Offering Config bclib.CONFIG_bclib.generator
[19ago2025 19:12:04.008] [Server thread/INFO] [org.betterx.worlds.together.util.Logger/]: [bclib] 	- Offering Config bclib.CONFIG_bclib.main
[19ago2025 19:12:04.008] [Server thread/INFO] [org.betterx.worlds.together.util.Logger/]: [bclib] 	- Offering Config bclib.CONFIG_bclib.biomes
[19ago2025 19:12:04.009] [Server thread/INFO] [org.betterx.worlds.together.util.Logger/]: [bclib] 	- Offering Folder C:\Users\LucaS\OneDrive\Desktop\Server-Modpack-1.20.1\bclib-sync (allowDelete=true)
[19ago2025 19:12:21.483] [Server thread/INFO] [net.minecraft.server.MinecraftServer/]: <DangerCreeper17> server sos un hijo de puta
[19ago2025 19:12:36.602] [Server thread/INFO] [net.minecraft.server.MinecraftServer/]: [Server] chupame la pinga SemenCreeper
[19ago2025 19:12:46.551] [Server thread/INFO] [net.minecraft.server.MinecraftServer/]: <DangerCreeper17> server de mierda
[19ago2025 19:12:53.398] [Server thread/INFO] [net.minecraft.server.MinecraftServer/]: <DangerCreeper17> el de ander es mas chll
[19ago2025 19:12:55.848] [Server thread/INFO] [net.minecraft.server.MinecraftServer/]: [Server] kick DangerCreeper17
[19ago2025 19:13:24.402] [Server thread/INFO] [Chunk Activity Tracker/]: Saving data for 8235 chunks for dimension 'overworld' took 23 milliseconds
[19ago2025 19:17:21.858] [Server thread/WARN] [net.minecraft.server.network.ServerGamePacketListenerImpl/]: Ezezsche moved too quickly! 9.212760502125718,0.41999998688697815,4.566143578702395
[19ago2025 19:17:44.400] [Server thread/INFO] [net.minecraft.server.MinecraftServer/]: <Ezezsche> 5
[19ago2025 19:18:00.517] [Server thread/INFO] [net.minecraft.server.MinecraftServer/]: <Ezezsche> 2
[19ago2025 19:18:24.266] [Server thread/INFO] [Chunk Activity Tracker/]: Saving data for 8235 chunks for dimension 'overworld' took 28 milliseconds
[19ago2025 19:18:37.323] [Server thread/INFO] [net.minecraft.server.MinecraftServer/]: <Ezezsche> 4
[19ago2025 19:18:51.301] [Server thread/INFO] [net.minecraft.server.MinecraftServer/]: <Ezezsche> 12
[19ago2025 19:19:19.320] [Server thread/INFO] [net.minecraft.server.MinecraftServer/]: <Ezezsche> 6
[19ago2025 19:19:33.950] [Server thread/INFO] [net.minecraft.server.MinecraftServer/]: <Ezezsche> 52
[19ago2025 19:19:51.353] [Server thread/INFO] [net.minecraft.server.MinecraftServer/]: <Ezezsche> 4
[19ago2025 19:20:01.502] [Server thread/INFO] [net.minecraft.server.MinecraftServer/]: <Ezezsche> 12
[19ago2025 19:20:14.367] [Server thread/INFO] [net.minecraft.server.MinecraftServer/]: <Ezezsche> 7
[19ago2025 19:20:23.002] [Server thread/INFO] [net.minecraft.server.MinecraftServer/]: <Ezezsche> 6
[19ago2025 19:20:34.502] [Server thread/INFO] [net.minecraft.server.MinecraftServer/]: <Ezezsche> 5
[19ago2025 19:20:50.047] [Server thread/INFO] [net.minecraft.server.MinecraftServer/]: <Ezezsche> 6
[19ago2025 19:20:58.157] [Server thread/INFO] [net.minecraft.server.MinecraftServer/]: <Ezezsche> 5
[19ago2025 19:23:24.362] [Server thread/INFO] [Chunk Activity Tracker/]: Saving data for 8235 chunks for dimension 'overworld' took 31 milliseconds
[19ago2025 19:23:50.530] [Server thread/WARN] [net.minecraft.server.network.ServerGamePacketListenerImpl/]: Ezezsche moved too quickly! 7.2906403137905755,0.0,7.086726373896909
[19ago2025 19:27:33.619] [Server thread/WARN] [net.minecraft.server.network.ServerGamePacketListenerImpl/]: Ezezsche moved too quickly! 10.00146382116301,-1.0,0.922151244093584
[19ago2025 19:28:24.319] [Server thread/INFO] [Chunk Activity Tracker/]: Saving data for 8235 chunks for dimension 'overworld' took 16 milliseconds
[19ago2025 19:29:54.612] [Worker-Main-5/INFO] [dev.corgitaco.featurerecycler.FeatureRecycler/]: Starting feature recycler...
[19ago2025 19:29:54.735] [Worker-Main-5/INFO] [dev.corgitaco.featurerecycler.FeatureRecycler/]: Finished recycling features. Took 122ms
[19ago2025 19:31:07.965] [Server thread/INFO] [net.minecraft.server.MinecraftServer/]: [Server] os voy a foiar
[19ago2025 19:32:52.182] [Server thread/WARN] [net.minecraft.server.network.ServerGamePacketListenerImpl/]: Ezezsche moved too quickly! 9.981928312065747,1.252203340253729,-0.7134785935609216
[19ago2025 19:33:24.374] [Server thread/INFO] [Chunk Activity Tracker/]: Saving data for 8237 chunks for dimension 'overworld' took 24 milliseconds
[19ago2025 19:36:43.043] [Server thread/WARN] [net.minecraft.server.network.ServerGamePacketListenerImpl/]: Ezezsche moved too quickly! 10.111154585483519,0.7967356006687112,0.1039110506239922
[19ago2025 19:38:24.245] [Server thread/INFO] [Chunk Activity Tracker/]: Saving data for 8238 chunks for dimension 'overworld' took 13 milliseconds
[19ago2025 19:39:29.459] [Server thread/WARN] [net.minecraft.server.network.ServerGamePacketListenerImpl/]: Ezezsche moved too quickly! 3.0183888098423903,5.001335979112142,-8.184677155242753
[19ago2025 19:39:39.394] [Server thread/INFO] [net.minecraft.server.MinecraftServer/]: Ezezsche tried to swim in lava
[19ago2025 19:43:24.239] [Server thread/INFO] [Chunk Activity Tracker/]: Saving data for 8239 chunks for dimension 'overworld' took 16 milliseconds
[19ago2025 19:44:03.050] [Server thread/INFO] [net.minecraft.server.MinecraftServer/]: Ezezsche overheated to death
[19ago2025 19:44:55.947] [Server thread/WARN] [net.minecraft.server.network.ServerGamePacketListenerImpl/]: Ezezsche moved too quickly! 1.0527166426888783,2.249187078744683,9.914318587182606
[19ago2025 19:48:24.274] [Server thread/INFO] [Chunk Activity Tracker/]: Saving data for 8240 chunks for dimension 'overworld' took 31 milliseconds
[19ago2025 19:51:48.264] [Server thread/INFO] [net.minecraft.server.MinecraftServer/]: Ezezsche has made the advancement [Spooky Scary Skeleton]
[19ago2025 19:53:24.260] [Server thread/INFO] [Chunk Activity Tracker/]: Saving data for 8240 chunks for dimension 'overworld' took 18 milliseconds
[19ago2025 19:57:49.984] [Server thread/WARN] [net.minecraft.server.network.ServerGamePacketListenerImpl/]: Ezezsche moved too quickly! 9.937100350224966,1.1661092609382138,1.2890243413366989
[19ago2025 19:58:08.483] [Server thread/WARN] [net.minecraft.server.network.ServerGamePacketListenerImpl/]: Ezezsche moved too quickly! -10.092842129257463,1.0013359791121417,-1.1865925408778821
[19ago2025 19:58:24.242] [Server thread/INFO] [Chunk Activity Tracker/]: Saving data for 8240 chunks for dimension 'overworld' took 17 milliseconds
[19ago2025 20:02:30.860] [Server thread/WARN] [net.minecraft.server.network.ServerGamePacketListenerImpl/]: DangerCreeper17 moved too quickly! -9.582628711719735,-3.0,0.7414331077961478
[19ago2025 20:03:24.199] [Server thread/INFO] [Chunk Activity Tracker/]: Saving data for 8240 chunks for dimension 'overworld' took 16 milliseconds
[19ago2025 20:08:05.771] [Server thread/INFO] [net.minecraft.server.MinecraftServer/]: Ezezsche has made the advancement [Local Brewery]
[19ago2025 20:08:24.219] [Server thread/INFO] [Chunk Activity Tracker/]: Saving data for 8240 chunks for dimension 'overworld' took 14 milliseconds
[19ago2025 20:09:52.984] [Server thread/WARN] [net.minecraft.server.network.ServerGamePacketListenerImpl/]: Ezezsche moved too quickly! 4.6113178102751675,0.0,9.119168171301226
[19ago2025 20:13:24.259] [Server thread/INFO] [Chunk Activity Tracker/]: Saving data for 8240 chunks for dimension 'overworld' took 14 milliseconds
[19ago2025 20:16:11.205] [Server thread/INFO] [net.minecraft.server.MinecraftServer/]: Ezezsche was shot by Skeleton
[19ago2025 20:17:54.119] [Server thread/WARN] [net.minecraft.server.network.ServerGamePacketListenerImpl/]: Ezezsche moved too quickly! 1.8555256617878086,-2.130906499714527,-9.746433598066233
[19ago2025 20:18:24.177] [Server thread/INFO] [Chunk Activity Tracker/]: Saving data for 8244 chunks for dimension 'overworld' took 14 milliseconds
[19ago2025 20:19:37.460] [Server thread/WARN] [net.minecraft.server.network.ServerGamePacketListenerImpl/]: Ezezsche moved too quickly! -9.843663026795596,-0.8378585789729982,2.1204306738463856
[19ago2025 20:21:15.455] [Server thread/WARN] [net.minecraft.server.network.ServerGamePacketListenerImpl/]: Ezezsche moved too quickly! -10.086732328244096,1.0013359791121417,-0.504425631867889
[19ago2025 20:22:37.810] [Server thread/WARN] [net.minecraft.server.network.ServerGamePacketListenerImpl/]: Ezezsche moved too quickly! -10.139184925952492,-0.07840000152587834,-0.9611727332826376
[19ago2025 20:22:41.849] [Server thread/WARN] [net.minecraft.server.network.ServerGamePacketListenerImpl/]: Ezezsche was kicked for floating too long!
[19ago2025 20:22:41.917] [Server thread/INFO] [net.minecraft.server.network.ServerGamePacketListenerImpl/]: Ezezsche lost connection: Flying is not enabled on this server
[19ago2025 20:22:41.919] [Server thread/INFO] [net.minecraft.server.MinecraftServer/]: Ezezsche left the game
[19ago2025 20:23:01.423] [Server thread/INFO] [AutoModpack/]: Ezezsche has installed AutoModpack.
[19ago2025 20:23:01.424] [Server thread/INFO] [AutoModpack/]: Host server is not running. Modpack will not be sent to Ezezsche
[19ago2025 20:23:09.952] [Server thread/INFO] [net.minecraft.server.players.PlayerList/]: Ezezsche[/127.68.68.28:55941] logged in with entity id 25347 at (125.57800200808198, 72.0, -3270.9949771301317)
[19ago2025 20:23:09.986] [Server thread/INFO] [org.betterx.worlds.together.util.Logger/]: [betternether] Freeze Registry[ResourceKey[minecraft:root / worlds_together:worldgen/betterx/surface_rules] (Stable)]
[19ago2025 20:23:10.034] [Server thread/INFO] [ModernFix/]: Using enhanced recipe sync for player Ezezsche
[19ago2025 20:23:10.046] [Server thread/INFO] [net.minecraft.server.MinecraftServer/]: Ezezsche joined the game
[19ago2025 20:23:10.076] [Server thread/INFO] [Jade/]: Syncing config to Ezezsche (a6dc4e1e-57bf-3f69-9af1-fc210388aee7)
[19ago2025 20:23:11.048] [Server thread/INFO] [ping-wheel/]: Channel update: Ezezsche -> default
[19ago2025 20:23:11.054] [Server thread/INFO] [org.betterx.worlds.together.util.Logger/]: [bclib] Received Hello from Client. (server=3.0.14, client=3.0.14)
[19ago2025 20:23:11.054] [Server thread/INFO] [org.betterx.worlds.together.util.Logger/]: [bclib] Sending Hello to Client. (server=3.0.14)
[19ago2025 20:23:11.057] [Server thread/INFO] [org.betterx.worlds.together.util.Logger/]: [bclib] 	- Listing Mod betternether v9.0.10 (size: 21,9 MiB, download=true)
[19ago2025 20:23:11.058] [Server thread/INFO] [org.betterx.worlds.together.util.Logger/]: [bclib] 	- Listing Mod bclib v3.0.14 (size: 2,2 MiB, download=true)
[19ago2025 20:23:11.063] [Server thread/INFO] [org.betterx.worlds.together.util.Logger/]: [bclib] 	- Offering Config bclib.CONFIG_betternether.main
[19ago2025 20:23:11.064] [Server thread/INFO] [org.betterx.worlds.together.util.Logger/]: [bclib] 	- Offering Config bclib.CONFIG_betternether.generator
[19ago2025 20:23:11.064] [Server thread/INFO] [org.betterx.worlds.together.util.Logger/]: [bclib] 	- Offering Config bclib.CONFIG_betternether.blocks
[19ago2025 20:23:11.064] [Server thread/INFO] [org.betterx.worlds.together.util.Logger/]: [bclib] 	- Offering Config bclib.CONFIG_betternether.items
[19ago2025 20:23:11.064] [Server thread/INFO] [org.betterx.worlds.together.util.Logger/]: [bclib] 	- Offering Config bclib.CONFIG_betternether.biomes
[19ago2025 20:23:11.064] [Server thread/INFO] [org.betterx.worlds.together.util.Logger/]: [bclib] 	- Offering Config bclib.CONFIG_betternether.mobs
[19ago2025 20:23:11.064] [Server thread/INFO] [org.betterx.worlds.together.util.Logger/]: [bclib] 	- Offering Config bclib.CONFIG_betterend.entities
[19ago2025 20:23:11.064] [Server thread/INFO] [org.betterx.worlds.together.util.Logger/]: [bclib] 	- Offering Config bclib.CONFIG_betterend.blocks
[19ago2025 20:23:11.064] [Server thread/INFO] [org.betterx.worlds.together.util.Logger/]: [bclib] 	- Offering Config bclib.CONFIG_betterend.items
[19ago2025 20:23:11.065] [Server thread/INFO] [org.betterx.worlds.together.util.Logger/]: [bclib] 	- Offering Config bclib.CONFIG_betterend.enchantments
[19ago2025 20:23:11.065] [Server thread/INFO] [org.betterx.worlds.together.util.Logger/]: [bclib] 	- Offering Config bclib.CONFIG_bclib.generator
[19ago2025 20:23:11.065] [Server thread/INFO] [org.betterx.worlds.together.util.Logger/]: [bclib] 	- Offering Config bclib.CONFIG_bclib.main
[19ago2025 20:23:11.067] [Server thread/INFO] [org.betterx.worlds.together.util.Logger/]: [bclib] 	- Offering Config bclib.CONFIG_bclib.biomes
[19ago2025 20:23:11.067] [Server thread/INFO] [org.betterx.worlds.together.util.Logger/]: [bclib] 	- Offering Folder C:\Users\LucaS\OneDrive\Desktop\Server-Modpack-1.20.1\bclib-sync (allowDelete=true)
[19ago2025 20:23:24.265] [Server thread/INFO] [Chunk Activity Tracker/]: Saving data for 8244 chunks for dimension 'overworld' took 21 milliseconds
[19ago2025 20:23:33.468] [Server thread/WARN] [net.minecraft.server.MinecraftServer/]: Can't keep up! Is the server overloaded? Running 2034ms or 40 ticks behind
[19ago2025 20:28:26.276] [Server thread/INFO] [Chunk Activity Tracker/]: Saving data for 8244 chunks for dimension 'overworld' took 15 milliseconds
[19ago2025 20:30:37.119] [Server thread/INFO] [net.minecraft.server.MinecraftServer/]: Ezezsche was killed trying to hurt Zombie
[19ago2025 20:33:26.327] [Server thread/INFO] [Chunk Activity Tracker/]: Saving data for 8245 chunks for dimension 'overworld' took 18 milliseconds
[19ago2025 20:33:43.902] [Server thread/INFO] [net.minecraft.server.MinecraftServer/]: Ezezsche was slain by Zombie
[19ago2025 20:38:26.248] [Server thread/INFO] [Chunk Activity Tracker/]: Saving data for 8245 chunks for dimension 'overworld' took 17 milliseconds
[19ago2025 20:43:18.148] [Server thread/INFO] [net.minecraft.server.MinecraftServer/]: <DangerCreeper17> xaero-waypoint:Nuevo serro:N:837:74:47:7:false:0:Internal-overworld-waypoints
[19ago2025 20:43:26.184] [Server thread/INFO] [Chunk Activity Tracker/]: Saving data for 8245 chunks for dimension 'overworld' took 12 milliseconds
[19ago2025 20:47:56.703] [Server thread/INFO] [net.minecraft.server.MinecraftServer/]: Ezezsche was shot by Skeleton
[19ago2025 20:48:26.199] [Server thread/INFO] [Chunk Activity Tracker/]: Saving data for 8277 chunks for dimension 'overworld' took 13 milliseconds
[19ago2025 20:50:42.531] [Server thread/INFO] [net.minecraft.server.MinecraftServer/]: Ezezsche was doomed to fall
[19ago2025 20:53:26.432] [Server thread/INFO] [Chunk Activity Tracker/]: Saving data for 8306 chunks for dimension 'overworld' took 16 milliseconds
[19ago2025 20:58:26.225] [Server thread/INFO] [Chunk Activity Tracker/]: Saving data for 8307 chunks for dimension 'overworld' took 17 milliseconds
[19ago2025 20:59:31.103] [Server thread/INFO] [net.minecraft.server.network.ServerGamePacketListenerImpl/]: Ezezsche lost connection: Disconnected
[19ago2025 20:59:31.107] [Server thread/INFO] [net.minecraft.server.MinecraftServer/]: Ezezsche left the game
[19ago2025 20:59:46.600] [Server thread/INFO] [AutoModpack/]: Ezezsche has installed AutoModpack.
[19ago2025 20:59:46.603] [Server thread/INFO] [AutoModpack/]: Host server is not running. Modpack will not be sent to Ezezsche
[19ago2025 21:00:04.658] [Server thread/INFO] [net.minecraft.server.players.PlayerList/]: Ezezsche[/127.68.68.28:56567] logged in with entity id 42665 at (285.76949082367895, 112.0, -2694.786708790853)
[19ago2025 21:00:04.700] [Server thread/INFO] [org.betterx.worlds.together.util.Logger/]: [betternether] Freeze Registry[ResourceKey[minecraft:root / worlds_together:worldgen/betterx/surface_rules] (Stable)]
[19ago2025 21:00:04.715] [Server thread/INFO] [ModernFix/]: Using enhanced recipe sync for player Ezezsche
[19ago2025 21:00:04.729] [Server thread/INFO] [net.minecraft.server.MinecraftServer/]: Ezezsche joined the game
[19ago2025 21:00:04.760] [Server thread/INFO] [Jade/]: Syncing config to Ezezsche (a6dc4e1e-57bf-3f69-9af1-fc210388aee7)
[19ago2025 21:00:05.924] [Server thread/INFO] [ping-wheel/]: Channel update: Ezezsche -> default
[19ago2025 21:00:05.929] [Server thread/INFO] [org.betterx.worlds.together.util.Logger/]: [bclib] Received Hello from Client. (server=3.0.14, client=3.0.14)
[19ago2025 21:00:05.929] [Server thread/INFO] [org.betterx.worlds.together.util.Logger/]: [bclib] Sending Hello to Client. (server=3.0.14)
[19ago2025 21:00:05.932] [Server thread/INFO] [org.betterx.worlds.together.util.Logger/]: [bclib] 	- Listing Mod betternether v9.0.10 (size: 21,9 MiB, download=true)
[19ago2025 21:00:05.933] [Server thread/INFO] [org.betterx.worlds.together.util.Logger/]: [bclib] 	- Listing Mod bclib v3.0.14 (size: 2,2 MiB, download=true)
[19ago2025 21:00:05.937] [Server thread/INFO] [org.betterx.worlds.together.util.Logger/]: [bclib] 	- Offering Config bclib.CONFIG_betternether.main
[19ago2025 21:00:05.937] [Server thread/INFO] [org.betterx.worlds.together.util.Logger/]: [bclib] 	- Offering Config bclib.CONFIG_betternether.generator
[19ago2025 21:00:05.937] [Server thread/INFO] [org.betterx.worlds.together.util.Logger/]: [bclib] 	- Offering Config bclib.CONFIG_betternether.blocks
[19ago2025 21:00:05.937] [Server thread/INFO] [org.betterx.worlds.together.util.Logger/]: [bclib] 	- Offering Config bclib.CONFIG_betternether.items
[19ago2025 21:00:05.937] [Server thread/INFO] [org.betterx.worlds.together.util.Logger/]: [bclib] 	- Offering Config bclib.CONFIG_betternether.biomes
[19ago2025 21:00:05.937] [Server thread/INFO] [org.betterx.worlds.together.util.Logger/]: [bclib] 	- Offering Config bclib.CONFIG_betternether.mobs
[19ago2025 21:00:05.937] [Server thread/INFO] [org.betterx.worlds.together.util.Logger/]: [bclib] 	- Offering Config bclib.CONFIG_betterend.entities
[19ago2025 21:00:05.937] [Server thread/INFO] [org.betterx.worlds.together.util.Logger/]: [bclib] 	- Offering Config bclib.CONFIG_betterend.blocks
[19ago2025 21:00:05.937] [Server thread/INFO] [org.betterx.worlds.together.util.Logger/]: [bclib] 	- Offering Config bclib.CONFIG_betterend.items
[19ago2025 21:00:05.939] [Server thread/INFO] [org.betterx.worlds.together.util.Logger/]: [bclib] 	- Offering Config bclib.CONFIG_betterend.enchantments
[19ago2025 21:00:05.939] [Server thread/INFO] [org.betterx.worlds.together.util.Logger/]: [bclib] 	- Offering Config bclib.CONFIG_bclib.generator
[19ago2025 21:00:05.939] [Server thread/INFO] [org.betterx.worlds.together.util.Logger/]: [bclib] 	- Offering Config bclib.CONFIG_bclib.main
[19ago2025 21:00:05.939] [Server thread/INFO] [org.betterx.worlds.together.util.Logger/]: [bclib] 	- Offering Config bclib.CONFIG_bclib.biomes
[19ago2025 21:00:05.939] [Server thread/INFO] [org.betterx.worlds.together.util.Logger/]: [bclib] 	- Offering Folder C:\Users\LucaS\OneDrive\Desktop\Server-Modpack-1.20.1\bclib-sync (allowDelete=true)
[19ago2025 21:02:57.710] [Server thread/WARN] [net.minecraft.server.network.ServerGamePacketListenerImpl/]: Ezezsche moved too quickly! 3.484142937306558,2.1661092609382138,-9.287278079834778
[19ago2025 21:03:26.250] [Server thread/INFO] [Chunk Activity Tracker/]: Saving data for 8322 chunks for dimension 'overworld' took 16 milliseconds
[19ago2025 21:05:05.734] [Server thread/WARN] [net.minecraft.server.network.ServerGamePacketListenerImpl/]: Ezezsche moved too quickly! -1.014084835495055,-0.5870907195829886,-10.058176006808935
[19ago2025 21:07:46.812] [Server thread/WARN] [net.minecraft.server.network.ServerGamePacketListenerImpl/]: Ezezsche moved too quickly! -4.741650753351479,3.1661092609382138,8.45300544671045
[19ago2025 21:08:26.314] [Server thread/INFO] [Chunk Activity Tracker/]: Saving data for 8328 chunks for dimension 'overworld' took 26 milliseconds
[19ago2025 21:11:24.455] [Server thread/INFO] [net.minecraft.server.MinecraftServer/]: Ezezsche was slain by Spider
[19ago2025 21:11:30.949] [Server thread/WARN] [net.minecraft.server.MinecraftServer/]: Can't keep up! Is the server overloaded? Running 2045ms or 40 ticks behind
[19ago2025 21:13:23.604] [Server thread/INFO] [net.minecraft.server.MinecraftServer/]: <Ezezsche> duernan
[19ago2025 21:13:28.273] [Server thread/INFO] [Chunk Activity Tracker/]: Saving data for 8331 chunks for dimension 'overworld' took 15 milliseconds
[19ago2025 21:14:21.008] [Server thread/INFO] [net.minecraft.server.MinecraftServer/]: Ezezsche was shot by Skeleton
[19ago2025 21:17:12.855] [Server thread/WARN] [net.minecraft.server.network.ServerGamePacketListenerImpl/]: Ezezsche moved too quickly! -10.055219380584418,-0.7531999805212024,-1.8513395556592513
[19ago2025 21:17:33.785] [Server thread/WARN] [net.minecraft.server.network.ServerGamePacketListenerImpl/]: Ezezsche moved too quickly! -9.931635759167776,-1.7531999805212024,-0.5122755092725129
[19ago2025 21:18:28.193] [Server thread/INFO] [Chunk Activity Tracker/]: Saving data for 8345 chunks for dimension 'overworld' took 16 milliseconds
[19ago2025 21:19:51.585] [Server thread/WARN] [net.minecraft.server.network.ServerGamePacketListenerImpl/]: Ezezsche moved too quickly! -9.179262232310734,1.0244240882136921,-4.2451881698066245
[19ago2025 21:22:06.776] [Server thread/WARN] [net.minecraft.server.network.ServerGamePacketListenerImpl/]: Ezezsche moved too quickly! 9.970940929610123,1.1837968405392019,1.4977251837713084
[19ago2025 21:23:28.266] [Server thread/INFO] [Chunk Activity Tracker/]: Saving data for 8353 chunks for dimension 'overworld' took 17 milliseconds
[19ago2025 21:25:15.614] [Server thread/WARN] [net.minecraft.server.network.ServerGamePacketListenerImpl/]: Ezezsche moved too quickly! 10.209955686213942,0.3116870787446828,0.4866085489984471
[19ago2025 21:27:18.866] [Server thread/WARN] [net.minecraft.server.network.ServerGamePacketListenerImpl/]: Ezezsche moved too quickly! 9.860176552427117,0.06383597911214167,-2.290418906285595
[19ago2025 21:27:26.462] [Server thread/ERROR] [net.minecraftforge.fml.loading.RuntimeDistCleaner/DISTXFORM]: Attempted to load class net/minecraft/client/renderer/block/model/BlockModel for invalid dist DEDICATED_SERVER
[19ago2025 21:27:26.466] [Server thread/WARN] [Radium Class Analysis/]: Radium Class Analysis Error: Class org.betterx.bclib.blocks.BaseBlock cannot be analysed, because getting declared methods crashes with RuntimeException: Attempted to load class net/minecraft/client/renderer/block/model/BlockModel for invalid dist DEDICATED_SERVER. This is usually caused by modded entities declaring methods that have a return type or parameter type that is annotated with @OnlyIn(Dist.CLIENT). Loading the type is not possible, because it only exists in the CLIENT environment. The recommended fix is to annotate the method with this argument or return type with the same annotation. Lithium handles this error by assuming the class cannot be included in some optimizations.
[19ago2025 21:28:28.198] [Server thread/INFO] [Chunk Activity Tracker/]: Saving data for 8399 chunks for dimension 'overworld' took 14 milliseconds
[19ago2025 21:28:46.218] [Server thread/WARN] [net.minecraft.server.network.ServerGamePacketListenerImpl/]: Ezezsche moved too quickly! -10.17872788441528,0.0,1.2352046086630253
[19ago2025 21:31:39.658] [Server thread/WARN] [net.minecraft.server.network.ServerGamePacketListenerImpl/]: Ezezsche moved too quickly! 10.083475781861353,2.1661092609382138,-0.8139986297555879
[19ago2025 21:32:47.966] [Server thread/WARN] [net.minecraft.server.network.ServerGamePacketListenerImpl/]: Ezezsche moved too quickly! 8.203039445626217,-0.7684762024129839,5.761258421385719
[19ago2025 21:33:28.408] [Server thread/INFO] [Chunk Activity Tracker/]: Saving data for 8411 chunks for dimension 'overworld' took 16 milliseconds
[19ago2025 21:37:32.012] [Server thread/INFO] [net.minecraft.server.MinecraftServer/]: DangerCreeper17 has made the advancement [Gone Bananas!]
[19ago2025 21:37:38.733] [Server thread/WARN] [net.minecraft.server.network.ServerGamePacketListenerImpl/]: Ezezsche moved too quickly! 9.829108999159303,0.7531999805212024,-2.205657930220241
[19ago2025 21:38:28.421] [Server thread/INFO] [Chunk Activity Tracker/]: Saving data for 8426 chunks for dimension 'overworld' took 18 milliseconds
[19ago2025 21:39:42.273] [Server thread/WARN] [net.minecraft.server.network.ServerGamePacketListenerImpl/]: Ezezsche moved too quickly! -3.9554433125801154,0.0,-9.304456138961996
[19ago2025 21:40:15.704] [Server thread/INFO] [net.minecraft.server.MinecraftServer/]: DangerCreeper17 has made the advancement [In Memoriam]
[19ago2025 21:42:05.722] [Server thread/WARN] [net.minecraft.server.network.ServerGamePacketListenerImpl/]: Ezezsche moved too quickly! 9.528425199027595,0.0,3.32974662759716
[19ago2025 21:42:05.730] [Server thread/WARN] [net.minecraft.server.MinecraftServer/]: Can't keep up! Is the server overloaded? Running 2096ms or 41 ticks behind
[19ago2025 21:42:26.278] [Server thread/WARN] [net.minecraft.server.network.ServerGamePacketListenerImpl/]: Ezezsche moved too quickly! 10.11789856789568,0.41999998688697815,-0.4980011852912867
[19ago2025 21:42:55.519] [Server thread/WARN] [net.minecraft.server.network.ServerGamePacketListenerImpl/]: Ezezsche moved too quickly! -10.110402323097148,1.252203340253729,-0.1391742283453823
[19ago2025 21:43:30.312] [Server thread/INFO] [Chunk Activity Tracker/]: Saving data for 8455 chunks for dimension 'overworld' took 16 milliseconds
[19ago2025 21:44:42.230] [Server thread/WARN] [net.minecraft.server.network.ServerGamePacketListenerImpl/]: Ezezsche moved too quickly! 3.6866104348791,0.24610927405123562,-9.454616020319463
[19ago2025 21:44:46.258] [Server thread/WARN] [net.minecraft.server.network.ServerGamePacketListenerImpl/]: Ezezsche was kicked for floating too long!
[19ago2025 21:44:46.304] [Server thread/INFO] [net.minecraft.server.network.ServerGamePacketListenerImpl/]: Ezezsche lost connection: Flying is not enabled on this server
[19ago2025 21:44:46.307] [Server thread/INFO] [net.minecraft.server.MinecraftServer/]: Ezezsche left the game
[19ago2025 21:44:56.111] [Server thread/INFO] [AutoModpack/]: Ezezsche has installed AutoModpack.
[19ago2025 21:44:56.112] [Server thread/INFO] [AutoModpack/]: Host server is not running. Modpack will not be sent to Ezezsche
[19ago2025 21:45:06.245] [Server thread/INFO] [net.minecraft.server.players.PlayerList/]: Ezezsche[/127.68.68.28:57335] logged in with entity id 66591 at (131.93332036496628, 72.00133597911214, -3279.044906420393)
[19ago2025 21:45:06.285] [Server thread/INFO] [org.betterx.worlds.together.util.Logger/]: [betternether] Freeze Registry[ResourceKey[minecraft:root / worlds_together:worldgen/betterx/surface_rules] (Stable)]
[19ago2025 21:45:06.300] [Server thread/INFO] [ModernFix/]: Using enhanced recipe sync for player Ezezsche
[19ago2025 21:45:06.315] [Server thread/INFO] [net.minecraft.server.MinecraftServer/]: Ezezsche joined the game
[19ago2025 21:45:06.347] [Server thread/INFO] [Jade/]: Syncing config to Ezezsche (a6dc4e1e-57bf-3f69-9af1-fc210388aee7)
[19ago2025 21:45:07.079] [Server thread/INFO] [ping-wheel/]: Channel update: Ezezsche -> default
[19ago2025 21:45:07.110] [Server thread/INFO] [org.betterx.worlds.together.util.Logger/]: [bclib] Received Hello from Client. (server=3.0.14, client=3.0.14)
[19ago2025 21:45:07.111] [Server thread/INFO] [org.betterx.worlds.together.util.Logger/]: [bclib] Sending Hello to Client. (server=3.0.14)
[19ago2025 21:45:07.112] [Server thread/INFO] [org.betterx.worlds.together.util.Logger/]: [bclib] 	- Listing Mod betternether v9.0.10 (size: 21,9 MiB, download=true)
[19ago2025 21:45:07.113] [Server thread/INFO] [org.betterx.worlds.together.util.Logger/]: [bclib] 	- Listing Mod bclib v3.0.14 (size: 2,2 MiB, download=true)
[19ago2025 21:45:07.119] [Server thread/INFO] [org.betterx.worlds.together.util.Logger/]: [bclib] 	- Offering Config bclib.CONFIG_betternether.main
[19ago2025 21:45:07.119] [Server thread/INFO] [org.betterx.worlds.together.util.Logger/]: [bclib] 	- Offering Config bclib.CONFIG_betternether.generator
[19ago2025 21:45:07.119] [Server thread/INFO] [org.betterx.worlds.together.util.Logger/]: [bclib] 	- Offering Config bclib.CONFIG_betternether.blocks
[19ago2025 21:45:07.119] [Server thread/INFO] [org.betterx.worlds.together.util.Logger/]: [bclib] 	- Offering Config bclib.CONFIG_betternether.items
[19ago2025 21:45:07.119] [Server thread/INFO] [org.betterx.worlds.together.util.Logger/]: [bclib] 	- Offering Config bclib.CONFIG_betternether.biomes
[19ago2025 21:45:07.119] [Server thread/INFO] [org.betterx.worlds.together.util.Logger/]: [bclib] 	- Offering Config bclib.CONFIG_betternether.mobs
[19ago2025 21:45:07.120] [Server thread/INFO] [org.betterx.worlds.together.util.Logger/]: [bclib] 	- Offering Config bclib.CONFIG_betterend.entities
[19ago2025 21:45:07.120] [Server thread/INFO] [org.betterx.worlds.together.util.Logger/]: [bclib] 	- Offering Config bclib.CONFIG_betterend.blocks
[19ago2025 21:45:07.120] [Server thread/INFO] [org.betterx.worlds.together.util.Logger/]: [bclib] 	- Offering Config bclib.CONFIG_betterend.items
[19ago2025 21:45:07.120] [Server thread/INFO] [org.betterx.worlds.together.util.Logger/]: [bclib] 	- Offering Config bclib.CONFIG_betterend.enchantments
[19ago2025 21:45:07.120] [Server thread/INFO] [org.betterx.worlds.together.util.Logger/]: [bclib] 	- Offering Config bclib.CONFIG_bclib.generator
[19ago2025 21:45:07.121] [Server thread/INFO] [org.betterx.worlds.together.util.Logger/]: [bclib] 	- Offering Config bclib.CONFIG_bclib.main
[19ago2025 21:45:07.121] [Server thread/INFO] [org.betterx.worlds.together.util.Logger/]: [bclib] 	- Offering Config bclib.CONFIG_bclib.biomes
[19ago2025 21:45:07.121] [Server thread/INFO] [org.betterx.worlds.together.util.Logger/]: [bclib] 	- Offering Folder C:\Users\LucaS\OneDrive\Desktop\Server-Modpack-1.20.1\bclib-sync (allowDelete=true)
[19ago2025 21:48:30.254] [Server thread/INFO] [Chunk Activity Tracker/]: Saving data for 8474 chunks for dimension 'overworld' took 17 milliseconds
[19ago2025 21:50:54.859] [Server thread/INFO] [net.minecraft.server.MinecraftServer/]: <Ezezsche> xaero-waypoint:Central Aeroespacial [Waystone]:C:123:73:-3270:12:false:0:Internal-overworld-waypoints
[19ago2025 21:51:29.976] [Server thread/INFO] [net.minecraft.server.MinecraftServer/]: Stopping the server
[19ago2025 21:51:30.038] [Server thread/INFO] [net.minecraft.server.MinecraftServer/]: Stopping server
[19ago2025 21:51:30.047] [Server thread/INFO] [net.minecraft.server.MinecraftServer/]: Saving players
[19ago2025 21:51:30.156] [Server thread/INFO] [net.minecraft.server.network.ServerGamePacketListenerImpl/]: DangerCreeper17 lost connection: Server closed
[19ago2025 21:51:30.156] [Server thread/INFO] [net.minecraft.server.MinecraftServer/]: DangerCreeper17 left the game
[19ago2025 21:51:30.209] [Server thread/INFO] [net.minecraft.server.MinecraftServer/]: Saving worlds
[19ago2025 21:51:30.645] [Server thread/INFO] [net.minecraft.server.MinecraftServer/]: Saving chunks for level 'ServerLevel[world]'/minecraft:overworld
[19ago2025 21:51:32.313] [Server thread/INFO] [net.minecraft.server.MinecraftServer/]: Saving chunks for level 'ServerLevel[world]'/adastraextra:deimos_orbit
[19ago2025 21:51:32.313] [Server thread/INFO] [net.minecraft.server.MinecraftServer/]: Saving chunks for level 'ServerLevel[world]'/ad_astra:glacio
[19ago2025 21:51:32.314] [Server thread/INFO] [net.minecraft.server.MinecraftServer/]: Saving chunks for level 'ServerLevel[world]'/ad_astra:mercury
[19ago2025 21:51:32.315] [Server thread/INFO] [net.minecraft.server.MinecraftServer/]: Saving chunks for level 'ServerLevel[world]'/ad_astra:moon
[19ago2025 21:51:32.315] [Server thread/INFO] [net.minecraft.server.MinecraftServer/]: Saving chunks for level 'ServerLevel[world]'/adastraextra:adrastea_orbit
[19ago2025 21:51:32.317] [Server thread/INFO] [net.minecraft.server.MinecraftServer/]: Saving chunks for level 'ServerLevel[world]'/ad_astra:moon_orbit
[19ago2025 21:51:32.317] [Server thread/INFO] [net.minecraft.server.MinecraftServer/]: Saving chunks for level 'ServerLevel[world]'/ad_astra:venus
[19ago2025 21:51:32.318] [Server thread/INFO] [net.minecraft.server.MinecraftServer/]: Saving chunks for level 'ServerLevel[world]'/adastraextra:saturn_orbit
[19ago2025 21:51:32.318] [Server thread/INFO] [net.minecraft.server.MinecraftServer/]: Saving chunks for level 'ServerLevel[world]'/ad_astra:glacio_orbit
[19ago2025 21:51:32.318] [Server thread/INFO] [net.minecraft.server.MinecraftServer/]: Saving chunks for level 'ServerLevel[world]'/ad_astra:mercury_orbit
[19ago2025 21:51:32.319] [Server thread/INFO] [net.minecraft.server.MinecraftServer/]: Saving chunks for level 'ServerLevel[world]'/adastraextra:metis_orbit
[19ago2025 21:51:32.319] [Server thread/INFO] [net.minecraft.server.MinecraftServer/]: Saving chunks for level 'ServerLevel[world]'/adastraextra:jupiter_orbit
[19ago2025 21:51:32.320] [Server thread/INFO] [net.minecraft.server.MinecraftServer/]: Saving chunks for level 'ServerLevel[world]'/adastraextra:thebe
[19ago2025 21:51:32.320] [Server thread/INFO] [net.minecraft.server.MinecraftServer/]: Saving chunks for level 'ServerLevel[world]'/ad_astra:earth_orbit
[19ago2025 21:51:32.322] [Server thread/INFO] [net.minecraft.server.MinecraftServer/]: Saving chunks for level 'ServerLevel[world]'/adastraextra:phobos_orbit
[19ago2025 21:51:32.322] [Server thread/INFO] [net.minecraft.server.MinecraftServer/]: Saving chunks for level 'ServerLevel[world]'/minecraft:the_nether
[19ago2025 21:51:32.323] [Server thread/INFO] [net.minecraft.server.MinecraftServer/]: Saving chunks for level 'ServerLevel[world]'/adastraextra:saturn
[19ago2025 21:51:32.323] [Server thread/INFO] [net.minecraft.server.MinecraftServer/]: Saving chunks for level 'ServerLevel[world]'/adastraextra:phobos
[19ago2025 21:51:32.324] [Server thread/INFO] [net.minecraft.server.MinecraftServer/]: Saving chunks for level 'ServerLevel[world]'/adastraextra:amalthea
[19ago2025 21:51:32.324] [Server thread/INFO] [net.minecraft.server.MinecraftServer/]: Saving chunks for level 'ServerLevel[world]'/ad_astra:venus_orbit
[19ago2025 21:51:32.325] [Server thread/INFO] [net.minecraft.server.MinecraftServer/]: Saving chunks for level 'ServerLevel[world]'/ad_astra:mars_orbit
[19ago2025 21:51:32.325] [Server thread/INFO] [net.minecraft.server.MinecraftServer/]: Saving chunks for level 'ServerLevel[world]'/minecraft:the_end
[19ago2025 21:51:32.326] [Server thread/INFO] [net.minecraft.server.MinecraftServer/]: Saving chunks for level 'ServerLevel[world]'/adastraextra:adrastea
[19ago2025 21:51:32.327] [Server thread/INFO] [net.minecraft.server.MinecraftServer/]: Saving chunks for level 'ServerLevel[world]'/adastraextra:amalthea_orbit
[19ago2025 21:51:32.327] [Server thread/INFO] [net.minecraft.server.MinecraftServer/]: Saving chunks for level 'ServerLevel[world]'/adastraextra:jupiter
[19ago2025 21:51:32.328] [Server thread/INFO] [net.minecraft.server.MinecraftServer/]: Saving chunks for level 'ServerLevel[world]'/ad_astra:mars
[19ago2025 21:51:32.328] [Server thread/INFO] [net.minecraft.server.MinecraftServer/]: Saving chunks for level 'ServerLevel[world]'/adastraextra:neptune_orbit
[19ago2025 21:51:32.328] [Server thread/INFO] [net.minecraft.server.MinecraftServer/]: Saving chunks for level 'ServerLevel[world]'/adastraextra:neptune
[19ago2025 21:51:32.329] [Server thread/INFO] [net.minecraft.server.MinecraftServer/]: Saving chunks for level 'ServerLevel[world]'/deeperdarker:otherside
[19ago2025 21:51:32.329] [Server thread/INFO] [net.minecraft.server.MinecraftServer/]: Saving chunks for level 'ServerLevel[world]'/adastraextra:metis
[19ago2025 21:51:32.330] [Server thread/INFO] [net.minecraft.server.MinecraftServer/]: Saving chunks for level 'ServerLevel[world]'/adastraextra:thebe_orbit
[19ago2025 21:51:32.330] [Server thread/INFO] [net.minecraft.server.MinecraftServer/]: Saving chunks for level 'ServerLevel[world]'/adastraextra:uranus
[19ago2025 21:51:32.331] [Server thread/INFO] [net.minecraft.server.MinecraftServer/]: Saving chunks for level 'ServerLevel[world]'/adastraextra:uranus_orbit
[19ago2025 21:51:32.331] [Server thread/INFO] [net.minecraft.server.MinecraftServer/]: Saving chunks for level 'ServerLevel[world]'/adastraextra:deimos
[19ago2025 21:51:32.533] [Server thread/INFO] [net.minecraft.server.MinecraftServer/]: ThreadedAnvilChunkStorage (world): All chunks are saved
[19ago2025 21:51:32.534] [Server thread/INFO] [net.minecraft.server.MinecraftServer/]: ThreadedAnvilChunkStorage (deimos_orbit): All chunks are saved
[19ago2025 21:51:32.534] [Server thread/INFO] [net.minecraft.server.MinecraftServer/]: ThreadedAnvilChunkStorage (glacio): All chunks are saved
[19ago2025 21:51:32.534] [Server thread/INFO] [net.minecraft.server.MinecraftServer/]: ThreadedAnvilChunkStorage (mercury): All chunks are saved
[19ago2025 21:51:32.534] [Server thread/INFO] [net.minecraft.server.MinecraftServer/]: ThreadedAnvilChunkStorage (moon): All chunks are saved
[19ago2025 21:51:32.534] [Server thread/INFO] [net.minecraft.server.MinecraftServer/]: ThreadedAnvilChunkStorage (adrastea_orbit): All chunks are saved
[19ago2025 21:51:32.534] [Server thread/INFO] [net.minecraft.server.MinecraftServer/]: ThreadedAnvilChunkStorage (moon_orbit): All chunks are saved
[19ago2025 21:51:32.534] [Server thread/INFO] [net.minecraft.server.MinecraftServer/]: ThreadedAnvilChunkStorage (venus): All chunks are saved
[19ago2025 21:51:32.535] [Server thread/INFO] [net.minecraft.server.MinecraftServer/]: ThreadedAnvilChunkStorage (saturn_orbit): All chunks are saved
[19ago2025 21:51:32.535] [Server thread/INFO] [net.minecraft.server.MinecraftServer/]: ThreadedAnvilChunkStorage (glacio_orbit): All chunks are saved
[19ago2025 21:51:32.535] [Server thread/INFO] [net.minecraft.server.MinecraftServer/]: ThreadedAnvilChunkStorage (mercury_orbit): All chunks are saved
[19ago2025 21:51:32.535] [Server thread/INFO] [net.minecraft.server.MinecraftServer/]: ThreadedAnvilChunkStorage (metis_orbit): All chunks are saved
[19ago2025 21:51:32.535] [Server thread/INFO] [net.minecraft.server.MinecraftServer/]: ThreadedAnvilChunkStorage (jupiter_orbit): All chunks are saved
[19ago2025 21:51:32.535] [Server thread/INFO] [net.minecraft.server.MinecraftServer/]: ThreadedAnvilChunkStorage (thebe): All chunks are saved
[19ago2025 21:51:32.535] [Server thread/INFO] [net.minecraft.server.MinecraftServer/]: ThreadedAnvilChunkStorage (earth_orbit): All chunks are saved
[19ago2025 21:51:32.535] [Server thread/INFO] [net.minecraft.server.MinecraftServer/]: ThreadedAnvilChunkStorage (phobos_orbit): All chunks are saved
[19ago2025 21:51:32.535] [Server thread/INFO] [net.minecraft.server.MinecraftServer/]: ThreadedAnvilChunkStorage (DIM-1): All chunks are saved
[19ago2025 21:51:32.535] [Server thread/INFO] [net.minecraft.server.MinecraftServer/]: ThreadedAnvilChunkStorage (saturn): All chunks are saved
[19ago2025 21:51:32.536] [Server thread/INFO] [net.minecraft.server.MinecraftServer/]: ThreadedAnvilChunkStorage (phobos): All chunks are saved
[19ago2025 21:51:32.536] [Server thread/INFO] [net.minecraft.server.MinecraftServer/]: ThreadedAnvilChunkStorage (amalthea): All chunks are saved
[19ago2025 21:51:32.536] [Server thread/INFO] [net.minecraft.server.MinecraftServer/]: ThreadedAnvilChunkStorage (venus_orbit): All chunks are saved
[19ago2025 21:51:32.536] [Server thread/INFO] [net.minecraft.server.MinecraftServer/]: ThreadedAnvilChunkStorage (mars_orbit): All chunks are saved
[19ago2025 21:51:32.537] [Server thread/INFO] [net.minecraft.server.MinecraftServer/]: ThreadedAnvilChunkStorage (DIM1): All chunks are saved
[19ago2025 21:51:32.537] [Server thread/INFO] [net.minecraft.server.MinecraftServer/]: ThreadedAnvilChunkStorage (adrastea): All chunks are saved
[19ago2025 21:51:32.537] [Server thread/INFO] [net.minecraft.server.MinecraftServer/]: ThreadedAnvilChunkStorage (amalthea_orbit): All chunks are saved
[19ago2025 21:51:32.537] [Server thread/INFO] [net.minecraft.server.MinecraftServer/]: ThreadedAnvilChunkStorage (jupiter): All chunks are saved
[19ago2025 21:51:32.537] [Server thread/INFO] [net.minecraft.server.MinecraftServer/]: ThreadedAnvilChunkStorage (mars): All chunks are saved
[19ago2025 21:51:32.537] [Server thread/INFO] [net.minecraft.server.MinecraftServer/]: ThreadedAnvilChunkStorage (neptune_orbit): All chunks are saved
[19ago2025 21:51:32.537] [Server thread/INFO] [net.minecraft.server.MinecraftServer/]: ThreadedAnvilChunkStorage (neptune): All chunks are saved
[19ago2025 21:51:32.537] [Server thread/INFO] [net.minecraft.server.MinecraftServer/]: ThreadedAnvilChunkStorage (otherside): All chunks are saved
[19ago2025 21:51:32.537] [Server thread/INFO] [net.minecraft.server.MinecraftServer/]: ThreadedAnvilChunkStorage (metis): All chunks are saved
[19ago2025 21:51:32.537] [Server thread/INFO] [net.minecraft.server.MinecraftServer/]: ThreadedAnvilChunkStorage (thebe_orbit): All chunks are saved
[19ago2025 21:51:32.537] [Server thread/INFO] [net.minecraft.server.MinecraftServer/]: ThreadedAnvilChunkStorage (uranus): All chunks are saved
[19ago2025 21:51:32.537] [Server thread/INFO] [net.minecraft.server.MinecraftServer/]: ThreadedAnvilChunkStorage (uranus_orbit): All chunks are saved
[19ago2025 21:51:32.537] [Server thread/INFO] [net.minecraft.server.MinecraftServer/]: ThreadedAnvilChunkStorage (deimos): All chunks are saved
[19ago2025 21:51:32.537] [Server thread/INFO] [net.minecraft.server.MinecraftServer/]: ThreadedAnvilChunkStorage: All dimensions are saved
[19ago2025 21:51:32.657] [Server thread/INFO] [Chunk Activity Tracker/]: Server stopping, clearing chunk activity tracking map.
[19ago2025 21:51:32.744] [Server thread/INFO] [Framework/]: Unloading server configs...
[19ago2025 21:51:32.750] [Server thread/INFO] [Framework/]: Sending config unload event for backpacked.server.toml
[19ago2025 21:51:32.752] [Server thread/INFO] [Framework/]: Sending config unload event for goblintraders-entities.toml
[19ago2025 21:51:32.753] [Server thread/INFO] [Framework/]: Finished unloading server configs
